<clockskin>
    <drawable>
        <name>image1.png</name>
    </drawable>
    <drawable>
        <name>digital1.xml</name>
        <arraytype>10</arraytype>
        <centerX>64</centerX>
        <centerY>46</centerY>
    </drawable>
    <drawable>
        <name>digital2.xml</name>
        <arraytype>11</arraytype>
        <centerX>54</centerX>
        <centerY>110</centerY>
    </drawable>
    <drawable>
        <name>digital3.xml</name>
        <arraytype>19</arraytype>
        <centerX>64</centerX>
        <centerY>79</centerY>
    </drawable>
    <drawable>
        <name>digital4.xml</name>
        <arraytype>10</arraytype>
        <centerX>143</centerX>
        <centerY>69</centerY>
    </drawable>
    <drawable>
        <name>digital5.xml</name>
        <arraytype>5</arraytype>
        <centerX>-72</centerX>
        <centerY>-20</centerY>
    </drawable>
    <drawable>
        <name>digital6.xml</name>
        <arraytype>14</arraytype>
        <centerX>-56</centerX>
        <centerY>137</centerY>
    </drawable>
    <drawable>
        <name>image2.png</name>
    </drawable>
    <drawable>
        <name>digital7.xml</name>
        <arraytype>6</arraytype>
        <centerX>-10</centerX>
        <centerY>-98</centerY>
    </drawable>
    <drawable>
        <name>image3.png</name>
    </drawable>
    <drawable>
        <name>digital8.xml</name>
        <arraytype>14</arraytype>
        <centerX>32</centerX>
        <centerY>-31</centerY>
    </drawable>
    <drawable>
        <name>digital9.xml</name>
        <arraytype>9</arraytype>
        <centerX>112</centerX>
        <centerY>-85</centerY>
    </drawable>
    <drawable>
        <name>digital10.xml</name>
        <arraytype>13</arraytype>
        <centerX>134</centerX>
        <centerY>-40</centerY>
    </drawable>
    <drawable>
        <name>image4.png</name>
    </drawable>
    <drawable>
        <name>digital11.xml</name>
        <arraytype>2</arraytype>
        <centerX>-110</centerX>
        <centerY>-41</centerY>
    </drawable>
    <drawable>
        <name>digital12.xml</name>
        <arraytype>5</arraytype>
        <centerX>-26</centerX>
        <centerY>-41</centerY>
    </drawable>
    <drawable>
        <name>image5.png</name>
    </drawable>
    <drawable>
        <name>digital13.xml</name>
        <arraytype>12</arraytype>
        <centerX>81</centerX>
        <centerY>12</centerY>
    </drawable>
    <drawable>
        <name>digital14.xml</name>
        <arraytype>8</arraytype>
        <centerX>-42</centerX>
        <centerY>11</centerY>
    </drawable>
    <drawable>
        <name>digital15.xml</name>
        <arraytype>9</arraytype>
        <centerX>-87</centerX>
        <centerY>11</centerY>
    </drawable>
    <drawable>
        <name>image6.png</name>
    </drawable>
</clockskin>
