<?xml version="1.0" encoding="utf-8"?>
<clockskin>
	<drawable>
		<name>dsgfdg.png</name>
	</drawable>
	<drawable>
		<name>afsdgg_1.png</name>
		<rotate>3</rotate>
		<centerX>58</centerX>
		<centerY>124</centerY>
		<mulrotate>7</mulrotate>
	</drawable>
	<drawable>
		<name>fsfa.png</name>
		<rotate>3</rotate>
		<direction>1</direction>
	</drawable>
	<drawable>
		<name>hm.xml</name>
		<arraytype>6</arraytype>
	</drawable>
	<drawable>
		<name>dsfdsf.png</name>
		<rotate>3</rotate>
		<centerX>1</centerX>
		<centerY>-73</centerY>
		<direction>2</direction>
		<mulrotate>4</mulrotate>
	</drawable>
	<drawable>
		<name>afsdgg.png</name>
		<rotate>3</rotate>
		<centerX>92</centerX>
		<centerY>94</centerY>
		<direction>1</direction>
		<mulrotate>4</mulrotate>
	</drawable>
<!--COMMENTED BY ClockSkinMaker
<metadata gui='rra' version='1.6.0.0'/>
-->
</clockskin>