<?xml version="1.0" encoding="utf-8"?>
<clockskin>
	<drawable>
		<name>rota.png</name>
		<rotate>3</rotate>
		<mulrotate>15</mulrotate>
	</drawable>
	<drawable>
		<name>backup.png</name>
	</drawable>
	<drawable>
		<name>day.xml</name>
		<arraytype>4</arraytype>
		<centerX>-78</centerX>
		<centerY>-73</centerY>
	</drawable>
	<drawable>
		<name>day_1.xml</name>
		<arraytype>6</arraytype>
		<centerX>97</centerX>
		<centerY>-16</centerY>
	</drawable>
	<drawable>
		<name>day_1_1.xml</name>
		<arraytype>6</arraytype>
		<centerX>-60</centerX>
		<centerY>-98</centerY>
	</drawable>
	<drawable>
		<name>wd.xml</name>
		<arraytype>5</arraytype>
		<centerX>-78</centerX>
		<centerY>-45</centerY>
	</drawable>
	<drawable>
		<name>day_1_1_1_1.xml</name>
		<arraytype>12</arraytype>
		<centerX>7</centerX>
		<centerY>102</centerY>
	</drawable>
	<drawable>
		<name>day_1_1_1_2.xml</name>
		<arraytype>13</arraytype>
		<centerX>11</centerX>
		<centerY>78</centerY>
	</drawable>
	<drawable>
		<name>day_1_1_1.xml</name>
		<arraytype>14</arraytype>
		<centerX>-100</centerX>
		<centerY>14</centerY>
	</drawable>
	<drawable>
		<name>weather_array.xml</name>
		<arraytype>10</arraytype>
		<centerX>80</centerX>
		<centerY>18</centerY>
	</drawable>
	<drawable>
		<name>day_1_1_1_2_1.xml</name>
		<arraytype>11</arraytype>
		<centerX>127</centerX>
		<centerY>18</centerY>
	</drawable>
	<drawable>
		<color>1</color>
		<arraytype>99</arraytype>
		<centerX>-129</centerX>
		<centerY>36</centerY>
	</drawable>
	<drawable>
		<name>hour.png</name>
		<rotate>1</rotate>
	</drawable>
	<drawable>
		<name>mint.png</name>
		<rotate>2</rotate>
	</drawable>
	<drawable>
		<name>sec.png</name>
		<rotate>3</rotate>
	</drawable>
	<drawable>
		<name>pin.png</name>
		<centerX>2</centerX>
	</drawable>
<!--COMMENTED BY ClockSkinMaker
<metadata gui='rra' version='1.4.0.0'/>
-->
</clockskin>