<?xml version="1.0" encoding="utf-8"?>
<clockskin>
	<drawable>
		<name>Untitled-2.png</name>
	</drawable>
	<drawable>
		<name>Hours 002.png</name>
		<rotate>1</rotate>
	</drawable>
	<drawable>
		<name>Minutes002.png</name>
		<rotate>2</rotate>
	</drawable>
	<drawable>
		<name>Seconds Hands.png</name>
		<rotate>3</rotate>
	</drawable>
	<drawable>
		<name>Date.xml</name>
		<arraytype>4</arraytype>
		<centerX>108</centerX>
	</drawable>
<!--COMMENTED BY ClockSkinMaker
<metadata gui='rra' version='1.4.0.0'/>
-->
</clockskin>