<?xml version="1.0" encoding="utf-8"?>
<clockskin>
	<drawable>
		<name>back.png</name>
	</drawable>
	<drawable>
		<name>day1.xml</name>
		<arraytype>4</arraytype>
		<centerX>124</centerX>
		<centerY>-118</centerY>
	</drawable>
	<drawable>
		<name>mon.xml</name>
		<arraytype>3</arraytype>
		<centerX>74</centerX>
		<centerY>-101</centerY>
	</drawable>
	<drawable>
		<name>wd.xml</name>
		<arraytype>5</arraytype>
		<centerX>74</centerX>
		<centerY>-130</centerY>
	</drawable>
	<drawable>
		<name>sece.xml</name>
		<arraytype>16</arraytype>
		<centerX>132</centerX>
		<centerY>-99</centerY>
	</drawable>
	<drawable>
		<name>Arista.xml</name>
		<arraytype>6</arraytype>
		<centerX>114</centerX>
		<centerY>-1</centerY>
	</drawable>
	<drawable>
		<name>sece9.xml</name>
		<arraytype>9</arraytype>
		<centerX>116</centerX>
		<centerY>46</centerY>
	</drawable>
	<drawable>
		<name>Arista_1_1_2.xml</name>
		<arraytype>12</arraytype>
		<centerX>76</centerX>
		<centerY>104</centerY>
	</drawable>
	<drawable>
		<name>Arista_1_1.xml</name>
		<arraytype>13</arraytype>
		<centerX>68</centerX>
		<centerY>142</centerY>
	</drawable>
	<drawable>
		<name>Arista_1_1_1.xml</name>
		<arraytype>14</arraytype>
		<centerX>34</centerX>
		<centerY>174</centerY>
	</drawable>
	<drawable>
		<name>sece9_1.xml</name>
		<arraytype>6</arraytype>
		<centerX>31</centerX>
		<centerY>-40</centerY>
	</drawable>
	<drawable>
		<arraytype>99</arraytype>
		<centerX>-56</centerX>
		<centerY>176</centerY>
	</drawable>
<!--COMMENTED BY ClockSkinMaker
<metadata gui='rra' version='1.4.0.0'/>
-->
</clockskin>