<?xml version="1.0" encoding="utf-8"?>
<drawables>
	<image>sece9_num_0.png</image>
	<image>sece9_num_1.png</image>
	<image>sece9_num_2.png</image>
	<image>sece9_num_3.png</image>
	<image>sece9_num_4.png</image>
	<image>sece9_num_5.png</image>
	<image>sece9_num_6.png</image>
	<image>sece9_num_7.png</image>
	<image>sece9_num_8.png</image>
	<image>sece9_num_9.png</image>
	<image>sece9_num_colon.png</image>
<!--COMMENTED BY ClockSkinMaker
<metadata gui='rra' version='1.4.0.0' type='array_second' forecolor='FFFF00' autoscale='1' shadowx='1' shadowy='1' font='Arista' fontstyle='Regular' fontsize='22.72728'>
<content>0</content>
<content>1</content>
<content>2</content>
<content>3</content>
<content>4</content>
<content>5</content>
<content>6</content>
<content>7</content>
<content>8</content>
<content>9</content>
<content>:</content>
</metadata>
-->
</drawables>