<?xml version="1.0" encoding="utf-8"?>
<drawables>
	<image>sece9_1_num_0.png</image>
	<image>sece9_1_num_1.png</image>
	<image>sece9_1_num_2.png</image>
	<image>sece9_1_num_3.png</image>
	<image>sece9_1_num_4.png</image>
	<image>sece9_1_num_5.png</image>
	<image>sece9_1_num_6.png</image>
	<image>sece9_1_num_7.png</image>
	<image>sece9_1_num_8.png</image>
	<image>sece9_1_num_9.png</image>
	<image>sece9_1_num_colon.png</image>
	<image>sece9_1_num_am.png</image>
	<image>sece9_1_num_pm.png</image>
<!--COMMENTED BY ClockSkinMaker
<metadata gui='rra' version='1.4.0.0' type='array_hourminute' forecolor='FFFF00' autoscale='1' shadowx='1' shadowy='1' font='Arista' fontstyle='Regular' fontsize='22.11303'>
<content></content>
<content></content>
<content></content>
<content></content>
<content></content>
<content></content>
<content></content>
<content></content>
<content></content>
<content></content>
<content></content>
<content>AM</content>
<content>PM</content>
</metadata>
-->
</drawables>