<?xml version="1.0" encoding="utf-8"?>
<drawables>
	<image>wd_sun.png</image>
	<image>wd_mon.png</image>
	<image>wd_tue.png</image>
	<image>wd_wed.png</image>
	<image>wd_thu.png</image>
	<image>wd_fri.png</image>
	<image>wd_sat.png</image>
<!--COMMENTED BY ClockSkinMaker
<metadata gui='rra' version='1.4.0.0' type='array_weekday' forecolor='FF2F2F' autoscale='1' font='Arista' fontstyle='Regular' fontsize='23.4701'>
<content>SUN</content>
<content>MON</content>
<content>TUE</content>
<content>WED</content>
<content>THU</content>
<content>FRI</content>
<content>SAT</content>
</metadata>
-->
</drawables>