<?xml version="1.0" encoding="utf-8"?>
<drawables>
	
	<image>B1.png</image>
	<image>B2.png</image>
	<image>B3.png</image>
	<image>B4.png</image>
	<image>B5.png</image>
	<image>B6.png</image>
	<image>B7.png</image>
	<image>B8.png</image>
	<image>B9.png</image>
	<image>B10.png</image>
<image>B101.png</image>
<image>B101.png</image>
<!--COMMENTED BY ClockSkinMaker
<metadata gui='rra' version='1.4.0.0' type='array_second' forecolor='FFFFFF' autoscale='1' font='Let's go Digital' fontstyle='Bold, Italic' fontsize='24.28703'>
<content>0</content>
<content>1</content>
<content>2</content>
<content>3</content>
<content>4</content>
<content>5</content>
<content>6</content>
<content>7</content>
<content>8</content>
<content>9</content>
<content>:</content>
</metadata>
-->
</drawables>