<?xml version="1.0" encoding="utf-8"?>
<clockskin>
	<drawable>
		<name>base_3.png</name>
	</drawable>
	<drawable>
		<name>wd.xml</name>
		<arraytype>5</arraytype>
		<centerX>98</centerX>
		<centerY>125</centerY>
	</drawable>
	<drawable>
		<name>hourmin.xml</name>
		<arraytype>6</arraytype>
		<centerX>119</centerX>
		<centerY>-4</centerY>
	</drawable>
	<drawable>
		<name>m.xml</name>
		<arraytype>3</arraytype>
		<centerX>4</centerX>
		<centerY>10</centerY>
	</drawable>
	<drawable>
		<name>day.xml</name>
		<arraytype>4</arraytype>
		<centerX>43</centerX>
		<centerY>-139</centerY>
	</drawable>
	<drawable>
		<name>ring.png</name>
	</drawable>
<!--COMMENTED BY ClockSkinMaker
<metadata gui='rra' version='2.0.0.2'/>
-->
</clockskin>