<?xml version="1.0" encoding="utf-8"?>
<clockskin>
	<drawable>
		<name>dfxz_1_1.png</name>
		<rotate>3</rotate>
		<centerX>-66</centerX>
		<centerY>-122</centerY>
		<mulrotate>5</mulrotate>
	</drawable>
	<drawable>
		<name>dfxz_2_1.png</name>
		<rotate>3</rotate>
		<centerX>6</centerX>
		<centerY>-138</centerY>
		<mulrotate>6</mulrotate>
	</drawable>
	<drawable>
		<name>dfxz_3.png</name>
		<rotate>3</rotate>
		<centerX>-12</centerX>
		<centerY>-60</centerY>
		<mulrotate>6</mulrotate>
	</drawable>
	<drawable>
		<name>dfxz_4.png</name>
		<rotate>3</rotate>
		<centerX>54</centerX>
		<centerY>-110</centerY>
		<mulrotate>6</mulrotate>
	</drawable>
	<drawable>
		<name>dfxz_5.png</name>
		<rotate>3</rotate>
		<centerX>124</centerX>
		<centerY>-104</centerY>
		<mulrotate>6</mulrotate>
	</drawable>
	<drawable>
		<name>dfxz_6.png</name>
		<rotate>3</rotate>
		<centerX>-114</centerX>
		<centerY>-54</centerY>
		<mulrotate>6</mulrotate>
	</drawable>
	<drawable>
		<name>dfxz_7.png</name>
		<rotate>3</rotate>
		<centerX>-116</centerX>
		<centerY>-106</centerY>
		<mulrotate>6</mulrotate>
	</drawable>
	<drawable>
		<name>dfxz_2.png</name>
		<rotate>3</rotate>
		<centerX>160</centerX>
		<centerY>-46</centerY>
		<mulrotate>6</mulrotate>
	</drawable>
	<drawable>
		<name>dfxz_8.png</name>
		<rotate>3</rotate>
		<centerX>144</centerX>
		<centerY>46</centerY>
		<mulrotate>6</mulrotate>
	</drawable>
	<drawable>
		<name>dfxz_9.png</name>
		<rotate>3</rotate>
		<centerX>28</centerX>
		<centerY>10</centerY>
		<mulrotate>6</mulrotate>
	</drawable>
	<drawable>
		<name>dfxz_10.png</name>
		<rotate>3</rotate>
		<centerX>82</centerX>
		<centerY>-46</centerY>
		<mulrotate>7</mulrotate>
	</drawable>
	<drawable>
		<name>dfxz_11.png</name>
		<rotate>3</rotate>
		<centerX>138</centerX>
		<centerY>-4</centerY>
		<mulrotate>6</mulrotate>
	</drawable>
	<drawable>
		<name>dfxz_1_2.png</name>
		<rotate>3</rotate>
		<centerX>42</centerX>
		<centerY>10</centerY>
		<mulrotate>6</mulrotate>
	</drawable>
	<drawable>
		<name>dfxz_1.png</name>
		<rotate>3</rotate>
		<centerX>-72</centerX>
		<centerY>4</centerY>
		<mulrotate>6</mulrotate>
	</drawable>
	<drawable>
		<name>dfxz.png</name>
		<rotate>3</rotate>
		<centerX>-48</centerX>
		<centerY>2</centerY>
		<angle>7</angle>
	</drawable>
	<drawable>
		<name>dfg.png</name>
	</drawable>
	<drawable>
		<name>sdfaf.png</name>
		<rotate>1</rotate>
	</drawable>
	<drawable>
		<name>sdfsa.png</name>
		<rotate>2</rotate>
	</drawable>
	<drawable>
		<name>vzfx.png</name>
	</drawable>
	<drawable>
		<name>dfsfa.png</name>
		<rotate>3</rotate>
	</drawable>
<!--COMMENTED BY ClockSkinMaker
<metadata gui='rra' version='1.6.0.0'/>
-->
</clockskin>