<?xml version="1.0" encoding="utf-8"?>
<clockskin>
	<drawable>
		<name>Ticks_gray.png</name>
	</drawable>
	<drawable>
		<name>Figures_orange.png</name>
	</drawable>
	<drawable>
		<name>wd day m batt bases_gray.png</name>
	</drawable>
	<drawable>
		<name>Month rotate.png</name>
		<rotate>4</rotate>
		<centerX>93</centerX>
		<centerY>-54</centerY>
		<direction>1</direction>
	</drawable>
	<drawable>
		<name>WD rotate.png</name>
		<rotate>5</rotate>
		<centerX>-93</centerX>
		<centerY>-54</centerY>
	</drawable>
	<drawable>
		<name>Batt rotate.png</name>
		<rotate>6</rotate>
		<centerX>-1</centerX>
		<centerY>105</centerY>
	</drawable>
	<drawable>
		<name>BATT ROTATE_2_1.png</name>
		<centerX>-1</centerX>
		<centerY>105</centerY>
	</drawable>
	<drawable>
		<name>BATT ROTATE_2_2.png</name>
		<centerX>-93</centerX>
		<centerY>-54</centerY>
	</drawable>
	<drawable>
		<name>BATT ROTATE_2_3.png</name>
		<centerX>93</centerX>
		<centerY>-54</centerY>
	</drawable>
	<drawable>
		<name>DAY_ARRAY.xml</name>
		<arraytype>4</arraytype>
		<centerY>147</centerY>
	</drawable>
	<drawable>
		<name>Hatch.png</name>
	</drawable>
	<drawable>
		<name>HH.png</name>
		<rotate>1</rotate>
	</drawable>
	<drawable>
		<name>MH.png</name>
		<rotate>2</rotate>
	</drawable>
	<drawable>
		<name>SH.png</name>
		<rotate>3</rotate>
	</drawable>
	<drawable>
		<name>BATT ROTATE_2.png</name>
		<rotate>3</rotate>
	</drawable>
<!--COMMENTED BY ClockSkinMaker
<metadata gui='rra' version='2.0.0.2'/>
-->
</clockskin>