<?xml version="1.0" encoding="utf-8"?>
<clockskin>
	<drawable>
		<name>fon.png</name>
	</drawable>
	<drawable>
		<name>2punct.png</name>
		<centerY>-17</centerY>
	</drawable>
	<drawable>
		<name>weak.xml</name>
		<arraytype>5</arraytype>
		<centerY>26</centerY>
	</drawable>
	<drawable>
		<name>second.png</name>
		<rotate>3</rotate>
	</drawable>
	<drawable>
		<name>day.xml</name>
		<arraytype>4</arraytype>
		<centerX>-43</centerX>
		<centerY>65</centerY>
	</drawable>
	<drawable>
		<name>steps.xml</name>
		<arraytype>12</arraytype>
		<centerY>125</centerY>
	</drawable>
	<drawable>
		<name>mound.xml</name>
		<arraytype>3</arraytype>
		<centerX>32</centerX>
		<centerY>64</centerY>
	</drawable>
	<drawable>
		<name>hour.xml</name>
		<arraytype>7</arraytype>
		<centerX>-66</centerX>
		<centerY>-20</centerY>
	</drawable>
	<drawable>
		<name>minut.xml</name>
		<arraytype>8</arraytype>
		<centerX>66</centerX>
		<centerY>-20</centerY>
	</drawable>
	<drawable>
		<name>heart.xml</name>
		<arraytype>13</arraytype>
		<centerX>-52</centerX>
		<centerY>-76</centerY>
	</drawable>
	<drawable>
		<name>bat.xml</name>
		<arraytype>14</arraytype>
		<centerX>41</centerX>
		<centerY>-81</centerY>
	</drawable>
<!--COMMENTED BY ClockSkinMaker
<metadata gui='rra' version='1.4.0.0'/>
-->
</clockskin>