<?xml version="1.0" encoding="utf-8"?>
<drawables>
	<image>mound_jan.png</image>
	<image>mound_feb.png</image>
	<image>mound_mar.png</image>
	<image>mound_apr.png</image>
	<image>mound_may.png</image>
	<image>mound_jun.png</image>
	<image>mound_jul.png</image>
	<image>mound_aug.png</image>
	<image>mound_sep.png</image>
	<image>mound_oct.png</image>
	<image>mound_nov.png</image>
	<image>mound_dec.png</image>
<!--COMMENTED BY ClockSkinMaker
<metadata gui='rra' version='1.4.0.0' type='array_month' forecolor='FFFFFF' autoscale='1' font='Bicubik' fontstyle='Regular' fontsize='19,8718'>
<content>Jan</content>
<content>Feb</content>
<content>Mar</content>
<content>Apr</content>
<content>May</content>
<content>Jun</content>
<content>Jul</content>
<content>Aug</content>
<content>Sep</content>
<content>Oct</content>
<content>Nov</content>
<content>Dec</content>
</metadata>
-->
</drawables>