<?xml version="1.0" encoding="utf-8"?>
<drawables>
	<image>weak_sun.png</image>
	<image>weak_mon.png</image>
	<image>weak_tue.png</image>
	<image>weak_wed.png</image>
	<image>weak_thu.png</image>
	<image>weak_fri.png</image>
	<image>weak_sat.png</image>
<!--COMMENTED BY ClockSkinMaker
<metadata gui='rra' version='1.4.0.0' type='array_weekday' forecolor='FFFFFF' autoscale='1' font='Bicubik' fontstyle='Regular' fontsize='19,75309'>
<content>Вс</content>
<content>Пн</content>
<content>Вт</content>
<content>Ср</content>
<content>Чт</content>
<content>Пт</content>
<content>Сб</content>
</metadata>
-->
</drawables>