<?xml version="1.0" encoding="utf-8"?>
<clockskin>
	<drawable>
		<name>dsfaf.png</name>
		<rotate>3</rotate>
		<direction>2</direction>
		<mulrotate>4</mulrotate>
	</drawable>
	<drawable>
		<name>hh.png</name>
		<rotate>1</rotate>
	</drawable>
	<drawable>
		<name>mm.png</name>
		<rotate>2</rotate>
	</drawable>
	<drawable>
		<name>s.png</name>
		<rotate>3</rotate>
		<direction>1</direction>
	</drawable>
<!--COMMENTED BY ClockSkinMaker
<metadata gui='rra' version='1.6.0.0'/>
-->
</clockskin>