<?xml version="1.0" encoding="utf-8"?>
<clockskin>
	<drawable>
		<name>BACK.png</name>
	</drawable>
	<drawable>
		<name>HATCH_BLUE.png</name>
	</drawable>
	<drawable>
		<name>FIGURES.png</name>
	</drawable>
	<drawable>
		<name>BATT ROTATE.png</name>
		<rotate>6</rotate>
	</drawable>
	<drawable>
		<name>BASE.png</name>
	</drawable>
	<drawable>
		<name>CENTER HATCH.png</name>
	</drawable>
	<drawable>
		<name>FRAME.png</name>
	</drawable>
	<drawable>
		<name>wEEKDAY.xml</name>
		<arraytype>5</arraytype>
	</drawable>
	<drawable>
		<name>DAY.xml</name>
		<arraytype>4</arraytype>
		<centerY>-67</centerY>
	</drawable>
	<drawable>
		<name>DAY AND WD FRAMES.png</name>
	</drawable>
	<drawable>
		<name>BOLT HEAD.png</name>
	</drawable>
	<drawable>
		<name>HH.png</name>
		<rotate>1</rotate>
	</drawable>
	<drawable>
		<name>MH.png</name>
		<rotate>2</rotate>
	</drawable>
	<drawable>
		<name>SH_2.png</name>
		<rotate>3</rotate>
	</drawable>
	<drawable>
		<name>center.png</name>
		<rotate>3</rotate>
	</drawable>
<!--COMMENTED BY ClockSkinMaker
<metadata gui='rra' version='2.0.0.2'/>
-->
</clockskin>