<?xml version="1.0" encoding="utf-8"?>
<clockskin>
	<drawable>
		<name>image1.png</name>
	</drawable>
	<drawable>
		<name>digital1.xml</name>
		<arraytype>6</arraytype>
		<centerY>123</centerY>
	</drawable>
	<drawable>
		<name>digital2.xml</name>
		<arraytype>2</arraytype>
		<centerX>-26</centerX>
		<centerY>170</centerY>
	</drawable>
	<drawable>
		<name>digital3.xml</name>
		<arraytype>11</arraytype>
		<centerX>41</centerX>
		<centerY>171</centerY>
	</drawable>
<!--COMMENTED BY ClockSkinMaker
<metadata gui='rra' version='1.6.0.0'/>
-->
</clockskin>