<?xml version="1.0" encoding="utf-8"?>
<drawables>
	<image>batt_1_num_0_3.png</image>
	<image>batt_1_num_1_3.png</image>
	<image>batt_1_num_2_3.png</image>
	<image>batt_1_num_3_3.png</image>
	<image>batt_1_num_4_3.png</image>
	<image>batt_1_num_5_3.png</image>
	<image>batt_1_num_6_3.png</image>
	<image>batt_1_num_7_3.png</image>
	<image>batt_1_num_8_3.png</image>
	<image>batt_1_num_9_3.png</image>
	<image>batt_1_lead_2.png</image>
<!--COMMENTED BY ClockSkinMaker
<metadata gui='rra' version='1.4.0.0' type='array_steps' autoscale='1' font='Bebas Neue' fontstyle='Regular' fontsize='27.5'>
<content>0</content>
<content>1</content>
<content>2</content>
<content>3</content>
<content>4</content>
<content>5</content>
<content>6</content>
<content>7</content>
<content>8</content>
<content>9</content>
<content>0</content>
</metadata>
-->
</drawables>