<?xml version="1.0" encoding="utf-8"?>
<clockskin>
	<drawable>
		<name>image1.png</name>
	</drawable>
        <drawable>
	        <name>ora.png</name>
		<rotate>1</rotate>
                <centerX>0</centerX>
                <centerY>0</centerY>
        </drawable>
	<drawable>
		<name>min.png</name>
		<rotate>2</rotate>
                <centerX>0</centerX>
                <centerY>0</centerY>
        </drawable>
        <drawable>
		<name>sec.png</name>
		<rotate>3</rotate>
                <centerX>0</centerX>
                <centerY>0</centerY>
	</drawable>
<metadata gui='rra' version='1.6.0.0'/>
-->
</clockskin>