<?xml version="1.0" encoding="utf-8"?>
<clockskin>
	<drawable>
		<name>clock_skin_panel.png</name>
	</drawable>
	<drawable>
		<name>day_array.xml</name>
		<arraytype>4</arraytype>
		<centerY>-123</centerY>
	</drawable>
	<drawable>
		<name>clock_skin_top.png</name>
	</drawable>
	<drawable>
		<name>clock_skin_hour.png</name>
		<rotate>1</rotate>
	</drawable>
	<drawable>
		<name>clock_skin_minute.png</name>
		<rotate>2</rotate>
	</drawable>
	<drawable>
		<name>clock_skin_second.png</name>
		<rotate>3</rotate>
	</drawable>
	<drawable>
		<name>clock_skin_shade.png</name>
	</drawable>
	<drawable>
		<name>clock_skin_top1.png</name>
	</drawable>
	<drawable>
		<name>HOUR.xml</name>
		<arraytype>7</arraytype>
		<centerY>-81</centerY>
	</drawable>
	<drawable>
		<name>MINUTE.xml</name>
		<arraytype>8</arraytype>
		<centerY>-14</centerY>
	</drawable>
	<drawable>
		<name>day.xml</name>
		<arraytype>4</arraytype>
		<centerX>-57</centerX>
		<centerY>72</centerY>
	</drawable>
	<drawable>
		<name>Month.xml</name>
		<arraytype>3</arraytype>
		<centerX>-15</centerX>
		<centerY>72</centerY>
	</drawable>
	<drawable>
		<name>Year.xml</name>
		<arraytype>16</arraytype>
		<centerX>39</centerX>
		<centerY>72</centerY>
	</drawable>
	<drawable>
		<name>Second.xml</name>
		<arraytype>9</arraytype>
		<centerY>41</centerY>
	</drawable>
	<drawable>
		<name>Battery.xml</name>
		<arraytype>14</arraytype>
	</drawable>
	<drawable>
		<name>clock_skin_hour1.png</name>
		<rotate>1</rotate>
	</drawable>
	<drawable>
		<name>clock_skin_minute1.png</name>
		<rotate>2</rotate>
	</drawable>
	<drawable>
		<name>Steps.xml</name>
		<arraytype>12</arraytype>
		<centerX>-73</centerX>
		<centerY>44</centerY>
	</drawable>
	<drawable>
		<name>Heart.xml</name>
		<arraytype>13</arraytype>
		<centerX>72</centerX>
		<centerY>43</centerY>
	</drawable>
<!--COMMENTED BY ClockSkinMaker
<metadata gui='rra' version='1.6.0.0'/>
-->
</clockskin>