<?xml version="1.0" encoding="utf-8"?>
<drawables>
	<image>clock_skin_1_num_02.png</image>
	<image>clock_skin_1_num_12.png</image>
	<image>clock_skin_1_num_22.png</image>
	<image>clock_skin_1_num_32.png</image>
	<image>clock_skin_1_num_42.png</image>
	<image>clock_skin_1_num_52.png</image>
	<image>clock_skin_1_num_62.png</image>
	<image>clock_skin_1_num_72.png</image>
	<image>clock_skin_1_num_82.png</image>
	<image>clock_skin_1_num_92.png</image>
	<image>clock_skin_2_num_colon_22.png</image>
</drawables>