<?xml version="1.0" encoding="utf-8"?>
<clockskin>
	<drawable>
		<name>Batt indic red back.png</name>
		<centerY>10</centerY>
	</drawable>
	<drawable>
		<name>Batt rotate.png</name>
		<rotate>6</rotate>
		<direction>2</direction>
		<mulrotate>-2</mulrotate>
	</drawable>
	<drawable>
		<name>black back.png</name>
	</drawable>
	<drawable>
		<name>Sec ring_1.png</name>
	</drawable>
	<drawable>
		<name>Sec ring.png</name>
	</drawable>
	<drawable>
		<name>A_sec.xml</name>
		<arraytype>9</arraytype>
		<centerX>-200</centerX>
	</drawable>
	<drawable>
		<name>B_sec.xml</name>
		<arraytype>9</arraytype>
		<centerX>200</centerX>
	</drawable>
	<drawable>
		<name>12.png</name>
	</drawable>
	<drawable>
		<name>sec frame_black.png</name>
	</drawable>
	<drawable>
		<name>Base.png</name>
	</drawable>
	<drawable>
		<name>A_HM.xml</name>
		<arraytype>6</arraytype>
	</drawable>
	<drawable>
		<name>A_Day.xml</name>
		<arraytype>4</arraytype>
		<centerY>-145</centerY>
	</drawable>
	<drawable>
		<name>WD.xml</name>
		<arraytype>5</arraytype>
	</drawable>
	<drawable>
		<name>Month.xml</name>
		<arraytype>3</arraytype>
		<centerY>-1</centerY>
	</drawable>
<!--COMMENTED BY ClockSkinMaker
<metadata gui='rra' version='2.0.0.2'/>
-->
</clockskin>