<?xml version="1.0" encoding="utf-8"?>
<clockskin>
	<drawable>
		<name>Base.png</name>
	</drawable>
	<drawable>
		<name>HATCH_5.png</name>
	</drawable>
	<drawable>
		<name>Ticks.png</name>
	</drawable>
	<drawable>
		<name>Figures.png</name>
	</drawable>
	<drawable>
		<name>WD ROTATE.png</name>
		<rotate>5</rotate>
		<centerY>-43</centerY>
	</drawable>
	<drawable>
		<name>MONTH ROTATE.png</name>
		<rotate>4</rotate>
		<centerY>42</centerY>
	</drawable>
	<drawable>
		<name>BATT AND DAY FRAMES.png</name>
	</drawable>
	<drawable>
		<name>DAY.xml</name>
		<arraytype>4</arraytype>
		<centerX>140</centerX>
	</drawable>
	<drawable>
		<name>FRAME_1.png</name>
		<centerY>-42</centerY>
	</drawable>
	<drawable>
		<name>FRAME.png</name>
		<centerY>43</centerY>
	</drawable>
	<drawable>
		<name>BATT LEVEL.xml</name>
		<arraytype>14</arraytype>
		<centerX>-139</centerX>
	</drawable>
	<drawable>
		<name>HH.png</name>
		<rotate>1</rotate>
	</drawable>
	<drawable>
		<name>MH.png</name>
		<rotate>2</rotate>
	</drawable>
	<drawable>
		<name>SH.png</name>
		<rotate>3</rotate>
	</drawable>
	<drawable>
		<name>center.png</name>
		<rotate>3</rotate>
	</drawable>
<!--COMMENTED BY ClockSkinMaker
<metadata gui='rra' version='2.0.0.2'/>
-->
</clockskin>