<?xml version="1.0" encoding="utf-8"?>
<clockskin>
	<drawable>
		<name>BACK.png</name>
		<centerX>1</centerX>
	</drawable>
	<drawable>
		<name>WD mask_left.png</name>
	</drawable>
	<drawable>
		<name>WD mask.png</name>
	</drawable>
	<drawable>
		<name>WD BATT DAY MONTH BASES_2.png</name>
	</drawable>
	<drawable>
		<name>BATT AND WD DATA.png</name>
	</drawable>
	<drawable>
		<name>BATT ROTATE.png</name>
		<rotate>6</rotate>
		<centerX>-71</centerX>
	</drawable>
	<drawable>
		<name>60 TICKS.png</name>
	</drawable>
	<drawable>
		<name>12 TICKS.png</name>
	</drawable>
	<drawable>
		<name>WD.xml</name>
		<arraytype>5</arraytype>
	</drawable>
	<drawable>
		<name>60 TICKS FRAME.png</name>
	</drawable>
	<drawable>
		<name>FIGURES.png</name>
	</drawable>
	<drawable>
		<name>WD BATT DAY MONTH BASES frame.png</name>
	</drawable>
	<drawable>
		<name>Month.xml</name>
		<arraytype>3</arraytype>
	</drawable>
	<drawable>
		<name>DAY.xml</name>
		<arraytype>4</arraytype>
		<centerY>80</centerY>
	</drawable>
	<drawable>
		<name>HH_green.png</name>
		<rotate>1</rotate>
	</drawable>
	<drawable>
		<name>MH_green.png</name>
		<rotate>2</rotate>
	</drawable>
	<drawable>
		<name>SH.png</name>
		<rotate>3</rotate>
	</drawable>
	<drawable>
		<name>center.png</name>
		<rotate>3</rotate>
	</drawable>
<!--COMMENTED BY ClockSkinMaker
<metadata gui='rra' version='2.0.0.2'/>
-->
</clockskin>