<?xml version="1.0" encoding="utf-8"?>
<clockskin>
	<drawable>
		<name>di3.png</name>
	</drawable>
	<drawable>
		<name>dd.png</name>
		<rotate>3</rotate>
		<centerX>99</centerX>
		<mulrotate>4</mulrotate>
	</drawable>
	<drawable>
		<name>c1.png</name>
		<rotate>3</rotate>
		<centerX>-122</centerX>
		<centerY>-2</centerY>
		<direction>1</direction>
		<mulrotate>7</mulrotate>
	</drawable>
	<drawable>
		<name>c2.png</name>
		<rotate>3</rotate>
		<centerX>-59</centerX>
		<centerY>14</centerY>
		<direction>1</direction>
		<mulrotate>4</mulrotate>
	</drawable>
	<drawable>
		<name>c3.png</name>
		<rotate>3</rotate>
		<centerX>10</centerX>
		<centerY>-10</centerY>
		<direction>1</direction>
		<mulrotate>1</mulrotate>
	</drawable>
	<drawable>
		<name>hh.xml</name>
		<arraytype>6</arraytype>
		<centerX>2</centerX>
		<centerY>103</centerY>
	</drawable>
	<drawable>
		<name>sss.xml</name>
		<arraytype>9</arraytype>
		<centerX>-24</centerX>
		<centerY>-81</centerY>
	</drawable>
	<drawable>
		<name>day.xml</name>
		<arraytype>4</arraytype>
		<centerX>99</centerX>
		<centerY>4</centerY>
	</drawable>
	<drawable>
		<name>dfstg.png</name>
		<rotate>3</rotate>
	</drawable>
<!--COMMENTED BY ClockSkinMaker
<metadata gui='rra' version='1.6.0.0'/>
-->
</clockskin>