<?xml version="1.0" encoding="utf-8"?>
<clockskin>
	<drawable>
		<name>fon.png</name>
	</drawable>
	<drawable>
		<name>h.xml</name>
		<arraytype>7</arraytype>
		<centerX>-77</centerX>
	</drawable>
	<drawable>
		<name>m.xml</name>
		<arraytype>8</arraytype>
		<centerX>-8</centerX>
		<centerY>95</centerY>
	</drawable>
	<drawable>
		<name>s.xml</name>
		<arraytype>9</arraytype>
		<centerX>93</centerX>
		<centerY>80</centerY>
	</drawable>
	<drawable>
		<name>st.xml</name>
		<arraytype>12</arraytype>
		<centerX>117</centerX>
		<centerY>-32</centerY>
	</drawable>
	<drawable>
		<name>hr.xml</name>
		<arraytype>13</arraytype>
		<centerX>116</centerX>
	</drawable>
	<drawable>
		<name>b.xml</name>
		<arraytype>14</arraytype>
		<centerX>114</centerX>
		<centerY>30</centerY>
	</drawable>
	<drawable>
		<name>m_1.xml</name>
		<arraytype>3</arraytype>
		<centerX>37</centerX>
		<centerY>-129</centerY>
	</drawable>
	<drawable>
		<name>d.xml</name>
		<arraytype>4</arraytype>
		<centerX>-51</centerX>
		<centerY>-128</centerY>
	</drawable>
	<drawable>
		<name>w.xml</name>
		<arraytype>5</arraytype>
		<centerY>-100</centerY>
	</drawable>
<!--COMMENTED BY ClockSkinMaker
<metadata gui='rra' version='1.4.0.0'/>
-->
</clockskin>