<?xml version="1.0" encoding="utf-8"?>
<drawables>
	<image>m_1_jan.png</image>
	<image>m_1_feb.png</image>
	<image>m_1_mar.png</image>
	<image>m_1_apr.png</image>
	<image>m_1_may.png</image>
	<image>m_1_jun.png</image>
	<image>m_1_jul.png</image>
	<image>m_1_aug.png</image>
	<image>m_1_sep.png</image>
	<image>m_1_oct.png</image>
	<image>m_1_nov.png</image>
	<image>m_1_dec.png</image>
<!--COMMENTED BY ClockSkinMaker
<metadata gui='rra' version='1.4.0.0' type='array_month' autoscale='1' font='Conthrax SemiBold' fontstyle='Bold' fontsize='23,77522'>
<content>ЯНВ</content>
<content>ФЕВ</content>
<content>МАР</content>
<content>АПР</content>
<content>МАЙ</content>
<content>ИЮН</content>
<content>ИЮЛ</content>
<content>АВГ</content>
<content>СЕН</content>
<content>ОКТ</content>
<content>НОЯ</content>
<content>ДЕК</content>
</metadata>
-->
</drawables>