<?xml version="1.0" encoding="utf-8"?>
<clockskin>
	<drawable>
		<name>Base.png</name>
	</drawable>
	<drawable>
		<name>SH.png</name>
		<rotate>3</rotate>
	</drawable>
	<drawable>
		<name>frame.png</name>
	</drawable>
	<drawable>
		<name>A_month.xml</name>
		<arraytype>3</arraytype>
		<centerX>10</centerX>
		<centerY>-3</centerY>
	</drawable>
	<drawable>
		<name>A_DAY.xml</name>
		<arraytype>4</arraytype>
		<centerX>73</centerX>
		<centerY>-140</centerY>
	</drawable>
	<drawable>
		<name>A_WD.xml</name>
		<arraytype>5</arraytype>
		<centerY>-6</centerY>
	</drawable>
	<drawable>
		<name>HM.xml</name>
		<arraytype>6</arraytype>
		<centerX>61</centerX>
		<centerY>-24</centerY>
	</drawable>
	<drawable>
		<name>BATT.xml</name>
		<arraytype>17</arraytype>
		<centerX>59</centerX>
		<centerY>33</centerY>
	</drawable>
<!--COMMENTED BY ClockSkinMaker
<metadata gui='rra' version='2.0.0.2'/>
-->
</clockskin>