<?xml version="1.0" encoding="utf-8"?>
<clockskin>
	<drawable>
		<name>image1.png</name>
	</drawable>
<drawable>
		<name>battery.xml</name>
		<arraytype>61</arraytype>
		<centerX>0</centerX>
		<centerY>127</centerY>
	</drawable>
   <drawable>
        <name>digital1.xml</name>
        <arraytype>60</arraytype>
        <centerX>0</centerX>
        <centerY>-130</centerY>
    </drawable>
	<drawable>
		<arraytype>99</arraytype>
		<centerX>-25</centerX>
		<centerY>127</centerY>
	</drawable>
	<drawable>
		<name>digital2.xml</name>
		<arraytype>10</arraytype>
		<centerX>-131</centerX>
		<centerY>64</centerY>
	</drawable>
	<drawable>
		<name>digital3.xml</name>
		<arraytype>11</arraytype>
		<centerX>-133</centerX>
		<centerY>95</centerY>
	</drawable>
	<drawable>
		<name>digital4.xml</name>
		<arraytype>7</arraytype>
		<centerY>-16</centerY>
	</drawable>
	<drawable>
		<name>digital5.xml</name>
		<arraytype>8</arraytype>
		<centerY>23</centerY>
	</drawable>
	<drawable>
		<name>digital6.xml</name>
		<arraytype>6</arraytype>
		<centerY>51</centerY>
	</drawable>
	<drawable>
		<name>digital7.xml</name>
		<arraytype>2</arraytype>
		<centerX>1</centerX>
		<centerY>74</centerY>
	</drawable>
	<drawable>
		<name>digital8.xml</name>
		<arraytype>5</arraytype>
		<centerY>96</centerY>
	</drawable>
	<drawable>
		<name>digital9.xml</name>
		<arraytype>12</arraytype>
		<centerX>130</centerX>
		<centerY>95</centerY>
	</drawable>
	<drawable>
		<name>digital10.xml</name>
		<arraytype>13</arraytype>
		<centerX>-1</centerX>
		<centerY>183</centerY>
	</drawable>
<!--COMMENTED BY ClockSkinMaker
<metadata gui='rra' version='2.0.0.2'/>
-->
</clockskin>