<?xml version="1.0" encoding="utf-8"?>
<clockskin>
	<drawable>
		<name>clock_skin_fire.png</name>
		<rotate>3</rotate>
		<direction>1</direction>
		<mulrotate>3</mulrotate>
	</drawable>
	<drawable>
		<name>clock_skin_firemask.png</name>
		<rotate>3</rotate>
		<direction>2</direction>
		<mulrotate>2</mulrotate>
	</drawable>
	<drawable>
		<name>1.png</name>
	</drawable>
	<drawable>
		<name>4.png</name>
		<rotate>3</rotate>
		<centerY>92</centerY>
		<direction>2</direction>
		<mulrotate>5</mulrotate>
	</drawable>
	<drawable>
		<name>13.png</name>
		<rotate>3</rotate>
		<centerY>91</centerY>
		<direction>2</direction>
		<mulrotate>-3</mulrotate>
	</drawable>
	<drawable>
		<name>14.png</name>
	</drawable>
	<drawable>
		<name>15.png</name>
	</drawable>
	<drawable>
		<name>wd.xml</name>
		<arraytype>5</arraytype>
		<centerX>104</centerX>
	</drawable>
	<drawable>
		<name>day.xml</name>
		<arraytype>4</arraytype>
		<centerX>150</centerX>
		<centerY>2</centerY>
	</drawable>
	<drawable>
		<name>steps.xml</name>
		<arraytype>12</arraytype>
		<centerX>69</centerX>
		<centerY>-97</centerY>
	</drawable>
	<drawable>
		<name>kal.xml</name>
		<arraytype>54</arraytype>
		<centerX>79</centerX>
		<centerY>-76</centerY>
	</drawable>
	<drawable>
		<name>dis.xml</name>
		<arraytype>60</arraytype>
		<centerX>90</centerX>
		<centerY>-54</centerY>
	</drawable>
	<drawable>
		<name>day_1.xml</name>
		<arraytype>14</arraytype>
		<centerX>-90</centerX>
		<centerY>-15</centerY>
	</drawable>
	<drawable>
		<name>37.png</name>
		<rotate>6</rotate>
		<centerX>-82</centerX>
		<centerY>-56</centerY>
		<Angle>-300</Angle>
		<mulrotate>2</mulrotate>
        
	</drawable>
	<drawable>
		<name>hr.xml</name>
		<arraytype>13</arraytype>
		<centerX>92</centerX>
		<centerY>-32</centerY>
	</drawable>
	<drawable>
		<name>temp.xml</name>
		<arraytype>11</arraytype>
		<centerX>-130</centerX>
		<centerY>41</centerY>
	</drawable>
	<drawable>
		<name>weather_array.xml</name>
		<arraytype>10</arraytype>
		<centerX>-106</centerX>
		<centerY>40</centerY>
	</drawable>
	<drawable>
		<arraytype>99</arraytype>
		<centerX>-110</centerX>
		<centerY>-32</centerY>
	</drawable>
	<drawable>
		<name>day_1_1.xml</name>
		<arraytype>6</arraytype>
		<centerY>167</centerY>
	</drawable>
	<drawable>
		<name>45.png</name>
		<rotate>1</rotate>
	</drawable>
	<drawable>
		<name>46.png</name>
		<rotate>2</rotate>
	</drawable>
	<drawable>
		<name>47.png</name>
		<rotate>3</rotate>
		<direction>1</direction>
	</drawable>












<drawable>
        <!--ALARM-->
        <arraytype>100</arraytype>
        <centerX>0</centerX>
        <centerY>0</centerY>
        <range>40</range>
        <cls>com.android.deskclock.DeskClock</cls>
        <pkg>com.android.deskclock</pkg>
    </drawable>



<drawable>
        <!--ALARM-->
        <arraytype>100</arraytype>
        <centerX>0</centerX>
        <centerY>166</centerY>
        <range>40</range>
        <cls>com.android.deskclock.DeskClock</cls>
        <pkg>com.android.deskclock</pkg>
    </drawable>



<!--1 Music at Notes-->
    <drawable>
	<arraytype>100</arraytype>
	<centerX>58</centerX>
	<centerY>-128</centerY>
	<range>30</range>
	<cls>com.android.music.MusicBrowserActivity</cls>
	<pkg>com.android.music</pkg>
    </drawable>


<!--3 Calendar at Date-->
    <drawable>
	<arraytype>100</arraytype>
	<centerX>103</centerX>
	<centerY>0</centerY>
	<range>30</range>
	<cls>com.android.calendar.AllInOneActivity</cls>
	<pkg>com.google.android.calendar</pkg>
    </drawable>
    <drawable>
	<arraytype>100</arraytype>
	<centerX>150</centerX>
	<centerY>0</centerY>
	<range>40</range>
	<cls>com.android.calendar.AllInOneActivity</cls>
	<pkg>com.google.android.calendar</pkg>
    </drawable>





<!--10 Power at Power-->
    <drawable>
	<arraytype>100</arraytype>
	<centerX>-83</centerX>
	<centerY>-62</centerY>
	<range>50</range>
	<cls>com.android.settings.Settings$PowerUsageSummaryActivity</cls>
	<pkg>com.android.settings</pkg>
    </drawable>





<!--14 Sports-->
    <drawable>
	<arraytype>100</arraytype>
	<centerX>23</centerX>
	<centerY>-98</centerY>
	<range>20</range>
	<cls>it.nimarsolutions.rungpstracker.SplashActivity</cls>
        <pkg>it.nimarsolutions.rungpstracker</pkg>
    </drawable>




	
	
	  <drawable>
        <!--GOOGLE ASSISTANT-->
        <arraytype>100</arraytype>
        <centerX>0</centerX>
        <centerY>-142</centerY>
        <range>50</range>
        <cls>com.google.android.apps.googleassistant.AssistantActivity</cls>
        <pkg>com.google.android.apps.googleassistant</pkg>
    </drawable>
	
	 <drawable>
    <!--FITNESS-->
        <arraytype>100</arraytype>
        <centerX>29</centerX>
        <centerY>-74</centerY>
        <range>30</range>
        <cls>com.sprots.wiiteer.fitness.module.main.ui.MainActivity</cls>
        <pkg>com.sprots.wiiteer.fitness</pkg>
    </drawable>
	


 <!-- Contacts -->
    <drawable>
        <arraytype>100</arraytype>
        <centerX>106</centerX>
        <centerY>64</centerY>
		<range>30</range>
    <cls>com.android.contacts.activities.PeopleActivity</cls>
    <pkg>com.android.contacts</pkg>
    </drawable>
	
	<!--15 Camera-->
    <drawable>
	<arraytype>100</arraytype>
	<centerX>-115</centerX>
	<centerY>70</centerY>
	<range>30</range>
	<cls>com.android.camera.CameraLauncher</cls>
	<pkg>com.mediatek.camera</pkg>
    </drawable>
	
	
	 <drawable>
    <!--WEATHER-->
        <arraytype>100</arraytype>
        <centerX>-119</centerX>
        <centerY>37</centerY>
        <range>30</range>
        <cls>com.android.watchweather.WeatherActivity</cls>
        <pkg>com.android.watchweather</pkg>
    </drawable>
	
	
	 <drawable>
    <!--heart_rate-->
       <arraytype>100</arraytype>
       <centerX>52</centerX>
       <centerY>-31</centerY>
       <range>20</range>
       <cls>com.cenon.heartrate.HeartRateMonitorActivity</cls>
       <pkg>com.cenon.heartrate</pkg>
    </drawable>
	
	
	<!--17 Maps-->
    <drawable>
	<arraytype>100</arraytype>
	<centerX>40</centerX>
	<centerY>-55</centerY>
	<range>30</range>
	<cls>com.google.android.maps.MapsActivity</cls>
        <pkg>com.google.android.apps.maps</pkg>
    </drawable>
	
	
	<!-- Paramètres montre Android -->
    <drawable>
        <arraytype>100</arraytype>
        <centerX>-141</centerX>
        <centerY>0</centerY>
		<range>25</range>
    <cls>com.android.settings.Settings</cls>
    <pkg>com.android.settings</pkg>
    </drawable>
	
</clockskin>