<?xml version="1.0" encoding="utf-8"?>
<drawables>
	<image>44.png</image>
	<image>38.png</image>
	<image>39.png</image>
	<image>40.png</image>
	<image>41.png</image>
	<image>42.png</image>
	<image>43.png</image>
<!--COMMENTED BY ClockSkinMaker
<metadata gui='rra' version='1.4.0.0' type='array_weekday' autoscale='1' font='Times New Roman' fontstyle='Regular' fontsize='18.78181'>
<content>Sun</content>
<content>Mon</content>
<content>Tue</content>
<content>Wed</content>
<content>Thu</content>
<content>Fri</content>
<content>Sat</content>
</metadata>
-->
</drawables>