<?xml version="1.0" encoding="utf-8"?>
<clockskin>
	<drawable>
		<name>Batt rotate.png</name>
		<rotate>6</rotate>
		<centerY>4</centerY>
		<mulrotate>-2</mulrotate>
	</drawable>
	<drawable>
		<name>Black back.png</name>
	</drawable>
	<drawable>
		<name>Ticks.png</name>
	</drawable>
	<drawable>
		<name>A_sec.xml</name>
		<arraytype>9</arraytype>
		<centerX>-200</centerX>
	</drawable>
	<drawable>
		<name>B_sec.xml</name>
		<arraytype>9</arraytype>
		<centerX>200</centerX>
	</drawable>
	<drawable>
		<name>Hatch.png</name>
	</drawable>
	<drawable>
		<name>Batt indicator frame.png</name>
	</drawable>
	<drawable>
		<name>BL text base.png</name>
		<centerY>2</centerY>
	</drawable>
	<drawable>
		<name>B.L..png</name>
	</drawable>
	<drawable>
		<name>Figures and data base.png</name>
	</drawable>
	<drawable>
		<name>Big frame.png</name>
	</drawable>
	<drawable>
		<name>DAY ARRAY.xml</name>
		<arraytype>4</arraytype>
		<centerX>1</centerX>
		<centerY>125</centerY>
	</drawable>
	<drawable>
		<name>WD Array.xml</name>
		<arraytype>5</arraytype>
		<centerX>-16</centerX>
		<centerY>65</centerY>
	</drawable>
	<drawable>
		<name>MONTH ARRAY.xml</name>
		<arraytype>3</arraytype>
		<centerX>15</centerX>
		<centerY>65</centerY>
	</drawable>
	<drawable>
		<name>Figures back.png</name>
	</drawable>
	<drawable>
		<name>Figures_2.png</name>
	</drawable>
	<drawable>
		<name>HH_2.png</name>
		<rotate>1</rotate>
	</drawable>
	<drawable>
		<name>MH_2.png</name>
		<rotate>2</rotate>
	</drawable>
	<drawable>
		<name>SH blue.png</name>
		<rotate>3</rotate>
	</drawable>
<!--COMMENTED BY ClockSkinMaker
<metadata gui='rra' version='2.0.0.2'/>
-->
</clockskin>