<?xml version="1.0" encoding="utf-8"?>
<clockskin>
	<drawable>
		<name>Blue back.png</name>
	</drawable>
	<drawable>
		<name>Batt rotate.png</name>
		<rotate>6</rotate>
	</drawable>
	<drawable>
		<name>Hatch.png</name>
	</drawable>
	<drawable>
		<name>Mask.png</name>
	</drawable>
	<drawable>
		<name>Figures.png</name>
	</drawable>
	<drawable>
		<name>A_day.xml</name>
		<arraytype>4</arraytype>
		<centerY>-82</centerY>
	</drawable>
	<drawable>
		<name>Month rotate.png</name>
		<rotate>4</rotate>
		<centerX>-74</centerX>
		<centerY>74</centerY>
	</drawable>
	<drawable>
		<name>WD Rotate.png</name>
		<rotate>5</rotate>
		<centerX>74</centerX>
		<centerY>74</centerY>
	</drawable>
	<drawable>
		<name>4 figures.png</name>
	</drawable>
	<drawable>
		<name>HH.png</name>
		<rotate>1</rotate>
	</drawable>
	<drawable>
		<name>MH.png</name>
		<rotate>2</rotate>
	</drawable>
	<drawable>
		<name>SH.png</name>
		<rotate>3</rotate>
	</drawable>
<!--COMMENTED BY ClockSkinMaker
<metadata gui='rra' version='2.0.0.2'/>
-->
</clockskin>