<?xml version="1.0" encoding="utf-8"?>
<clockskin> 
	<!--
		<name>day_array.xml</name>	Название изображения может быть одно изображение или файл конфигурации XML, XML-файл, представляющий внутри картина массива
		<centerX>0</centerX>		Координата X, на экране по умолчанию находится в центре
		<centerY>0</centerY>		Координата Y, на экране по умолчанию находится в центре
		<rotate>1</rotate>			Индекс вращения часовой, минутной, секндной стрелки, см. ниже объяснение roate index
		<angle>60</angle>			При вращении, значение начального угла отклонения, по умолчанию 0 градусов
		<arraytype>2</arraytype>	Если картина конфигурации XML, он используется для определения его конкретного типа, см. ниже arraytype index
		<color>1</color>			Цвет рисунка зарядки , по умолчанию белый, при необходимости черный значение-1, В противном случае не может быть настроен
		<mulrotate>3</mulrotate>	Нормальная скорость вращения несколько, по умолчанию 1, Для канонической скорость вращения по умолчанию умножается на заданное значение является отрицательным, то в дополнение к своей абсолютной величине
		<startAngle>150</startAngle>	Циферблат рядом с дугой текст начальный угол
		<direction>1</direction>	Направление вращения вала 1 по часовой стрелке, 2 против часовой стрелки для, не настроить по умолчанию по часовой стрелке
		<textsize>1</textsize>		Циферблат рядом с изогнутой текста размер шрифта, не настроить по умолчанию 19
	-->
	<!-- 
	rotate index : Индекс вращения
		hour : 1	Для часовой стрелки
		minute : 2	Для минутной стрелки
		second : 3	Для секундной стрелки
		month : 4	Для месяца
		week : 5	Для недели
		battery : 6	Для батареи
	-->
	<!--
	arraytype index :  数字数组默认为从最小的开始，如0——9图片则第一张配置0，1——12图片则第一张配置1
		yearmonthday	:	1	数字型年月日，如2015-01-01，，采用11张图片，第1——10张为数字0到9，第11张为日期分割图
		monthday : 2 	数字型月份日期  如 10-01，采用11张图片，第1——10张为数字0到9，第11张为月份日期分割图
		month : 3	月份(采用12张图片指向12个月，1——12)
		day : 4		日期(采用10张图片，0——9)
		weekday	：5		星期，七张图片，周天到周一
		hourminute : 6	数字时间  如 10:59 am	小时分钟，第1——10张配置0——9数字，第11张图片配置分割图，第12张配置AM，第13张配置PM，
							如没有AM和PM则可不配，这个组合配置的中心点为数字的中心点，如有AMPM会自动加入到数字后方
		hour : 7	小时，0——9图片
		minute ：8	分钟，0——9图片
		second : 9	秒，0——9图片
		weather	:	10 天气，固定15张图片，图片顺序参考weather_array.xml里注释
		temprature	：	11	温度，四张图片，第一张负号，最后一张单位，图片配置为第1-10为数字，第11张图片为负号，第12张图片为单位
		steps ： 12 步数，五个数字，高位为空则使用特殊图片，第1——10配置0——9数字，第11张配置特殊图片
		heartrate : 13		上次心率结果，10张图片，0——9
		battery level ： 14 电量，三个数字，高位为空则使用特殊图片，第1——10配置0——9数字，第11张配置特殊图片
		special second	:	15	跑动的秒针图片，走过的为一个颜色，没走过的为另一个颜色，两张图片，第一张为走过的图片，第二张为普通图片
		pedometer text	： 97 表盘旁边画弧形文字，计步总数，可使用<startAngle>配置起始角度，<direction>配置方向，<textsize>配置文字大小
		heartrate text	： 98 表盘旁边画弧形文字，上次心率结果，可使用<startAngle>配置起始角度，<direction>配置方向，<textsize>配置文字大小
		charging battery ： 99 充电电池图标位置，无需配图片，只要坐标位置即可，配置文字及图片颜色使用<color>
		
		<drawable>
		<name>battery_array.xml</name>
		<centerY>115</centerY>
		<colorarray>292929,00d477</colorarray>
		<arraytype>17</arraytype>
	</drawable>
	-->
	
	<drawable>
		<name>clock_skin_panel.png</name>
	</drawable>
	<drawable>
		<name>num_array.xml</name>
		<centerX>-25</centerX>
		<centerY>-80</centerY>
		<arraytype>4</arraytype>
	</drawable>
	<drawable>
		<name>month_array.xml</name>
		<centerX>25</centerX>
		<centerY>-81</centerY>
		<arraytype>3</arraytype>
	</drawable>
	<drawable>
		<name>weekday_array.xml</name>
		<centerX>80</centerX>
		<arraytype>5</arraytype>
	</drawable>
	<drawable>
		<name>steps_array.xml</name>
		<centerX>0</centerX>
		<centerY>100</centerY>
		<arraytype>12</arraytype>
	</drawable>
	<drawable>
		<name>num_array.xml</name>
		<centerX>-95</centerX>
		<arraytype>14</arraytype>
	</drawable>
	<drawable>
		<centerX>-20</centerX>
		<centerY>60</centerY>
		<arraytype>99</arraytype>
	</drawable>
	<drawable>
		<name>clock_skin_hour.png</name>
		<rotate>1</rotate>
	</drawable>
	<drawable>
		<name>clock_skin_minute.png</name>
		<rotate>2</rotate>
	</drawable>
	<drawable>
		<name>clock_skin_second.png</name>
		<rotate>3</rotate>
	</drawable>
</clockskin>

