<?xml version="1.0" encoding="utf-8"?>
<clockskin>
	<drawable>
		<name>RSD.png</name>
	</drawable>
	<drawable>
		<name>Day.xml</name>
		<arraytype>4</arraytype>
		<centerX>93</centerX>
		<centerY>20</centerY>
	</drawable>
	<drawable>
		<name>Weak.xml</name>
		<arraytype>5</arraytype>
		<centerX>117</centerX>
		<centerY>54</centerY>
	</drawable>
	<drawable>
		<name>Month.xml</name>
		<arraytype>3</arraytype>
		<centerX>138</centerX>
		<centerY>20</centerY>
	</drawable>
	<drawable>
		<name>step.xml</name>
		<arraytype>12</arraytype>
		<centerX>-1</centerX>
		<centerY>94</centerY>
	</drawable>
	<drawable>
		<name>clock_skin_hour.png</name>
		<rotate>6</rotate>
		<centerX>-113</centerX>
		<centerY>32</centerY>
		<direction>1</direction>
		<mulrotate>2</mulrotate>
	</drawable>
	<drawable>
		<name>lancettaoraombra.png</name>
		<rotate>1</rotate>
	</drawable>
	<drawable>
		<name>lancettaora.png</name>
		<rotate>1</rotate>
	</drawable>
	<drawable>
		<name>lancettaminutiombra.png</name>
		<rotate>2</rotate>
	</drawable>
	<drawable>
		<name>lancettaminuti.png</name>
		<rotate>2</rotate>
	</drawable>
	<drawable>
		<name>lancettasecondiombra.png</name>
		<rotate>3</rotate>
	</drawable>
	<drawable>
		<name>lancettasecondi.png</name>
		<rotate>3</rotate>
	</drawable>
<!--COMMENTED BY ClockSkinMaker
<metadata gui='rra' version='1.4.0.0'/>
-->
</clockskin>