<?xml version="1.0" encoding="utf-8"?>
<drawables>
	<image>Month_jan.png</image>
	<image>Month_feb.png</image>
	<image>Month_mar.png</image>
	<image>Month_apr.png</image>
	<image>Month_may.png</image>
	<image>Month_jun.png</image>
	<image>Month_jul.png</image>
	<image>Month_aug.png</image>
	<image>Month_sep.png</image>
	<image>Month_oct.png</image>
	<image>Month_nov.png</image>
	<image>Month_dec.png</image>
<!--COMMENTED BY ClockSkinMaker
<metadata gui='rra' version='1.4.0.0' type='array_month' forecolor='FF8000' autoscale='1' shadowcolor='000000' shadowx='0' shadowy='2' font='Arial Unicode MS' fontstyle='Regular' fontsize='19,98513'>
<content>янв</content>
<content>фев</content>
<content>мар</content>
<content>апр</content>
<content>май</content>
<content>июн</content>
<content>июл</content>
<content>авг</content>
<content>сен</content>
<content>окт</content>
<content>ноя</content>
<content>дек</content>
</metadata>
-->
</drawables>