<?xml version="1.0" encoding="utf-8"?>
<drawables>
	<image>Weak_sun.png</image>
	<image>Weak_mon.png</image>
	<image>Weak_tue.png</image>
	<image>Weak_wed.png</image>
	<image>Weak_thu.png</image>
	<image>Weak_fri.png</image>
	<image>Weak_sat.png</image>
<!--COMMENTED BY ClockSkinMaker
<metadata gui='rra' version='1.4.0.0' type='array_weekday' forecolor='FF8000' autoscale='1' shadowcolor='000000' shadowx='0' shadowy='2' font='Arial Unicode MS' fontstyle='Regular' fontsize='22,39067'>
<content>Вс</content>
<content>Пн</content>
<content>Вт</content>
<content>Ср</content>
<content>Чт</content>
<content>Пт</content>
<content>Сб</content>
</metadata>
-->
</drawables>