<?xml version="1.0" encoding="utf-8"?>
<clockskin>
	<drawable>
		<name>TICKS.png</name>
	</drawable>
	<drawable>
		<name>12_TICKS.png</name>
	</drawable>
	<drawable>
		<name>FIGURES red.png</name>
	</drawable>
	<drawable>
		<name>WD DAY BATT BASES.png</name>
	</drawable>
	<drawable>
		<name>HATCH.png</name>
	</drawable>
	<drawable>
		<name>DAY ARRAY.xml</name>
		<arraytype>4</arraytype>
		<centerX>105</centerX>
		<centerY>42</centerY>
	</drawable>
	<drawable>
		<name>WD ROTATE.png</name>
		<rotate>5</rotate>
		<centerX>-103</centerX>
	</drawable>
	<drawable>
		<name>BATT ROTATE.png</name>
		<rotate>6</rotate>
		<centerX>103</centerX>
		<centerY>-1</centerY>
	</drawable>
	<drawable>
		<name>SH_center_1.png</name>
		<centerX>103</centerX>
	</drawable>
	<drawable>
		<name>SH_center_2.png</name>
		<centerX>-103</centerX>
	</drawable>
	<drawable>
		<name>WD DAY BATT BASES_frame.png</name>
	</drawable>
	<drawable>
		<name>HH_2_with noise.png</name>
		<rotate>1</rotate>
	</drawable>
	<drawable>
		<name>MH_2_with noise.png</name>
		<rotate>2</rotate>
	</drawable>
	<drawable>
		<name>SH_2.png</name>
		<rotate>3</rotate>
	</drawable>
	<drawable>
		<name>SH_center.png</name>
		<centerX>2</centerX>
	</drawable>
	<drawable>
		<name>TICKS_frame.png</name>
	</drawable>
	<drawable>
		<name>SH_center_3.png</name>
	</drawable>
<!--COMMENTED BY ClockSkinMaker
<metadata gui='rra' version='2.0.0.2'/>
-->
</clockskin>