<?xml version="1.0" encoding="utf-8"?>
<clockskin>
	<drawable>
		<name>back.png</name>
	</drawable>
	<drawable>
		<name>hour.xml</name>
		<arraytype>7</arraytype>
		<centerX>-64</centerX>
		<centerY>-5</centerY>
	</drawable>
	<drawable>
		<name>minutes.xml</name>
		<arraytype>8</arraytype>
		<centerX>61</centerX>
		<centerY>-5</centerY>
	</drawable>
	<drawable>
		<name>second.xml</name>
		<arraytype>9</arraytype>
		<centerX>135</centerX>
		<centerY>-1</centerY>
	</drawable>
	<drawable>
		<name>day.xml</name>
		<arraytype>4</arraytype>
		<centerX>-29</centerX>
		<centerY>-95</centerY>
	</drawable>
	<drawable>
		<name>month.xml</name>
		<arraytype>3</arraytype>
		<centerX>23</centerX>
		<centerY>-93</centerY>
	</drawable>
	<drawable>
		<name>year.xml</name>
		<arraytype>16</arraytype>
		<centerX>87</centerX>
		<centerY>-95</centerY>
	</drawable>
	<drawable>
		<name>steps_1.xml</name>
		<arraytype>12</arraytype>
		<centerX>82</centerX>
		<centerY>82</centerY>
	</drawable>
	<drawable>
		<name>steps.xml</name>
		<arraytype>13</arraytype>
		<centerX>6</centerX>
		<centerY>82</centerY>
	</drawable>
	<drawable>
		<arraytype>99</arraytype>
		<centerX>-27</centerX>
		<centerY>151</centerY>
	</drawable>
	<drawable>
		<name>Shadow_1.png</name>
	</drawable>
	<drawable>
		<name>Shadow.png</name>
	</drawable>
	<drawable>
		<name>second.png</name>
		<rotate>3</rotate>
	</drawable>
	<drawable>
		<name>WEEK.xml</name>
		<arraytype>5</arraytype>
		<centerX>-88</centerX>
		<centerY>-92</centerY>
	</drawable>
	<drawable>
		<name>TEM.xml</name>
		<arraytype>11</arraytype>
		<centerX>-71</centerX>
		<centerY>80</centerY>
	</drawable>
	<drawable>
		<name>weather_array.xml</name>
		<arraytype>10</arraytype>
		<centerX>-73</centerX>
		<centerY>117</centerY>
	</drawable>
	<drawable>
		<name>nbat.xml</name>
		<arraytype>14</arraytype>
		<centerX>18</centerX>
		<centerY>-147</centerY>
	</drawable>
<!--COMMENTED BY ClockSkinMaker
<metadata gui='rra' version='1.4.0.0'/>
-->
</clockskin>