<?xml version="1.0" encoding="utf-8"?>
<drawables>
	<image>steps_num_0_1_3.png</image>
	<image>steps_num_1_1_3.png</image>
	<image>steps_num_2_1_3.png</image>
	<image>steps_num_3_1_3.png</image>
	<image>steps_num_4_1_3.png</image>
	<image>steps_num_5_1_3.png</image>
	<image>steps_num_6_1_3.png</image>
	<image>steps_num_7_1_3.png</image>
	<image>steps_num_8_1_3.png</image>
	<image>steps_num_9_1_3.png</image>
	<image>TEM_num_minus.png</image>
	<image>TEM_num_degree.png</image>
<!--COMMENTED BY ClockSkinMaker
<metadata gui='rra' version='1.4.0.0' type='array_temprature' forecolor='FFFFFF' autoscale='1' font='Abadi MT Condensed' fontstyle='Regular' fontsize='9.469791'>
<content>0</content>
<content>1</content>
<content>2</content>
<content>3</content>
<content>4</content>
<content>5</content>
<content>6</content>
<content>7</content>
<content>8</content>
<content>9</content>
<content>-</content>
<content>°</content>
</metadata>
-->
</drawables>