<?xml version="1.0" encoding="utf-8"?>
<drawables>
	<image>WEEK_sun.png</image>
	<image>WEEK_mon.png</image>
	<image>WEEK_tue.png</image>
	<image>WEEK_wed.png</image>
	<image>WEEK_thu.png</image>
	<image>WEEK_fri.png</image>
	<image>WEEK_sat.png</image>
<!--COMMENTED BY ClockSkinMaker
<metadata gui='rra' version='1.4.0.0' type='array_weekday' forecolor='FFFFFF' autoscale='1' font='Abadi MT Condensed' fontstyle='Regular' fontsize='27.90698'>
<content>SUN</content>
<content>MON</content>
<content>TUE</content>
<content>WED</content>
<content>THU</content>
<content>FRI</content>
<content>SAT</content>
</metadata>
-->
</drawables>