<?xml version="1.0" encoding="utf-8"?>
<clockskin>
	<drawable>
		<name>1.png</name>
		<rotate>3</rotate>
		<direction>2</direction>
		<mulrotate>2</mulrotate>
	</drawable>
	<drawable>
		<name>2.png</name>
	</drawable>
	<drawable>
		<name>7.png</name>
		<rotate>3</rotate>
	</drawable>
	<drawable>
		<name>3.png</name>
		<rotate>3</rotate>
		<direction>2</direction>
		<mulrotate>5</mulrotate>
	</drawable>
	<drawable>
		<name>4.png</name>
	</drawable>
	<drawable>
		<name>6.png</name>
		<rotate>2</rotate>
	</drawable>
	<drawable>
		<name>5.png</name>
		<rotate>3</rotate>
		<mulrotate>5</mulrotate>
	</drawable>
	<drawable>
		<name>9.png</name>
	</drawable>
	<drawable>
		<name>8.png</name>
		<rotate>1</rotate>
	</drawable>
<!--COMMENTED BY ClockSkinMaker
<metadata gui='rra' version='1.6.0.0'/>
-->
</clockskin>