<?xml version="1.0" encoding="utf-8"?>
<clockskin> 
	<drawable>
		<name>clock_skin_panel.png</name>
	</drawable>
	<drawable>
		<name>heart_rate.png</name>
		<centerX>52</centerX>
		<centerY>45</centerY>
	</drawable>
	<drawable>
		<name>steps.png</name>
		<centerX>-52</centerX>
		<centerY>45</centerY>
	</drawable>
	<drawable>
		<name>day_array.xml</name>
		<centerX>86</centerX>
		<arraytype>5</arraytype>
		</drawable>
		<drawable>
	<name>num_array.xml</name>
		<centerX>132</centerX>
		<centerY>0</centerY>
		<arraytype>4</arraytype>
	</drawable>
	<drawable>
		<name>step_array.xml</name>
		<centerX>-52</centerX>
		<centerY>80</centerY>
		<arraytype>12</arraytype>
	</drawable>
	<drawable>
		<name>heartrate_array.xml</name>
		<centerX>52</centerX>
		<centerY>80</centerY>
		<arraytype>13</arraytype>
	</drawable>
	<drawable>
	<name>battery_array.xml</name>
		<centerX>0</centerX>
		<centerY>-117</centerY>
		<arraytype>14</arraytype>
	</drawable>
	<drawable>
		<name>temp_array.xml</name>
		<centerX>-135</centerX>
		<centerY>-25</centerY>
		<arraytype>11</arraytype>
	</drawable>
	<drawable>
		<name>weather_array.xml</name>
		<centerX>-135</centerX>
		<centerY>25</centerY>
		<arraytype>10</arraytype>
	</drawable>
	<drawable>
	</drawable>
	<drawable>
		<centerX>-20</centerX>
		<centerY>-100</centerY>
		<arraytype>99</arraytype>
	</drawable>
	<drawable>
		<name>clock_skin_hour.png</name>
		<rotate>1</rotate>
	</drawable>
	<drawable>
		<name>clock_skin_minute.png</name>
		<rotate>2</rotate>
	</drawable>
	<drawable>
		<name>clock_skin_second.png</name>
		<rotate>3</rotate>
	</drawable>
</clockskin>

