<?xml version="1.0" encoding="utf-8"?>
<drawables> 
	<image>clockskin_1_num_0.png</image>
	<image>clockskin_1_num_1.png</image>
	<image>clockskin_1_num_2.png</image>
	<image>clockskin_1_num_3.png</image>
	<image>clockskin_1_num_4.png</image>
	<image>clockskin_1_num_5.png</image>
	<image>clockskin_1_num_6.png</image>
	<image>clockskin_1_num_7.png</image>
	<image>clockskin_1_num_8.png</image>
	<image>clockskin_1_num_9.png</image>
	<image>clockskin_1_num_null.png</image>
	<image>clockskin_1_num_perc.png</image>
</drawables>
