<?xml version="1.0" encoding="utf-8"?>
<drawables>
	<image>clock_skin_weather_sunny_1.png</image>
	<image>clock_skin_weather_cloudy_1.png</image>
	<image>clock_skin_weather_overcast_1.png</image>
	<image>clock_skin_weather_fog_1.png</image>
	<image>clock_skin_weather_rain_1.png</image>
	<image>clock_skin_weather_showers_1.png</image>
	<image>clock_skin_weather_t_storm_1.png</image>
	<image>clock_skin_weather_rainstorm_1.png</image>
	<image>clock_skin_weather_snow_1.png</image>
	<image>clock_skin_weather_rainsnow_1.png</image>
	<image>clock_skin_weather_hot_1.png</image>
	<image>clock_skin_weather_cold_1.png</image>
	<image>clock_skin_weather_windy_1.png</image>
	<image>clock_skin_weather_sunny_night_1.png</image>
	<image>clock_skin_weather_cloudy_night_1.png</image>
</drawables>