<?xml version="1.0" encoding="utf-8"?>
<clockskin>
	<drawable>
		<name>24.png</name>
		<rotate>7</rotate>
	</drawable>
	<drawable>
		<name>BASE.png</name>
	</drawable>
	<drawable>
		<name>HATCH_2.png</name>
	</drawable>
	<drawable>
		<name>TICKS.png</name>
	</drawable>
	<drawable>
		<name>moon_phase.xml</name>
		<arraytype>19</arraytype>
		<centerY>-84</centerY>
	</drawable>
	<drawable>
		<name>FIGURES.png</name>
	</drawable>
	<drawable>
		<name>WD MONTH BASES.png</name>
	</drawable>
	<drawable>
		<name>DAY.xml</name>
		<arraytype>4</arraytype>
		<centerX>95</centerX>
		<centerY>55</centerY>
	</drawable>
	<drawable>
		<name>BATT LEVEL.xml</name>
		<arraytype>14</arraytype>
		<centerX>-94</centerX>
		<centerY>55</centerY>
	</drawable>
	<drawable>
		<name>WD MONTH.png</name>
	</drawable>
	<drawable>
		<name>Month.xml</name>
		<arraytype>3</arraytype>
		<centerY>108</centerY>
	</drawable>
	<drawable>
		<name>weekday.xml</name>
		<arraytype>5</arraytype>
		<centerY>108</centerY>
	</drawable>
	<drawable>
		<name>MOON PHASE FRAME.png</name>
	</drawable>
	<drawable>
		<name>HH.png</name>
		<rotate>1</rotate>
	</drawable>
	<drawable>
		<name>MH.png</name>
		<rotate>2</rotate>
	</drawable>
	<drawable>
		<name>SH.png</name>
		<rotate>3</rotate>
	</drawable>
	<drawable>
		<name>center.png</name>
		<rotate>3</rotate>
	</drawable>
<!--COMMENTED BY ClockSkinMaker
<metadata gui='rra' version='2.0.0.2'/>
-->
</clockskin>