<?xml version="1.0" encoding="utf-8"?>
<clockskin>
	<drawable>
		<name>FON.png</name>
	</drawable>
	<drawable>
		<name>h_num_colon.png</name>
		<centerX>-29</centerX>
		<centerY>-9</centerY>
	</drawable>
	<drawable>
		<name>s.xml</name>
		<arraytype>12</arraytype>
		<centerX>-88</centerX>
		<centerY>87</centerY>
	</drawable>
	<drawable>
		<name>h.xml</name>
		<arraytype>7</arraytype>
		<centerX>-105</centerX>
		<centerY>5</centerY>
	</drawable>
	<drawable>
		<name>m.xml</name>
		<arraytype>8</arraytype>
		<centerX>43</centerX>
		<centerY>5</centerY>
	</drawable>
	<drawable>
		<name>sek.xml</name>
		<arraytype>9</arraytype>
		<centerX>143</centerX>
		<centerY>-17</centerY>
	</drawable>
	<drawable>
		<name>her.xml</name>
		<arraytype>13</arraytype>
		<centerX>84</centerX>
		<centerY>107</centerY>
	</drawable>
	<drawable>
		<name>d.xml</name>
		<arraytype>4</arraytype>
		<centerX>-117</centerX>
		<centerY>-72</centerY>
	</drawable>
	<drawable>
		<name>mon.xml</name>
		<arraytype>3</arraytype>
		<centerX>-29</centerX>
		<centerY>-64</centerY>
	</drawable>
	<drawable>
		<name>WE.xml</name>
		<arraytype>5</arraytype>
		<centerX>-22</centerX>
		<centerY>-85</centerY>
	</drawable>
	<drawable>
		<name>BAT.xml</name>
		<arraytype>14</arraytype>
		<centerX>80</centerX>
		<centerY>-69</centerY>
	</drawable>
	<drawable>
		<name>y.xml</name>
		<arraytype>16</arraytype>
		<centerY>-147</centerY>
	</drawable>
<!--COMMENTED BY ClockSkinMaker
<metadata gui='rra' version='1.4.0.0'/>
-->
</clockskin>