<?xml version="1.0" encoding="utf-8"?>
<drawables>
	<image>mon_jan.png</image>
	<image>mon_feb.png</image>
	<image>mon_mar.png</image>
	<image>mon_apr.png</image>
	<image>mon_may.png</image>
	<image>mon_jun.png</image>
	<image>mon_jul.png</image>
	<image>mon_aug.png</image>
	<image>mon_sep.png</image>
	<image>mon_oct.png</image>
	<image>mon_nov.png</image>
	<image>mon_dec.png</image>
<!--COMMENTED BY ClockSkinMaker
<metadata gui='rra' version='1.4.0.0' type='array_month' forecolor='FF8000' autoscale='1' font='Microsoft Sans Serif' fontstyle='Bold' fontsize='15,24073'>
<content>ЯНВАРЯ</content>
<content>ФЕВРВЛЯ</content>
<content>МАРТА</content>
<content>АПРЕЛЯ</content>
<content>МАЯ</content>
<content>ИЮНЯ</content>
<content>ИЮЛЯ</content>
<content>АВГУСТА</content>
<content>СЕНТЯБРЯ</content>
<content>ОКТЯБРЯ</content>
<content>НОЯБРЯ</content>
<content>ДЕКАБРЯ</content>
</metadata>
-->
</drawables>