<?xml version="1.0" encoding="utf-8"?>
<drawables>
	<image>WE_sun.png</image>
	<image>WE_mon.png</image>
	<image>WE_tue.png</image>
	<image>WE_wed.png</image>
	<image>WE_thu.png</image>
	<image>WE_fri.png</image>
	<image>WE_sat.png</image>
<!--COMMENTED BY ClockSkinMaker
<metadata gui='rra' version='1.4.0.0' type='array_weekday' forecolor='FFFFFF' autoscale='1' font='a_FuturicaMedium' fontstyle='Bold' fontsize='13,89772'>
<content forecolor='FF0000'>ВОСКРЕСЕНЬЕ</content>
<content>ПОНЕДЕЛЬНИК</content>
<content>ВТОРНИК</content>
<content>СРЕДА</content>
<content>ЧЕТВЕРГ</content>
<content>ПЯТНИЦА</content>
<content forecolor='FF0000'>СУББОТА</content>
</metadata>
-->
</drawables>