<?xml version="1.0" encoding="utf-8"?>
<clockskin>
	<drawable>
		<name>back.png</name>
	</drawable>
	<drawable>
		<name>Batt rotate.png</name>
		<rotate>6</rotate>
	</drawable>
	<drawable>
		<name>60 ticks.png</name>
	</drawable>
	<drawable>
		<name>Figures hatch.png</name>
	</drawable>
	<drawable>
		<name>Batt and day bases_2.png</name>
	</drawable>
	<drawable>
		<name>12 ticks.png</name>
	</drawable>
	<drawable>
		<name>Figures_2.png</name>
	</drawable>
	<drawable>
		<name>Array day.xml</name>
		<arraytype>4</arraytype>
		<centerY>85</centerY>
	</drawable>
	<drawable>
		<name>12 ticks blue.png</name>
	</drawable>
	<drawable>
		<name>LOGO.png</name>
		<centerY>2</centerY>
	</drawable>
	<drawable>
		<name>HH.png</name>
		<rotate>1</rotate>
	</drawable>
	<drawable>
		<name>MH.png</name>
		<rotate>2</rotate>
	</drawable>
	<drawable>
		<name>SH shadow .png</name>
		<rotate>10</rotate>
		<centerX>5</centerX>
		<centerY>5</centerY>
	</drawable>
	<drawable>
		<name>SH.png</name>
		<rotate>3</rotate>
	</drawable>
<!--COMMENTED BY ClockSkinMaker
<metadata gui='rra' version='2.0.0.2'/>
-->
</clockskin>