<?xml version="1.0" encoding="utf-8"?>
<clockskin>
	<drawable>
		<name>Batt rotate.png</name>
		<rotate>6</rotate>
	</drawable>
	<drawable>
		<name>Base.png</name>
	</drawable>
	<drawable>
		<name>Hatch.png</name>
	</drawable>
	<drawable>
		<name>figures.png</name>
	</drawable>
	<drawable>
		<name>wd day bases.png</name>
	</drawable>
	<drawable>
		<name>wd rotate.png</name>
		<rotate>5</rotate>
		<centerY>100</centerY>
	</drawable>
	<drawable>
		<name>DAY.xml</name>
		<arraytype>4</arraytype>
		<centerY>100</centerY>
	</drawable>
	<drawable>
		<name>Batt indic frame.png</name>
	</drawable>
	<drawable>
		<name>HH_2.png</name>
		<rotate>1</rotate>
	</drawable>
	<drawable>
		<name>MH_2.png</name>
		<rotate>2</rotate>
	</drawable>
	<drawable>
		<name>SH.png</name>
		<rotate>3</rotate>
	</drawable>
<!--COMMENTED BY ClockSkinMaker
<metadata gui='rra' version='2.0.0.2'/>
-->
</clockskin>