<?xml version="1.0" encoding="utf-8"?>
<clockskin>
	<drawable>
		<name>Back.png</name>
	</drawable>
	<drawable>
		<name>Month ring.png</name>
	</drawable>
	<drawable>
		<name>WD ring.png</name>
	</drawable>
	<drawable>
		<name>MONTH ARRAY.xml</name>
		<arraytype>3</arraytype>
	</drawable>
	<drawable>
		<name>WD_ARRAY.xml</name>
		<arraytype>5</arraytype>
	</drawable>
	<drawable>
		<name>SH blue.png</name>
		<rotate>3</rotate>
	</drawable>
	<drawable>
		<name>FRAME.png</name>
	</drawable>
	<drawable>
		<name>DAY ARRAY.xml</name>
		<arraytype>4</arraytype>
		<centerX>1</centerX>
		<centerY>121</centerY>
	</drawable>
	<drawable>
		<name>hm_ARRAY.xml</name>
		<arraytype>6</arraytype>
	</drawable>
<!--COMMENTED BY ClockSkinMaker
<metadata gui='rra' version='2.0.0.2'/>
-->
</clockskin>