<?xml version="1.0" encoding="utf-8"?>
<clockskin>
	<drawable>
		<name>400a.png</name>
	</drawable>
	<drawable>
		<name>a.xml</name>
		<arraytype>9</arraytype>
		<centerX>-200</centerX>
	</drawable>
	<drawable>
		<name>hm_1.xml</name>
		<arraytype>7</arraytype>
		<centerX>-111</centerX>
	</drawable>
	<drawable>
		<name>hm.xml</name>
		<arraytype>8</arraytype>
		<centerX>111</centerX>
	</drawable>
	<drawable>
		<name>d_1.xml</name>
		<arraytype>14</arraytype>
		<centerY>131</centerY>
	</drawable>
	<drawable>
		<name>w_1.xml</name>
		<arraytype>5</arraytype>
		<centerX>-39</centerX>
		<centerY>-93</centerY>
	</drawable>
	<drawable>
		<name>d.xml</name>
		<arraytype>4</arraytype>
		<centerX>38</centerX>
		<centerY>-93</centerY>
	</drawable>
	<drawable>
		<name>st.xml</name>
		<arraytype>12</arraytype>
		<centerY>-152</centerY>
	</drawable>
	<drawable>
		<name>second.png</name>
		<rotate>3</rotate>
	</drawable>
<!--COMMENTED BY ClockSkinMaker
<metadata gui='rra' version='1.4.0.0'/>
-->
</clockskin>