<?xml version="1.0" encoding="utf-8"?>
<drawables>
	<image>w_1_sun.png</image>
	<image>w_1_mon.png</image>
	<image>w_1_tue.png</image>
	<image>w_1_wed.png</image>
	<image>w_1_thu.png</image>
	<image>w_1_fri.png</image>
	<image>w_1_sat.png</image>
<!--COMMENTED BY ClockSkinMaker
<metadata gui='rra' version='1.4.0.0' type='array_weekday' forecolor='808080' autoscale='0' font='Arial Narrow' fontstyle='Regular' fontsize='48'>
<content>SU</content>
<content>MO</content>
<content>TU</content>
<content>WE</content>
<content>TH</content>
<content>FR</content>
<content>SA</content>
</metadata>
-->
</drawables>