<?xml version="1.0" encoding="utf-8"?>
<clockskin>
	<drawable>
		<name>watch_panel.png</name>
	</drawable>
	<drawable>
		<name>vaultboy.png</name>
		<centerX>7</centerX>
		<centerY>27</centerY>
	</drawable>
	<drawable>
		<name>datebox.png</name>
		<centerX>94</centerX>
		<centerY>-4</centerY>
	</drawable>
	<drawable>
		<name>daymonth.xml</name>
		<arraytype>2</arraytype>
		<centerX>92</centerX>
		<centerY>-2</centerY>
	</drawable>
	<drawable>
		<name>hour.png</name>
		<rotate>1</rotate>
	</drawable>
	<drawable>
		<name>minute.png</name>
		<rotate>2</rotate>
	</drawable>
<!--COMMENTED BY ClockSkinMaker
<metadata gui='rra' version='1.5.0.0'/>
-->
</clockskin>