﻿<?xml version="1.0" encoding="utf-8"?>
<clockskin> 
	<!--
		<name>day_array.xml</name>    å›¾ç‰‡åç§°  å¯ä»¥æ˜¯å•å¼ å›¾ç‰‡æˆ–è€…xmlé…ç½®æ–‡ä»¶ï¼Œä¸€ä¸ªxmlæ–‡ä»¶ä»£è¡¨é‡Œé¢æ˜¯ä¸€ä¸ªå›¾ç‰‡æ•°ç»„
		<centerX>0</centerX>	 Xåæ ‡ï¼Œé»˜è®¤å±å¹•ä¸­å¿ƒç‚¹
		<centerY>0</centerY>	 Yåæ ‡ï¼Œé»˜è®¤å±å¹•ä¸­å¿ƒç‚¹
		<rotate>1</rotate>		æ—¶é’ˆåˆ†é’ˆç­‰æ—‹è½¬æ ‡è¯†ï¼Œå…·ä½“è§ä¸‹æ–¹è§£é‡Š  roate index
		<angle>60</angle>		è·Ÿ<rotate>æ­é…ï¼Œæ—‹è½¬åå·®è§’åº¦ï¼Œå¦‚é»˜è®¤0åº¦å¼€å§‹ï¼ŒçŽ°åœ¨éœ€è¦ä»Ž60Â°å¼€å§‹åˆ™åœ¨æ­¤é…ç½®
		<arraytype>2</arraytype>		å¦‚æžœå›¾ç‰‡é…ç½®äº†xmlï¼Œè¿™ä¸ªç”¨æ¥æ ‡è¯†å®ƒå…·ä½“ç±»åž‹ï¼Œè§ä¸‹æ–¹çš„ arraytype index
		<color>1</color>		å……ç”µå›¾å½¢çš„é¢œè‰²ï¼Œé»˜è®¤ç™½è‰²ï¼Œéœ€è¦é»‘è‰²åˆ™é…ç½®1ï¼Œå¦åˆ™å¯ä¸é…ç½®
		<mulrotate>3</mulrotate>	è·Ÿ<rotate>æ­é…ï¼Œæ­£å¸¸æ—‹è½¬é€Ÿåº¦çš„å€æ•°ï¼Œé»˜è®¤ä¸º1ï¼Œä¸ºæ­£åˆ™é»˜è®¤æ—‹è½¬é€Ÿåº¦ä¹˜ä»¥é…ç½®çš„å€¼ï¼Œä¸ºè´Ÿåˆ™é™¤å…¶ç»å¯¹å€¼
		<startAngle>150</startAngle>	è¡¨ç›˜æ—è¾¹å¼§å½¢æ–‡å­—èµ·å§‹è§’åº¦
		<direction>1</direction>	æ—‹è½¬æ–¹å‘ï¼Œ1ä¸ºé¡ºæ—¶é’ˆï¼Œ2ä¸ºé€†æ—¶é’ˆï¼Œä¸é…ç½®åˆ™é»˜è®¤ä¸ºé¡ºæ—¶é’ˆ
		<textsize>1</textsize>	è¡¨ç›˜æ—è¾¹å¼§å½¢æ–‡å­—å­—ä½“å¤§å°ï¼Œä¸é…ç½®åˆ™é»˜è®¤19
	-->
	<!-- 
	rotate index :
		hour : 1	æ—¶é’ˆæ—‹è½¬è§’åº¦
		minute : 2	åˆ†é’ˆæ—‹è½¬è§’åº¦
		second : 3	ç§’é’ˆæ—‹è½¬è§’åº¦
		month : 4	æœˆä»½æ—‹è½¬è§’åº¦
		week : 5	æ˜ŸæœŸæ—‹è½¬è§’åº¦
		battery : 6	ç”µæ± æ—‹è½¬è§’åº¦
	-->
	<!--
	arraytype index :  æ•°å­—æ•°ç»„é»˜è®¤ä¸ºä»Žæœ€å°çš„å¼€å§‹ï¼Œå¦‚0â€”â€”9å›¾ç‰‡åˆ™ç¬¬ä¸€å¼ é…ç½®0ï¼Œ1â€”â€”12å›¾ç‰‡åˆ™ç¬¬ä¸€å¼ é…ç½®1
		yearmonthday	:	1	æ•°å­—åž‹å¹´æœˆæ—¥ï¼Œå¦‚2015-01-01ï¼Œï¼Œé‡‡ç”¨11å¼ å›¾ç‰‡ï¼Œç¬¬1â€”â€”10å¼ ä¸ºæ•°å­—0åˆ°9ï¼Œç¬¬11å¼ ä¸ºæ—¥æœŸåˆ†å‰²å›¾
		monthday : 2 	æ•°å­—åž‹æœˆä»½æ—¥æœŸ  å¦‚ 10-01ï¼Œé‡‡ç”¨11å¼ å›¾ç‰‡ï¼Œç¬¬1â€”â€”10å¼ ä¸ºæ•°å­—0åˆ°9ï¼Œç¬¬11å¼ ä¸ºæœˆä»½æ—¥æœŸåˆ†å‰²å›¾
		month : 3	æœˆä»½(é‡‡ç”¨12å¼ å›¾ç‰‡æŒ‡å‘12ä¸ªæœˆï¼Œ1â€”â€”12)
		day : 4		æ—¥æœŸ(é‡‡ç”¨10å¼ å›¾ç‰‡ï¼Œ0â€”â€”9)
		weekday	ï¼š5		æ˜ŸæœŸï¼Œä¸ƒå¼ å›¾ç‰‡ï¼Œå‘¨å¤©åˆ°å‘¨ä¸€
		hourminute : 6	æ•°å­—æ—¶é—´  å¦‚ 10:59 am	å°æ—¶åˆ†é’Ÿï¼Œç¬¬1â€”â€”10å¼ é…ç½®0â€”â€”9æ•°å­—ï¼Œç¬¬11å¼ å›¾ç‰‡é…ç½®åˆ†å‰²å›¾ï¼Œç¬¬12å¼ é…ç½®AMï¼Œç¬¬13å¼ é…ç½®PMï¼Œ
							å¦‚æ²¡æœ‰AMå’ŒPMåˆ™å¯ä¸é…ï¼Œè¿™ä¸ªç»„åˆé…ç½®çš„ä¸­å¿ƒç‚¹ä¸ºæ•°å­—çš„ä¸­å¿ƒç‚¹ï¼Œå¦‚æœ‰AMPMä¼šè‡ªåŠ¨åŠ å…¥åˆ°æ•°å­—åŽæ–¹
		hour : 7	å°æ—¶ï¼Œ0â€”â€”9å›¾ç‰‡
		minute ï¼š8	åˆ†é’Ÿï¼Œ0â€”â€”9å›¾ç‰‡
		second : 9	ç§’ï¼Œ0â€”â€”9å›¾ç‰‡
		weather	:	10 å¤©æ°”ï¼Œå›ºå®š15å¼ å›¾ç‰‡ï¼Œå›¾ç‰‡é¡ºåºå‚è€ƒweather_array.xmlé‡Œæ³¨é‡Š
		temprature	ï¼š	11	æ¸©åº¦ï¼Œå››å¼ å›¾ç‰‡ï¼Œç¬¬ä¸€å¼ è´Ÿå·ï¼Œæœ€åŽä¸€å¼ å•ä½ï¼Œå›¾ç‰‡é…ç½®ä¸ºç¬¬1-10ä¸ºæ•°å­—ï¼Œç¬¬11å¼ å›¾ç‰‡ä¸ºè´Ÿå·ï¼Œç¬¬12å¼ å›¾ç‰‡ä¸ºå•ä½
		steps ï¼š 12 æ­¥æ•°ï¼Œäº”ä¸ªæ•°å­—ï¼Œé«˜ä½ä¸ºç©ºåˆ™ä½¿ç”¨ç‰¹æ®Šå›¾ç‰‡ï¼Œç¬¬1â€”â€”10é…ç½®0â€”â€”9æ•°å­—ï¼Œç¬¬11å¼ é…ç½®ç‰¹æ®Šå›¾ç‰‡
		heartrate : 13		ä¸Šæ¬¡å¿ƒçŽ‡ç»“æžœï¼Œ10å¼ å›¾ç‰‡ï¼Œ0â€”â€”9
		battery level ï¼š 14 ç”µé‡ï¼Œä¸‰ä¸ªæ•°å­—ï¼Œé«˜ä½ä¸ºç©ºåˆ™ä½¿ç”¨ç‰¹æ®Šå›¾ç‰‡ï¼Œç¬¬1â€”â€”10é…ç½®0â€”â€”9æ•°å­—ï¼Œç¬¬11å¼ é…ç½®ç‰¹æ®Šå›¾ç‰‡
		special second	:	15	è·‘åŠ¨çš„ç§’é’ˆå›¾ç‰‡ï¼Œèµ°è¿‡çš„ä¸ºä¸€ä¸ªé¢œè‰²ï¼Œæ²¡èµ°è¿‡çš„ä¸ºå¦ä¸€ä¸ªé¢œè‰²ï¼Œä¸¤å¼ å›¾ç‰‡ï¼Œç¬¬ä¸€å¼ ä¸ºèµ°è¿‡çš„å›¾ç‰‡ï¼Œç¬¬äºŒå¼ ä¸ºæ™®é€šå›¾ç‰‡
		pedometer text	ï¼š 97 è¡¨ç›˜æ—è¾¹ç”»å¼§å½¢æ–‡å­—ï¼Œè®¡æ­¥æ€»æ•°ï¼Œå¯ä½¿ç”¨<startAngle>é…ç½®èµ·å§‹è§’åº¦ï¼Œ<direction>é…ç½®æ–¹å‘ï¼Œ<textsize>é…ç½®æ–‡å­—å¤§å°
		heartrate text	ï¼š 98 è¡¨ç›˜æ—è¾¹ç”»å¼§å½¢æ–‡å­—ï¼Œä¸Šæ¬¡å¿ƒçŽ‡ç»“æžœï¼Œå¯ä½¿ç”¨<startAngle>é…ç½®èµ·å§‹è§’åº¦ï¼Œ<direction>é…ç½®æ–¹å‘ï¼Œ<textsize>é…ç½®æ–‡å­—å¤§å°
		charging battery ï¼š 99 å……ç”µç”µæ± å›¾æ ‡ä½ç½®ï¼Œæ— éœ€é…å›¾ç‰‡ï¼Œåªè¦åæ ‡ä½ç½®å³å¯ï¼Œé…ç½®æ–‡å­—åŠå›¾ç‰‡é¢œè‰²ä½¿ç”¨<color>
	-->
	
	<drawable>
		<name>clock_skin_panel.png</name>
	</drawable>
	<drawable>
		<name>day_array.xml</name>
		<centerX>88</centerX>
		<arraytype>4</arraytype>
	</drawable>
		<drawable>
	<name>small_hand.png</name>
		<centerX>0</centerX>
		<centerY>-80</centerY>
	<direction>2</direction>
	<mulrotate>2</mulrotate>
	<rotate>6</rotate>
	</drawable>
		<drawable>
	<name>small_hand.png</name>
		<centerX>0</centerX>
		<centerY>85</centerY>
	<direction>2</direction>
	<rotate>3</rotate>
	</drawable>	
	<drawable>
		<centerX>-20</centerX>
		<centerY>-60</centerY>
		<arraytype>99</arraytype>
	</drawable>
	<drawable>
		<name>clock_skin_hour.png</name>
		<rotate>1</rotate>
	</drawable>
	<drawable>
		<name>clock_skin_minute.png</name>
		<rotate>2</rotate>
	</drawable>
	<drawable>
		<name>clock_skin_second.png</name>
		<rotate>3</rotate>
	</drawable>
</clockskin>

