<?xml version="1.0" encoding="utf-8"?>
<clockskin>
	<drawable>
		<name>c1cba8e24c6e498ea09193959e860162.png</name>
	</drawable>
	<drawable>
		<name>dda0fb4f900446eab88e2d86a347e9b4.png</name>
		<rotate>1</rotate>
	</drawable>
	<drawable>
		<name>73bc5053c37945c796c91f4d9b4d8dab.png</name>
		<rotate>2</rotate>
	</drawable>
	<drawable>
		<name>7c1d32c0d7d340ecaf915fe689b2d011.png</name>
		<rotate>3</rotate>
	</drawable>
<!--COMMENTED BY ClockSkinMaker
<metadata gui='rra' version='1.6.0.0'/>
-->
</clockskin>