<?xml version="1.0" encoding="utf-8"?>
<clockskin>
	<drawable>
		<name>img2103.png</name>
	</drawable>
	<drawable>
		<name>hm_1.xml</name>
		<arraytype>6</arraytype>
		<centerX>-38</centerX>
		<centerY>94</centerY>
	</drawable>
	<drawable>
		<name>day.xml</name>
		<arraytype>5</arraytype>
		<centerY>65</centerY>
	</drawable>
	<drawable>
		<name>DAY_11_2.xml</name>
		<arraytype>4</arraytype>
		<centerX>-71</centerX>
		<centerY>123</centerY>
	</drawable>
	<drawable>
		<name>DAY_11_3.xml</name>
		<arraytype>16</arraytype>
		<centerX>55</centerX>
		<centerY>123</centerY>
	</drawable>
	<drawable>
		<name>MONTH.xml</name>
		<arraytype>3</arraytype>
		<centerX>-18</centerX>
		<centerY>123</centerY>
	</drawable>
	<drawable>
		<name>DAY_118.xml</name>
		<arraytype>13</arraytype>
		<centerX>83</centerX>
		<centerY>-99</centerY>
	</drawable>
	<drawable>
		<name>AM&amp;PM.xml</name>
		<arraytype>6</arraytype>
		<centerX>76</centerX>
		<centerY>96</centerY>
	</drawable>
	<drawable>
		<name>TEMP.xml</name>
		<arraytype>11</arraytype>
		<centerX>73</centerX>
		<centerY>-15</centerY>
	</drawable>
	<drawable>
		<name>BATT111.xml</name>
		<arraytype>14</arraytype>
		<centerX>-82</centerX>
		<centerY>-98</centerY>
	</drawable>
	<drawable>
		<color>1</color>
		<arraytype>99</arraytype>
		<centerX>-26</centerX>
		<centerY>146</centerY>
	</drawable>
	<drawable>
		<name>DAY_11_1.xml</name>
		<arraytype>12</arraytype>
		<centerX>109</centerX>
		<centerY>20</centerY>
	</drawable>
	<drawable>
		<name>weather_array.xml</name>
		<arraytype>10</arraytype>
		<centerX>127</centerX>
		<centerY>-24</centerY>
	</drawable>
	<drawable>
		<name>moon_phase.xml</name>
		<arraytype>19</arraytype>
		<centerX>-94</centerX>
		<centerY>-28</centerY>
	</drawable>
	<drawable>
		<name>24H.png</name>
		<rotate>7</rotate>
		<centerX>-1</centerX>
		<centerY>-113</centerY>
	</drawable>
	<drawable>
		<name>SECOND.png</name>
		<rotate>3</rotate>
		<centerX>-94</centerX>
	</drawable>
	<drawable>
		<name>img2017.png</name>
		<rotate>1</rotate>
	</drawable>
	<drawable>
		<name>img2018.png</name>
		<rotate>2</rotate>
	</drawable>
<!--COMMENTED BY ClockSkinMaker
<metadata gui='rra' version='1.4.0.0'/>
-->
</clockskin>