<?xml version="1.0" encoding="utf-8"?>
<drawables>
	<image>DAY_11_num_0_2.png</image>
	<image>DAY_11_num_1_2.png</image>
	<image>DAY_11_num_2_2.png</image>
	<image>DAY_11_num_3_2.png</image>
	<image>DAY_11_num_4_2.png</image>
	<image>DAY_11_num_5_2.png</image>
	<image>DAY_11_num_6_2.png</image>
	<image>DAY_11_num_7_2.png</image>
	<image>DAY_11_num_8_2.png</image>
	<image>DAY_11_num_9_2.png</image>
	<image>DAY_11_num_minus_2.png</image>
<!--COMMENTED BY ClockSkinMaker
<metadata gui='rra' version='1.4.0.0' type='array_year' forecolor='E09436' autoscale='1' shadowcolor='000000' shadowx='1' shadowy='1' font='BankGothic Lt BT' fontstyle='Regular' fontsize='26.60674'>
<content>0</content>
<content>1</content>
<content>2</content>
<content>3</content>
<content>4</content>
<content>5</content>
<content>6</content>
<content>7</content>
<content>8</content>
<content>9</content>
<content>:</content>
</metadata>
-->
</drawables>