<?xml version="1.0" encoding="utf-8"?>
<clockskin>
	<drawable>
		<name>clock_skin_panel.png</name>
	</drawable>
	<drawable>
		<name>day_array.xml</name>
		<arraytype>4</arraytype>
		<centerX>106</centerX>
		<centerY>-9</centerY>
	</drawable>
	<drawable>
		<name>clock_skin_hour.png</name>
		<rotate>1</rotate>
	</drawable>
	<drawable>
		<name>clock_skin_minute.png</name>
		<rotate>2</rotate>
	</drawable>
	<drawable>
		<name>clock_skin_second.png</name>
		<rotate>3</rotate>
	</drawable>
<!--COMMENTED BY ClockSkinMaker
<metadata gui='rra' version='1.5.0.0'/>
-->
</clockskin>