<?xml version="1.0" encoding="utf-8"?>
<clockskin>
	<drawable>
		<name>vxcbvxcvb.png</name>
	</drawable>
	<drawable>
		<name>h.png</name>
		<rotate>1</rotate>
	</drawable>
	<drawable>
		<name>m.png</name>
		<rotate>2</rotate>
	</drawable>
	<drawable>
		<name>s.png</name>
		<rotate>3</rotate>
	</drawable>
	<drawable>
		<name>vhvxghn.png</name>
		<centerY>3</centerY>
	</drawable>
	<drawable>
		<name>ddd.xml</name>
		<arraytype>4</arraytype>
		<centerX>11</centerX>
		<centerY>-41</centerY>
	</drawable>
	<drawable>
		<name>w.xml</name>
		<arraytype>5</arraytype>
		<centerX>-15</centerX>
		<centerY>38</centerY>
	</drawable>
	<drawable>
		<arraytype>99</arraytype>
		<centerX>-22</centerX>
		<centerY>140</centerY>
	</drawable>
<!--COMMENTED BY ClockSkinMaker
<metadata gui='rra' version='1.6.0.0'/>
-->
</clockskin>