<?xml version="1.0" encoding="utf-8"?>
<clockskin>
	<drawable>
		<name>image1.png</name>
	</drawable>
	<drawable>
		<arraytype>99</arraytype>
		<centerX>-23</centerX>
		<centerY>-129</centerY>
	</drawable>
	<drawable>
		<name>image2_1.png</name>
		<rotate>7</rotate>
		<centerX>99</centerX>
		<centerY>15</centerY>
		<mulrotate>1</mulrotate>
	</drawable>
	<drawable>
		<name>image3.png</name>
	</drawable>
	<drawable>
		<name>image2_2.png</name>
		<rotate>3</rotate>
		<centerY>62</centerY>
		<mulrotate>2</mulrotate>
	</drawable>
	<drawable>
		<name>image5.png</name>
	</drawable>
	<drawable>
		<name>image2.png</name>
		<rotate>6</rotate>
		<centerX>-99</centerX>
		<centerY>15</centerY>
		<mulrotate>2</mulrotate>
	</drawable>
	<drawable>
		<name>image7.png</name>
	</drawable>
	<drawable>
		<name>image8.png</name>
		<rotate>1</rotate>
		<mulrotate>1</mulrotate>
	</drawable>
	<drawable>
		<name>image9.png</name>
		<rotate>2</rotate>
		<mulrotate>1</mulrotate>
	</drawable>
	<drawable>
		<name>image10.png</name>
		<rotate>10</rotate>
		<mulrotate>1</mulrotate>
	</drawable>
	<drawable>
		<name>image11.png</name>
		<rotate>3</rotate>
		<mulrotate>1</mulrotate>
	</drawable>
	<drawable>
		<name>image12.png</name>
	</drawable>
<!--COMMENTED BY ClockSkinMaker
<metadata gui='rra' version='1.4.0.0'/>
-->
</clockskin>