<?xml version="1.0" encoding="utf-8"?>
<drawables>
	<image>y_num_0_2.png</image>
	<image>y_num_1_2.png</image>
	<image>y_num_2_2.png</image>
	<image>y_num_3_2.png</image>
	<image>y_num_4_2.png</image>
	<image>y_num_5_2.png</image>
	<image>y_num_6_2.png</image>
	<image>y_num_7_2.png</image>
	<image>y_num_8_2.png</image>
	<image>y_num_9_2.png</image>
	<image>y_num_colon_2.png</image>
<!--COMMENTED BY ClockSkinMaker
<metadata gui='rra' version='1.6.0.0' type='array_yearmonthday' autoscale='1' font='Times New Roman' fontstyle='Regular' fontsize='8.098419'>
<content>0</content>
<content>1</content>
<content>2</content>
<content>3</content>
<content>4</content>
<content>5</content>
<content>6</content>
<content>7</content>
<content>8</content>
<content>9</content>
<content>/</content>
</metadata>
-->
</drawables>