<?xml version="1.0" encoding="utf-8"?>
<clockskin>
	<drawable>
		<name>EFR303.png</name>
	</drawable>
	<drawable>
		<name>EFR303-battery-shadow.png</name>
		<rotate>6</rotate>
		<centerX>-64</centerX>
		<centerY>4</centerY>
		<mulrotate>2</mulrotate>
	</drawable>
	<drawable>
		<name>EFR303-battery.png</name>
		<rotate>6</rotate>
		<centerX>-68</centerX>
		<mulrotate>2</mulrotate>
	</drawable>
	<drawable>
		<name>EFR303-little-hour-shadow_1.png</name>
		<rotate>1</rotate>
		<centerX>4</centerX>
		<centerY>-77</centerY>
	</drawable>
	<drawable>
		<name>EFR303-little-hour.png</name>
		<rotate>1</rotate>
		<centerY>-81</centerY>
	</drawable>
	<drawable>
		<name>EFR303-little-hour-shadow.png</name>
		<rotate>7</rotate>
		<centerX>4</centerX>
		<centerY>76</centerY>
	</drawable>
	<drawable>
		<name>EFR303-little-hour-white.png</name>
		<rotate>7</rotate>
		<centerY>72</centerY>
	</drawable>
	<drawable>
		<name>EFR303-little-minute-shadow_1.png</name>
		<rotate>2</rotate>
		<centerX>4</centerX>
		<centerY>76</centerY>
	</drawable>
	<drawable>
		<name>EFR303-little-minute_1.png</name>
		<rotate>2</rotate>
		<centerY>72</centerY>
	</drawable>
	<drawable>
		<name>EFR303-little-minute-shadow.png</name>
		<rotate>2</rotate>
		<centerX>4</centerX>
		<centerY>-77</centerY>
	</drawable>
	<drawable>
		<name>EFR303-little-minute.png</name>
		<rotate>2</rotate>
		<centerY>-81</centerY>
	</drawable>
	<drawable>
		<name>EFR303-hour-shadow.png</name>
		<rotate>8</rotate>
		<centerX>4</centerX>
		<centerY>4</centerY>
	</drawable>
	<drawable>
		<name>EFR303-hour.png</name>
		<rotate>1</rotate>
	</drawable>
	<drawable>
		<name>EFR303-minute-shadow.png</name>
		<rotate>9</rotate>
		<centerX>4</centerX>
		<centerY>4</centerY>
	</drawable>
	<drawable>
		<name>EFR303-minute.png</name>
		<rotate>2</rotate>
	</drawable>
	<drawable>
		<name>EFR303-second-shadow.png</name>
		<rotate>10</rotate>
		<centerX>4</centerX>
		<centerY>4</centerY>
	</drawable>
	<drawable>
		<name>EFR303-second.png</name>
		<rotate>3</rotate>
	</drawable>
<!--COMMENTED BY ClockSkinMaker
<metadata gui='rra' version='1.5.0.0'/>
-->
</clockskin>