<?xml version="1.0" encoding="utf-8"?>
<clockskin>
	<drawable>
		<name>background.png</name>
	</drawable>
	<drawable>
		<name>up 3.png</name>
	</drawable>
	<drawable>
		<name>daynew_1.xml</name>
		<arraytype>14</arraytype>
		<centerY>139</centerY>
	</drawable>
	<drawable>
		<name>daynew.xml</name>
		<arraytype>4</arraytype>
		<centerX>53</centerX>
		<centerY>141</centerY>
	</drawable>
	<drawable>
		<name>month.xml</name>
		<arraytype>3</arraytype>
		<centerX>-54</centerX>
		<centerY>140</centerY>
	</drawable>
	<drawable>
		<color>1</color>
		<arraytype>99</arraytype>
		<centerX>-21</centerX>
		<centerY>-78</centerY>
	</drawable>
	<drawable>
		<name>hour.png</name>
		<rotate>1</rotate>
	</drawable>
	<drawable>
		<name>mint.png</name>
		<rotate>2</rotate>
	</drawable>
	<drawable>
		<name>sec.png</name>
		<rotate>3</rotate>
	</drawable>
	<drawable>
		<name>up.png</name>
	</drawable>
<!--COMMENTED BY ClockSkinMaker
<metadata gui='rra' version='1.4.0.0'/>
-->
</clockskin>