<?xml version="1.0" encoding="utf-8"?>
<drawabtles>
	<image>bt1.png</image>
	<image>bt11.png</image>
	<image>bt2.png</image>
	<image>bt22.png</image>
	<image>bt3.png</image>
	<image>bt33.png</image>
	<image>bt4.png</image>
	<image>bt44.png</image>
	<image>bt5.png</image>
	<image>bt55.png</image>
	<image>digital9_11_lead.png</image>
	<image>digital9_11_percent.png</image>
<!--COMMENTED btY ClockSkinMaker
<metadata gui='rra' version='1.6.0.0' type='array_btattery_level' autoscale='1' font='Times New Roman' fontstyle='Regular' fontsize='7.202815'>
<content>0</content>
<content>1</content>
<content>2</content>
<content>3</content>
<content>4</content>
<content>5</content>
<content>6</content>
<content>7</content>
<content>8</content>
<content>9</content>
<content></content>
<content>%</content>
</metadata>
-->
</drawabtles>