<?xml version="1.0" encoding="utf-8"?>
<clockskin>
	<drawable>
		<name>backkk.png</name>
	</drawable>
	<drawable>
		<name>clock_skin_fire.png</name>
		<rotate>3</rotate>
		<mulrotate>3</mulrotate>
	</drawable>
	<drawable>
		<name>clock_skin_firemask.png</name>
		<rotate>3</rotate>
		<direction>2</direction>
		<mulrotate>2</mulrotate>
	</drawable>
	<drawable>
		<name>back2.png</name>
	</drawable>
	<drawable>
		<name>digital new.png</name>
	</drawable>
	<drawable>
		<name>round black.png</name>
	</drawable>
	<drawable>
		<name>sec.xml</name>
		<arraytype>9</arraytype>
		<centerX>134</centerX>
		<centerY>-32</centerY>
	</drawable>
	<drawable>
		<name>mint.xml</name>
		<arraytype>8</arraytype>
		<centerX>23</centerX>
		<centerY>-23</centerY>
	</drawable>
	<drawable>
		<name>weekday_array.xml</name>
		<arraytype>5</arraytype>
		<centerX>24</centerX>
		<centerY>34</centerY>
	</drawable>
	<drawable>
		<name>hour.xml</name>
		<arraytype>7</arraytype>
		<centerX>-116</centerX>
		<centerY>-8</centerY>
	</drawable>
	<drawable>
		<name>heartrate_array.xml</name>
		<arraytype>13</arraytype>
		<centerX>-108</centerX>
		<centerY>77</centerY>
	</drawable>
	<drawable>
		<name>weather33.xml</name>
		<arraytype>10</arraytype>
		<centerX>40</centerX>
		<centerY>80</centerY>
	</drawable>
	<drawable>
		<name>temp.xml</name>
		<arraytype>11</arraytype>
		<centerX>102</centerX>
		<centerY>76</centerY>
	</drawable>
	<drawable>
		<name>stepsss1.xml</name>
		<arraytype>12</arraytype>
		<centerX>-1</centerX>
		<centerY>128</centerY>
	</drawable>
	<drawable>
		<arraytype>99</arraytype>
		<centerX>-28</centerX>
		<centerY>-125</centerY>
	</drawable>
	<drawable>
		<name>digital9_11.xml</name>
		<arraytype>14</arraytype>
		<centerY>-172</centerY>
	</drawable>
	<drawable>
		<name>clock_skin_second.png</name>
		<rotate>3</rotate>
		<direction>1</direction>
	</drawable>
	<drawable>
		<name>monthhhh.xml</name>
		<arraytype>3</arraytype>
		<centerX>-30</centerX>
		<centerY>-95</centerY>
	</drawable>
	<drawable>
		<name>stepsss1_1t.xml</name>
		<arraytype>4</arraytype>
		<centerX>-100</centerX>
		<centerY>-100</centerY>
	</drawable>
	<drawable>
		<name>stepsss1_1t_1.xml</name>
		<arraytype>16</arraytype>
		<centerX>75</centerX>
		<centerY>-100</centerY>
	</drawable>
	<drawable>
		<name>moon_phase.xml</name>
		<arraytype>19</arraytype>
		<centerX>134</centerX>
		<centerY>23</centerY>
	</drawable>
	<drawable>
		<name>batt background.png</name>
	</drawable>
	<drawable>
		<name>batterynnn.xml</name>
		<arraytype>14</arraytype>
		<centerX>200</centerX>
	</drawable>
<!--COMMENTED BY ClockSkinMaker
<metadata gui='rra' version='1.4.0.0'/>
-->
</clockskin>