<?xml version="1.0" encoding="utf-8"?>
<clockskin>
	<drawable>
		<name>COLOR.png</name>
		<rotate>3</rotate>
		<mulrotate>15</mulrotate>
	</drawable>
	<drawable>
		<name>image1.png</name>
	</drawable>
	<drawable>
		<name>image2.png</name>
		<rotate>3</rotate>
		<centerX>51</centerX>
		<centerY>-88</centerY>
		<mulrotate>6</mulrotate>
	</drawable>
	<drawable>
		<name>image3.png</name>
	</drawable>
	<drawable>
		<name>image4.png</name>
		<rotate>3</rotate>
		<centerX>-49</centerX>
		<centerY>89</centerY>
		<mulrotate>6</mulrotate>
	</drawable>
	<drawable>
		<name>image5.png</name>
	</drawable>
	<drawable>
		<name>digital1.xml</name>
		<arraytype>6</arraytype>
		<centerX>14</centerX>
		<centerY>-26</centerY>
	</drawable>
	<drawable>
		<name>digital2.xml</name>
		<arraytype>9</arraytype>
		<centerX>148</centerX>
		<centerY>-18</centerY>
	</drawable>
	<drawable>
		<name>digital4.xml</name>
		<arraytype>11</arraytype>
		<centerX>-140</centerX>
		<centerY>-28</centerY>
	</drawable>
	<drawable>
		<name>digital5.xml</name>
		<arraytype>10</arraytype>
		<centerX>-133</centerX>
		<centerY>-53</centerY>
	</drawable>
	<drawable>
		<name>digital8.xml</name>
		<arraytype>5</arraytype>
		<centerX>-33</centerX>
		<centerY>24</centerY>
	</drawable>
	<drawable>
		<name>digital9.xml</name>
		<arraytype>3</arraytype>
		<centerX>-38</centerX>
		<centerY>48</centerY>
	</drawable>
	<drawable>
		<name>digital12_1.xml</name>
		<arraytype>4</arraytype>
		<centerX>-83</centerX>
		<centerY>32</centerY>
	</drawable>
	<drawable>
		<name>moon_phase.xml</name>
		<arraytype>19</arraytype>
		<centerX>-49</centerX>
		<centerY>105</centerY>
	</drawable>
	<drawable>
		<name>digital12_2.xml</name>
		<arraytype>14</arraytype>
		<centerX>50</centerX>
		<centerY>-102</centerY>
	</drawable>
	<drawable>
		<arraytype>99</arraytype>
		<centerX>23</centerX>
		<centerY>-76</centerY>
	</drawable>
	<drawable>
		<name>AM&amp;PM.xml</name>
		<arraytype>6</arraytype>
		<centerX>162</centerX>
		<centerY>-56</centerY>
	</drawable>
	<drawable>
		<name>digital12.xml</name>
		<arraytype>16</arraytype>
		<centerX>35</centerX>
		<centerY>36</centerY>
	</drawable>
	<drawable>
		<name>cal_1.xml</name>
		<arraytype>54</arraytype>
		<centerX>132</centerX>
		<centerY>40</centerY>
	</drawable>
	<drawable>
		<name>dis.xml</name>
		<arraytype>60</arraytype>
		<centerX>-102</centerX>
		<centerY>-90</centerY>
	</drawable>
	<drawable>
		<name>cal_2.xml</name>
		<arraytype>12</arraytype>
		<centerX>104</centerX>
		<centerY>100</centerY>
	</drawable>
	<drawable>
		<name>cal.xml</name>
		<arraytype>13</arraytype>
		<centerX>-159</centerX>
		<centerY>24</centerY>
	</drawable>
<drawable>
        <!--ALARM-->
        <arraytype>100</arraytype>
        <centerX>12</centerX>
        <centerY>-25</centerY>
        <range>50</range>
        <cls>com.android.deskclock.DeskClock</cls>
        <pkg>com.android.deskclock</pkg>
    </drawable>

    <drawable>
        <!--PHONE-->
        <arraytype>100</arraytype>
        <centerX>48</centerX>
        <centerY>160</centerY>
        <range>30</range>
        <cls>com.android.dialer.DialtactsWearActivity</cls>
        <pkg>com.android.dialer</pkg>
    </drawable> 
	
    <drawable>
        <!--GOOGLE ASSISTANT-->
        <arraytype>100</arraytype>
        <centerX>-7</centerX>
        <centerY>182</centerY>
        <range>30</range>
        <cls>com.google.android.apps.googleassistant.AssistantActivity</cls>
        <pkg>com.google.android.apps.googleassistant</pkg>
    </drawable>

   

    <drawable>
    <!--FITNESS-->
        <arraytype>100</arraytype>
        <centerX>141</centerX>
        <centerY>34</centerY>
        <range>50</range>
        <cls>com.sprots.wiiteer.fitness.module.main.ui.MainActivity</cls>
        <pkg>com.sprots.wiiteer.fitness</pkg>
    </drawable>

    <drawable>
    <!--heart_rate-->
       <arraytype>100</arraytype>
       <centerX>-158</centerX>
       <centerY>-18</centerY>
       <range>30</range>
       <cls>com.cenon.heartrate.HeartRateMonitorActivity</cls>
       <pkg>com.cenon.heartrate</pkg>
    </drawable>



<!--1 Music at Notes-->
    <drawable>
	<arraytype>100</arraytype>
	<centerX>-89</centerX>
	<centerY>-155</centerY>
	<range>30</range>
	<cls>com.android.music.MusicBrowserActivity</cls>
	<pkg>com.android.music</pkg>
    </drawable>


<!--3 Calendar at Date-->
    <drawable>
	<arraytype>100</arraytype>
	<centerX>-34</centerX>
	<centerY>35</centerY>
	<range>50</range>
	<cls>com.android.calendar.AllInOneActivity</cls>
	<pkg>com.google.android.calendar</pkg>
    </drawable>





<!--10 Power at Power-->
    <drawable>
	<arraytype>100</arraytype>
	<centerX>61</centerX>
	<centerY>-105</centerY>
	<range>30</range>
	<cls>com.android.settings.Settings$PowerUsageSummaryActivity</cls>
	<pkg>com.android.settings</pkg>
    </drawable>





<!--14 Sports-->
    <drawable>
	<arraytype>100</arraytype>
	<centerX>109</centerX>
	<centerY>92</centerY>
	<range>40</range>
	<cls>it.nimarsolutions.rungpstracker.SplashActivity</cls>
        <pkg>it.nimarsolutions.rungpstracker</pkg>
    </drawable>

<!--15 Camera-->
    <drawable>
	<arraytype>100</arraytype>
	<centerX>-164</centerX>
	<centerY>66</centerY>
	<range>30</range>
	<cls>com.android.camera.CameraLauncher</cls>
	<pkg>com.mediatek.camera</pkg>
    </drawable>

<!--16 Brightness -->
    <drawable>
	<arraytype>100</arraytype>
	<centerX>-48</centerX>
	<centerY>102</centerY>
	<range>30</range>
	<cls>com.android.systemui.settings.BrightnessDialog</cls>
	<pkg>com.android.systemui</pkg>
    </drawable>

<!--17 Maps-->
    <drawable>
	<arraytype>100</arraytype>
	<centerX>-118</centerX>
	<centerY>-92</centerY>
	<range>30</range>
	<cls>com.google.android.maps.MapsActivity</cls>
        <pkg>com.google.android.apps.maps</pkg>
    </drawable>
<!--mic-->
    <drawable>
	<arraytype>100</arraytype>
	<centerX>-41</centerX>
	<centerY>-164</centerY>
	<range>30</range>
	<cls>com.android.soundrecorder.SoundRecorder</cls>
	<pkg>com.android.soundrecorder</pkg>
    </drawable>

 
 <!-- Contacts -->
    <drawable>
        <arraytype>100</arraytype>
        <centerX>93</centerX>
        <centerY>154</centerY>
		<range>30</range>
    <cls>com.android.contacts.activities.PeopleActivity</cls>
    <pkg>com.android.contacts</pkg>
    </drawable>
	<drawable>
    <!--WEATHER-->
        <arraytype>100</arraytype>
        <centerX>-138</centerX>
        <centerY>-38</centerY>
        <range>40</range>
        <cls>com.android.watchweather.WeatherActivity</cls>
        <pkg>com.android.watchweather</pkg>
    </drawable>
<!--COMMENTED BY ClockSkinMaker
<metadata gui='rra' version='1.4.0.0'/>
-->
</clockskin>