<?xml version="1.0" encoding="utf-8"?>
<clockskin>
	<drawable>
		<name>24.png</name>
		<rotate>7</rotate>
		<centerY>-22</centerY>
	</drawable>
	<drawable>
		<name>Hatch_with moon indic hole.png</name>
	</drawable>
	<drawable>
		<name>Ticks_GRAY.png</name>
	</drawable>
	<drawable>
		<name>mask for figures.png</name>
	</drawable>
	<drawable>
		<name>figures_light.png</name>
	</drawable>
	<drawable>
		<name>Rings.png</name>
	</drawable>
	<drawable>
		<name>Rings_light.png</name>
	</drawable>
	<drawable>
		<name>sec ring.png</name>
		<centerY>-2</centerY>
	</drawable>
	<drawable>
		<name>Balance Wheel_2.png</name>
		<rotate>3</rotate>
		<centerY>109</centerY>
		<mulrotate>100</mulrotate>
	</drawable>
	<drawable>
		<name>Balance Wheel_3.png</name>
		<rotate>3</rotate>
		<centerY>109</centerY>
		<mulrotate>80</mulrotate>
	</drawable>
	<drawable>
		<name>Balance Wheel__.png</name>
		<rotate>3</rotate>
		<centerY>1090</centerY>
		<mulrotate>120</mulrotate>
	</drawable>
	<drawable>
		<name>Balance Wheel___.png</name>
		<rotate>3</rotate>
		<centerY>109</centerY>
		<mulrotate>140</mulrotate>
	</drawable>
	<drawable>
		<name>Spring_blue.png</name>
		<centerY>109</centerY>
	</drawable>
	<drawable>
		<name>Flying Tourbillon_3.png</name>
		<rotate>3</rotate>
		<centerY>109</centerY>
	</drawable>
	<drawable>
		<name>BATT WD DAY BASES.png</name>
	</drawable>
	<drawable>
		<name>A_day.xml</name>
		<arraytype>4</arraytype>
		<centerX>-123</centerX>
		<centerY>33</centerY>
	</drawable>
	<drawable>
		<name>Batt rotate.png</name>
		<rotate>6</rotate>
		<centerX>-123</centerX>
		<centerY>-2</centerY>
	</drawable>
	<drawable>
		<name>WD ROTATE.png</name>
		<rotate>5</rotate>
		<centerX>123</centerX>
		<centerY>-2</centerY>
	</drawable>
	<drawable>
		<name>moon_phase.xml</name>
		<arraytype>19</arraytype>
		<centerY>-79</centerY>
	</drawable>
	<drawable>
		<name>HH_2.png</name>
		<rotate>1</rotate>
	</drawable>
	<drawable>
		<name>MH_2.png</name>
		<rotate>2</rotate>
	</drawable>
	<drawable>
		<name>SH.png</name>
		<rotate>3</rotate>
	</drawable>
<!--COMMENTED BY ClockSkinMaker
<metadata gui='rra' version='2.0.0.2'/>
-->
</clockskin>