﻿<?xml version="1.0" encoding="utf-8"?>
<clockskin>
  <drawable>
    <name>bg.png</name>
	<centerX>153</centerX>
  </drawable>
  <drawable>
    <name>days.xml</name>
    <arraytype>4</arraytype>
    <centerX>153</centerX>
  </drawable>
  <drawable>
    <name>clock_dial.png</name>
  </drawable>
  <drawable>
    <name>power_hand.png</name>
    <rotate>6</rotate>
    <centerX>-41</centerX>
    <centerY>76</centerY>
    <angle>-101</angle>
	<startAngle>0</startAngle>
	<mulrotate>-2</mulrotate>
    <direction>1</direction>
  </drawable>
  <drawable>
	<name>hand_hou_s.png</name>
	<rotate>8</rotate>
  </drawable>
  <drawable>
    <name>hand_hou.png</name>
    <rotate>1</rotate>
  </drawable>
  <drawable>
	<name>hand_min_s.png</name>
	<rotate>9</rotate>
  </drawable>
  <drawable>
    <name>hand_min.png</name>
    <rotate>2</rotate>
  </drawable>
  <drawable>
	<name>hand_sec_s.png</name>
	<rotate>10</rotate>
  </drawable>
  <drawable>
    <name>hand_sec.png</name>
    <rotate>3</rotate>
  </drawable>
  <drawable>
    <arraytype>99</arraytype>
    <centerX>-20</centerX>
    <centerY>-80</centerY>
	<color>1</color>
  </drawable>
</clockskin>