<?xml version="1.0" encoding="utf-8"?>
<clockskin>
	<drawable>
		<name>bg.png</name>
	</drawable>
<drawable>
       <arraytype>58</arraytype>
      <width>11</width>
        <radius>143</radius> 
        <colorarray>#1b2349,#1b2349</colorarray>
        <startAngle>-205</startAngle>
        <angle>-130</angle>
        <mulrotate>0</mulrotate>
        <centerX>0</centerX>
        <centerY>0</centerY>
    </drawable>
	<drawable>
		<arraytype>99</arraytype>
		<centerX>-23</centerX>
		<centerY>-98</centerY>
	</drawable>
	<drawable>
		<name>hm_1_1.xml</name>
		<arraytype>6</arraytype>
		<centerX>3</centerX>
		<centerY>72</centerY>
	</drawable>
	<drawable>
		<name>md.xml</name>
		<arraytype>2</arraytype>
		<centerY>114</centerY>
	</drawable>
	<drawable>
		<name>hm_1.xml</name>
		<arraytype>9</arraytype>
		<centerX>99</centerX>
		<centerY>60</centerY>
	</drawable>
	<drawable>
		<name>AM&amp;PM.xml</name>
		<arraytype>6</arraytype>
		<centerX>-93</centerX>
		<centerY>62</centerY>
	</drawable>
	<drawable>
		<name>poi_hour.png</name>
		<rotate>1</rotate>
	</drawable>
	<drawable>
		<name>poi_minute.png</name>
		<rotate>2</rotate>
	</drawable>
	<drawable>
		<name>poi_second.png</name>
		<rotate>3</rotate>
	</drawable>
<!--COMMENTED BY ClockSkinMaker
<metadata gui='rra' version='1.4.0.0'/>
-->
</clockskin>