<?xml version="1.0" encoding="utf-8"?>
<drawables>
	<image>hm_num_0_1_1.png</image>
	<image>hm_num_1_1_1.png</image>
	<image>hm_num_2_1_1.png</image>
	<image>hm_num_3_1_1.png</image>
	<image>hm_num_4_1_1.png</image>
	<image>hm_num_5_1_1.png</image>
	<image>hm_num_6_1_1.png</image>
	<image>hm_num_7_1_1.png</image>
	<image>hm_num_8_1_1.png</image>
	<image>hm_num_9_1_1.png</image>
	<image>hm_num_colon_1_1.png</image>
<!--COMMENTED BY ClockSkinMaker
<metadata gui='rra' version='1.4.0.0' type='array_hourminute' forecolor='000040' autoscale='1' font='Repetition Scrolling' fontstyle='Regular' fontsize='23,09783'>
<content>0</content>
<content>1</content>
<content>2</content>
<content>3</content>
<content>4</content>
<content>5</content>
<content>6</content>
<content>7</content>
<content>8</content>
<content>9</content>
<content>:</content>
<content></content>
<content></content>
</metadata>
-->
</drawables>