<?xml version="1.0" encoding="utf-8"?>
<clockskin>
	<drawable>
		<name>Batt rotate.png</name>
		<rotate>6</rotate>
		<mulrotate>-2</mulrotate>
	</drawable>
	<drawable>
		<name>Black back WITH NOISE.png</name>
		<centerY>2</centerY>
	</drawable>
	<drawable>
		<name>Figures.png</name>
	</drawable>
	<drawable>
		<name>cirle.png</name>
	</drawable>
	<drawable>
		<name>Minutes_blue.png</name>
	</drawable>
	<drawable>
		<name>A_sec.xml</name>
		<arraytype>9</arraytype>
		<centerX>-200</centerX>
	</drawable>
	<drawable>
		<name>B_sec.xml</name>
		<arraytype>9</arraytype>
		<centerX>200</centerX>
	</drawable>
	<drawable>
		<name>wd day month batt bases.png</name>
	</drawable>
	<drawable>
		<name>Minutes frame_black.png</name>
	</drawable>
	<drawable>
		<name>B.L..png</name>
	</drawable>
	<drawable>
		<name>Month.xml</name>
		<arraytype>3</arraytype>
	</drawable>
	<drawable>
		<name>WEEKDAY.xml</name>
		<arraytype>5</arraytype>
	</drawable>
	<drawable>
		<name>DAY.xml</name>
		<arraytype>4</arraytype>
		<centerY>131</centerY>
	</drawable>
	<drawable>
		<name>wd day month batt frames.png</name>
	</drawable>
	<drawable>
		<name>HH.png</name>
		<rotate>1</rotate>
	</drawable>
	<drawable>
		<name>MH.png</name>
		<rotate>2</rotate>
	</drawable>
	<drawable>
		<name>SH_3.png</name>
		<rotate>3</rotate>
	</drawable>
<!--COMMENTED BY ClockSkinMaker
<metadata gui='rra' version='2.0.0.2'/>
-->
</clockskin>