<?xml version="1.0" encoding="utf-8"?>
<clockskin>
	<drawable>
		<name>krug_400.png</name>
	</drawable>
	<drawable>
		<name>f1.png</name>
	</drawable>
	<drawable>
		<name>f2.xml</name>
		<arraytype>6</arraytype>
	</drawable>
	<drawable>
		<name>w.xml</name>
		<arraytype>6</arraytype>
	</drawable>
	<drawable>
		<arraytype>15</arraytype>
		<colorarray>EBEBEB,66B3FF</colorarray>
	</drawable>
	<drawable>
		<name>week.xml</name>
		<arraytype>5</arraytype>
		<centerX>-56</centerX>
		<centerY>-117</centerY>
	</drawable>
	<drawable>
		<name>d.xml</name>
		<arraytype>4</arraytype>
		<centerX>52</centerX>
		<centerY>-123</centerY>
	</drawable>
	<drawable>
		<name>st.xml</name>
		<arraytype>12</arraytype>
		<centerY>106</centerY>
	</drawable>
	<drawable>
		<name>bt.xml</name>
		<arraytype>14</arraytype>
		<centerY>152</centerY>
	</drawable>
<!--COMMENTED BY ClockSkinMaker
<metadata gui='rra' version='1.4.0.0'/>
-->
</clockskin>