<?xml version="1.0" encoding="utf-8"?>
<drawables>
	<image>f2_num_0.png</image>
	<image>f2_num_1.png</image>
	<image>f2_num_2.png</image>
	<image>f2_num_3.png</image>
	<image>f2_num_4.png</image>
	<image>f2_num_5.png</image>
	<image>f2_num_6.png</image>
	<image>f2_num_7.png</image>
	<image>f2_num_8.png</image>
	<image>f2_num_9.png</image>
	<image>f2_num_colon.png</image>
<!--COMMENTED BY ClockSkinMaker
<metadata gui='rra' version='1.4.0.0' type='array_hourminute' autoscale='1' font='Times New Roman' fontstyle='Regular' fontsize='10,79789'>
<content></content>
<content></content>
<content></content>
<content></content>
<content></content>
<content></content>
<content></content>
<content></content>
<content></content>
<content></content>
<content>:</content>
<content></content>
<content></content>
</metadata>
-->
</drawables>