<?xml version="1.0" encoding="utf-8"?>
<clockskin> 
	<drawable>
		<name>clock_skin_panel.png</name>
	</drawable>
	<drawable>
		<name>num_array.xml</name>
		<centerX>-25</centerX>
		<centerY>-80</centerY>
		<arraytype>4</arraytype>
	</drawable>
	<drawable>
		<name>month_array.xml</name>
		<centerX>25</centerX>
		<centerY>-81</centerY>
		<arraytype>3</arraytype>
	</drawable>
	<drawable>
		<name>weekday_array.xml</name>
		<centerX>80</centerX>
		<arraytype>5</arraytype>
	</drawable>
	<drawable>
		<name>num_array.xml</name>
		<centerX>-10</centerX>
		<centerY>100</centerY>
		<arraytype>14</arraytype>
	</drawable>
	<drawable>
		<name>clock_skin_hour.png</name>
		<rotate>1</rotate>
	</drawable>
	<drawable>
		<name>clock_skin_minute.png</name>
		<rotate>2</rotate>
	</drawable>
	<drawable>
		<name>clock_skin_second.png</name>
		<rotate>3</rotate>
	</drawable>
</clockskin>

