<?xml version="1.0" encoding="utf-8"?>
<clockskin>
	<drawable>
		<name>img30591.png</name>
	</drawable>
	<drawable>
		<name>hm_1.xml</name>
		<arraytype>6</arraytype>
		<centerX>-38</centerX>
		<centerY>94</centerY>
	</drawable>
	<drawable>
		<name>day.xml</name>
		<arraytype>5</arraytype>
		<centerY>70</centerY>
	</drawable>
	<drawable>
		<name>DAY_11_22.xml</name>
		<arraytype>4</arraytype>
		<centerX>-71</centerX>
		<centerY>123</centerY>
	</drawable>
	<drawable>
		<name>DAY_11_3.xml</name>
		<arraytype>16</arraytype>
		<centerX>55</centerX>
		<centerY>123</centerY>
	</drawable>
	<drawable>
		<name>MONTH.xml</name>
		<arraytype>3</arraytype>
		<centerX>-18</centerX>
		<centerY>123</centerY>
	</drawable>
	<drawable>
		<name>DAY_1181215.xml</name>
		<arraytype>13</arraytype>
		<centerX>-84</centerX>
		<centerY>23</centerY>
	</drawable>
	<drawable>
		<name>AM&amp;PM.xml</name>
		<arraytype>6</arraytype>
		<centerX>76</centerX>
		<centerY>96</centerY>
	</drawable>
	<drawable>
		<name>TEMP.xml</name>
		<arraytype>11</arraytype>
		<centerX>112</centerX>
		<centerY>38</centerY>
	</drawable>
	<drawable>
		<name>BATT1111.xml</name>
		<arraytype>14</arraytype>
		<centerX>-84</centerX>
		<centerY>-95</centerY>
	</drawable>
	<drawable>
		<color>1</color>
		<arraytype>99</arraytype>
		<centerX>-26</centerX>
		<centerY>146</centerY>
	</drawable>
	<drawable>
		<name>weather_array.xml</name>
		<arraytype>10</arraytype>
		<centerX>113</centerX>
		<centerY>-22</centerY>
	</drawable>
	<drawable>
		<name>moon_phase.xml</name>
		<arraytype>19</arraytype>
		<centerX>80</centerX>
		<centerY>-101</centerY>
	</drawable>
	<drawable>
		<name>st.xml</name>
		<arraytype>18</arraytype>
		<centerX>-99</centerX>
		<centerY>-1</centerY>
		<colorarray>FFFFFF,800000</colorarray>
	</drawable>
	<drawable>
		<name>eee.png</name>
	</drawable>
	<drawable>
		<name>24H.png</name>
		<rotate>3</rotate>
		<centerY>-117</centerY>
	</drawable>
	<drawable>
		<name>img2017.png</name>
		<rotate>1</rotate>
	</drawable>
	<drawable>
		<name>img2018.png</name>
		<rotate>2</rotate>
	</drawable>
	<drawable>
		<name>img3040.png</name>
		<rotate>3</rotate>
	</drawable>
	<drawable>
		<name>img3042.png</name>
	</drawable>
	<drawable>
		<name>img3059r.png</name>
	</drawable>
<!--COMMENTED BY ClockSkinMaker
<metadata gui='rra' version='1.4.0.0'/>
-->
</clockskin>