<?xml version="1.0" encoding="utf-8"?>
<clockskin>
	<drawable>
		<name>POWER RESERVE.png</name>
		<centerX>1</centerX>
		<centerY>1</centerY>
	</drawable>
	<drawable>
		<name>BATT ROTATE.png</name>
		<rotate>6</rotate>
	</drawable>
	<drawable>
		<name>Hatch_3.png</name>
	</drawable>
	<drawable>
		<name>60 TICKS.png</name>
	</drawable>
	<drawable>
		<name>BATT DAY WD BASES.png</name>
	</drawable>
	<drawable>
		<name>WD PALE.png</name>
	</drawable>
	<drawable>
		<name>ARRAY WEEKDAY.xml</name>
		<arraytype>5</arraytype>
	</drawable>
	<drawable>
		<name>FRAME.png</name>
	</drawable>
	<drawable>
		<name>FIGURES_5.png</name>
	</drawable>
	<drawable>
		<name>BATT INDIC FRAME.png</name>
		<centerX>1</centerX>
	</drawable>
	<drawable>
		<name>DAY.xml</name>
		<arraytype>4</arraytype>
		<centerX>3</centerX>
		<centerY>97</centerY>
	</drawable>
	<drawable>
		<name>S.png</name>
	</drawable>
	<drawable>
		<name>HH_green.png</name>
		<rotate>1</rotate>
	</drawable>
	<drawable>
		<name>MH_green.png</name>
		<rotate>2</rotate>
	</drawable>
	<drawable>
		<name>SH shadow .png</name>
		<rotate>10</rotate>
		<centerX>5</centerX>
		<centerY>5</centerY>
	</drawable>
	<drawable>
		<name>SH.png</name>
		<rotate>3</rotate>
	</drawable>
<!--COMMENTED BY ClockSkinMaker
<metadata gui='rra' version='2.0.0.2'/>
-->
</clockskin>