<?xml version="1.0" encoding="utf-8"?>
<clockskin>
	<drawable>
		<name>1.png</name>
	</drawable>
	<drawable>
		<name>2.png</name>
	</drawable>
	<drawable>
		<name>3.png</name>
	</drawable>
	<drawable>
		<name>3-1.png</name>
	</drawable>
<drawable>
        <arraytype>58</arraytype>
         <width>25</width>
        <radius>180</radius> 
        <colorarray>#003b40,#003b40</colorarray>
        <startAngle>-307</startAngle>
        <angle>-50</angle>
        <mulrotate>3</mulrotate>
        <centerX>0</centerX>
        <centerY>0</centerY>
    </drawable>
	<drawable>
		<name>SEC.xml</name>
		<arraytype>9</arraytype>
		<centerX>91</centerX>
		<centerY>-83</centerY>
	</drawable>
	<drawable>
		<name>HM.xml</name>
		<arraytype>6</arraytype>
		<centerX>10</centerX>
		<centerY>-88</centerY>
	</drawable>
	<drawable>
		<name>STEPS_4.xml</name>
		<arraytype>16</arraytype>
		<centerX>120</centerX>
		<centerY>-44</centerY>
	</drawable>
	<drawable>
		<name>4.png</name>
	</drawable>
	<drawable>
		<name>HOUR.png</name>
		<rotate>1</rotate>
		<centerX>-115</centerX>
	</drawable>
	<drawable>
		<name>MINT.png</name>
		<rotate>2</rotate>
		<centerX>-115</centerX>
	</drawable>
	<drawable>
		<name>SEC.png</name>
		<rotate>3</rotate>
		<centerX>-115</centerX>
	</drawable>
	<drawable>
		<name>STEPS_1.xml</name>
		<arraytype>12</arraytype>
		<centerX>23</centerX>
		<centerY>19</centerY>
	</drawable>
	<drawable>
		<name>STEPS_2.xml</name>
		<arraytype>13</arraytype>
		<centerX>18</centerX>
		<centerY>50</centerY>
	</drawable>
	<drawable>
		<name>STEPS_3.xml</name>
		<arraytype>54</arraytype>
		<centerX>15</centerX>
		<centerY>82</centerY>
	</drawable>
	<drawable>
		<name>STEPS_5.xml</name>
		<arraytype>60</arraytype>
		<centerX>20</centerX>
		<centerY>108</centerY>
	</drawable>
	<drawable>
		<color>1</color>
		<arraytype>99</arraytype>
		<centerX>-27</centerX>
		<centerY>153</centerY>
	</drawable>
	<drawable>
		<name>WD.xml</name>
		<arraytype>5</arraytype>
		<centerX>-23</centerX>
		<centerY>-45</centerY>
	</drawable>
	<drawable>
		<name>STEPS.xml</name>
		<arraytype>4</arraytype>
		<centerX>22</centerX>
		<centerY>-44</centerY>
	</drawable>
	<drawable>
		<name>MONTH.xml</name>
		<arraytype>3</arraytype>
		<centerX>63</centerX>
		<centerY>-45</centerY>
	</drawable>
	<drawable>
		<name>BTT1.xml</name>
		<arraytype>14</arraytype>
		<centerX>130</centerX>
		<centerY>64</centerY>
	</drawable>
	<drawable>
		<name>HM_1.xml</name>
		<arraytype>11</arraytype>
		<centerX>73</centerX>
		<centerY>-12</centerY>
	</drawable>
	<drawable>
		<name>AM&amp;PM.xml</name>
		<arraytype>6</arraytype>
		<centerX>18</centerX>
		<centerY>-124</centerY>
	</drawable>
	<drawable>
		<name>moon_phase.xml</name>
		<arraytype>19</arraytype>
		<centerX>-30</centerX>
		<centerY>-125</centerY>
	</drawable>
	<drawable>
		<name>weather_array.xml</name>
		<arraytype>10</arraytype>
		<centerX>9</centerX>
		<centerY>-13</centerY>
	</drawable>
   
<!--COMMENTED BY ClockSkinMaker
<metadata gui='rra' version='1.4.0.0'/>
-->
</clockskin>