<?xml version="1.0" encoding="utf-8"?>
<drawables>
	<image>MONTH_jan.png</image>
	<image>MONTH_feb.png</image>
	<image>MONTH_mar.png</image>
	<image>MONTH_apr.png</image>
	<image>MONTH_may.png</image>
	<image>MONTH_jun.png</image>
	<image>MONTH_jul.png</image>
	<image>MONTH_aug.png</image>
	<image>MONTH_sep.png</image>
	<image>MONTH_oct.png</image>
	<image>MONTH_nov.png</image>
	<image>MONTH_dec.png</image>
<!--COMMENTED BY ClockSkinMaker
<metadata gui='rra' version='1.4.0.0' type='array_month' forecolor='004040' autoscale='1' font='AgencyFB' fontstyle='Bold' fontsize='22.55639'>
<content>JAN</content>
<content>FEB</content>
<content>MAR</content>
<content>APR</content>
<content>MAY</content>
<content>JUN</content>
<content>JUL</content>
<content>AUG</content>
<content>SEP</content>
<content>OCT</content>
<content>NOV</content>
<content>DEC</content>
</metadata>
-->
</drawables>