<?xml version="1.0" encoding="utf-8"?>
<drawables>
	<image>clock_skin_weather_sunny.png</image>0
	<image>clock_skin_weather_cloudy.png</image>1
	<image>clock_skin_weather_overcast.png</image>2
	<image>clock_skin_weather_fog.png</image>3
	<image>clock_skin_weather_rain.png</image>4
	<image>clock_skin_weather_showers.png</image>5
	<image>clock_skin_weather_t_storm.png</image>6
	<image>clock_skin_weather_rainstorm.png</image>7
	<image>clock_skin_weather_snow.png</image>8
	<image>clock_skin_weather_rainsnow.png</image>9
	<image>clock_skin_weather_hot.png</image>10
	<image>clock_skin_weather_cold.png</image>11
	<image>clock_skin_weather_windy.png</image>12
	<image>clock_skin_weather_sunny_night.png</image>13
	<image>clock_skin_weather_cloudy_night.png</image>14
</drawables>