<clockskin>
    <drawable>
        <name>image1.png</name>
    </drawable>
    <drawable>
        <name>digital1.xml</name>
        <arraytype>14</arraytype>
        <centerX>79</centerX>
        <centerY>-97</centerY>
    </drawable>
    <drawable>
        <name>image2.png</name>
    </drawable>
    <drawable>
        <name>digital2.xml</name>
        <arraytype>12</arraytype>
        <centerX>0</centerX>
        <centerY>108</centerY>
    </drawable>
    <drawable>
        <name>image3.png</name>
    </drawable>
    <drawable>
        <name>digital3.xml</name>
        <arraytype>12</arraytype>
        <centerX>197</centerX>
        <centerY>-9</centerY>
    </drawable>
    <drawable>
        <name>digital4.xml</name>
        <arraytype>13</arraytype>
        <centerX>-60</centerX>
        <centerY>50</centerY>
    </drawable>
    <drawable>
        <name>image4.png</name>
    </drawable>
    <drawable>
        <name>digital5.xml</name>
        <arraytype>7</arraytype>
        <centerX>-91</centerX>
        <centerY>-12</centerY>
    </drawable>
    <drawable>
        <name>digital6.xml</name>
        <arraytype>8</arraytype>
        <centerX>-7</centerX>
        <centerY>-12</centerY>
    </drawable>
    <drawable>
        <name>digital7.xml</name>
        <arraytype>9</arraytype>
        <centerX>79</centerX>
        <centerY>-12</centerY>
    </drawable>
    <drawable>
        <name>digital8.xml</name>
        <arraytype>6</arraytype>
        <centerX>-57</centerX>
        <centerY>-10</centerY>
    </drawable>
    <drawable>
        <name>image5.png</name>
    </drawable>
    <drawable>
        <name>digital9.xml</name>
        <arraytype>5</arraytype>
        <centerX>-73</centerX>
        <centerY>-97</centerY>
    </drawable>
    <drawable>
        <name>digital10.xml</name>
        <arraytype>4</arraytype>
        <centerX>-28</centerX>
        <centerY>-97</centerY>
    </drawable>
    <drawable>
        <name>digital11.xml</name>
        <arraytype>3</arraytype>
        <centerX>14</centerX>
        <centerY>-97</centerY>
    </drawable>
    <drawable>
        <name>image6.png</name>
    </drawable>
    <drawable>
        <name>digital12.xml</name>
        <arraytype>12</arraytype>
        <centerX>-400</centerX>
        <centerY>0</centerY>
    </drawable>
    <drawable>
        <name>digital13.xml</name>
        <arraytype>12</arraytype>
    </drawable>
    <drawable>
        <name>digital14.xml</name>
        <arraytype>12</arraytype>
        <centerX>400</centerX>
        <centerY>0</centerY>
    </drawable>
    <drawable>
        <name>image7.png</name>
    </drawable>
</clockskin>
