<?xml version="1.0" encoding="utf-8"?>
<clockskin>
	<drawable>
		<name>di.png</name>
	</drawable>
	<drawable>
		<name>c1_1.png</name>
		<rotate>3</rotate>
		<centerX>-84</centerX>
		<centerY>-96</centerY>
		<mulrotate>7</mulrotate>
	</drawable>
	<drawable>
		<name>c1_2.png</name>
		<rotate>3</rotate>
		<centerX>-60</centerX>
		<centerY>-48</centerY>
		<direction>2</direction>
		<mulrotate>5</mulrotate>
	</drawable>
	<drawable>
		<name>c1_3.png</name>
		<rotate>3</rotate>
		<centerX>-86</centerX>
		<centerY>114</centerY>
		<mulrotate>5</mulrotate>
	</drawable>
	<drawable>
		<name>c1_4.png</name>
		<rotate>3</rotate>
		<centerX>-138</centerX>
		<centerY>-44</centerY>
		<mulrotate>6</mulrotate>
	</drawable>
	<drawable>
		<name>c1_5.png</name>
		<rotate>3</rotate>
		<centerX>-136</centerX>
		<centerY>21</centerY>
		<mulrotate>5</mulrotate>
	</drawable>
	<drawable>
		<name>c1_6.png</name>
		<rotate>3</rotate>
		<centerX>-106</centerX>
		<centerY>51</centerY>
		<mulrotate>7</mulrotate>
	</drawable>
	<drawable>
		<name>sdgvf.png</name>
	</drawable>
	<drawable>
		<name>34324.png</name>
	</drawable>
	<drawable>
		<name>c1.png</name>
		<rotate>3</rotate>
		<centerX>-98</centerX>
		<centerY>-26</centerY>
		<mulrotate>8</mulrotate>
	</drawable>
	<drawable>
		<name>week.xml</name>
		<arraytype>5</arraytype>
		<centerX>45</centerX>
		<centerY>-74</centerY>
	</drawable>
	<drawable>
		<name>c2_1.png</name>
		<rotate>3</rotate>
		<centerX>-96</centerX>
		<centerY>42</centerY>
		<direction>2</direction>
		<mulrotate>10</mulrotate>
	</drawable>
	<drawable>
		<name>day.xml</name>
		<arraytype>4</arraytype>
		<centerX>20</centerX>
		<centerY>94</centerY>
	</drawable>
	<drawable>
		<name>c2.png</name>
		<rotate>3</rotate>
		<mulrotate>6</mulrotate>
	</drawable>
	<drawable>
		<name>h.png</name>
		<rotate>1</rotate>
	</drawable>
	<drawable>
		<name>m.png</name>
		<rotate>2</rotate>
	</drawable>
	<drawable>
		<name>s.png</name>
		<rotate>3</rotate>
		<direction>1</direction>
	</drawable>
<!--COMMENTED BY ClockSkinMaker
<metadata gui='rra' version='1.6.0.0'/>
-->
</clockskin>