<?xml version="1.0" encoding="utf-8"?>
<clockskin>
	<drawable>
		<name>Base_blue.png</name>
	</drawable>
	<drawable>
		<name>Ticks frame_blue.png</name>
	</drawable>
	<drawable>
		<name>Hatch_3.png</name>
	</drawable>
	<drawable>
		<name>Hatch.png</name>
	</drawable>
	<drawable>
		<name>Frame.png</name>
	</drawable>
	<drawable>
		<name>WD batt day month bases.png</name>
	</drawable>
	<drawable>
		<name>Figures_2_blue.png</name>
	</drawable>
	<drawable>
		<name>WD.xml</name>
		<arraytype>5</arraytype>
	</drawable>
	<drawable>
		<name>Array Day.xml</name>
		<arraytype>4</arraytype>
		<centerX>103</centerX>
		<centerY>-28</centerY>
	</drawable>
	<drawable>
		<name>A_MONTH.xml</name>
		<arraytype>3</arraytype>
	</drawable>
	<drawable>
		<name>batt rotate_blue.png</name>
		<rotate>6</rotate>
		<centerX>-104</centerX>
		<centerY>-1</centerY>
	</drawable>
	<drawable>
		<name>SH_center_1.png</name>
		<centerX>-103</centerX>
	</drawable>
	<drawable>
		<name>HH_blue.png</name>
		<rotate>1</rotate>
	</drawable>
	<drawable>
		<name>MH_blue.png</name>
		<rotate>2</rotate>
	</drawable>
	<drawable>
		<name>SH.png</name>
		<rotate>3</rotate>
	</drawable>
	<drawable>
		<name>SH_center.png</name>
	</drawable>
<!--COMMENTED BY ClockSkinMaker
<metadata gui='rra' version='2.0.0.2'/>
-->
</clockskin>