<clockskin>
    <drawable>
        <name>image1.png</name>
    </drawable>
    <drawable>
        <rotate>3</rotate>
        <mulrotate>80</mulrotate>
        <centerX>-103</centerX>
        <centerY>89</centerY>
        <name>image2.png</name>
    </drawable>
    <drawable>
        <rotate>3</rotate>
        <direction>2</direction>
        <mulrotate>80</mulrotate>
        <centerX>102</centerX>
        <centerY>89</centerY>
        <name>image2.png</name>
    </drawable>
    <drawable>
        <name>image4.png</name>
    </drawable>
    <drawable>
        <name>digital1.xml</name>
        <arraytype>6</arraytype>
        <centerX>-4</centerX>
        <centerY>-106</centerY>
    </drawable>
    <drawable>
        <name>digital2.xml</name>
        <arraytype>5</arraytype>
        <centerX>5</centerX>
        <centerY>-54</centerY>
    </drawable>
    <drawable>
        <name>digital3.xml</name>
        <arraytype>3</arraytype>
        <centerX>-57</centerX>
        <centerY>-22</centerY>
    </drawable>
    <drawable>
        <name>digital4.xml</name>
        <arraytype>4</arraytype>
        <centerX>-1</centerX>
        <centerY>-22</centerY>
    </drawable>
    <drawable>
        <name>digital5.xml</name>
        <arraytype>16</arraytype>
        <centerX>59</centerX>
        <centerY>-22</centerY>
    </drawable>
    <drawable>
        <name>digital6.xml</name>
        <arraytype>6</arraytype>
        <centerX>91</centerX>
        <centerY>-91</centerY>
    </drawable>
    <drawable>
        <name>digital7.xml</name>
        <arraytype>10</arraytype>
        <centerX>32</centerX>
        <centerY>97</centerY>
    </drawable>
    <drawable>
        <name>digital8.xml</name>
        <arraytype>11</arraytype>
        <centerX>16</centerX>
        <centerY>90</centerY>
    </drawable>
    <drawable>
        <arraytype>99</arraytype>
        <centerX>-19</centerX>
        <centerY>24</centerY>
    </drawable>
    <drawable>
        <name>image5.png</name>
    </drawable>
    <drawable>
        <name>digital9.xml</name>
        <arraytype>14</arraytype>
        <centerX>5</centerX>
        <centerY>148</centerY>
    </drawable>
    <drawable>
        <name>digital10.xml</name>
        <arraytype>13</arraytype>
        <centerX>-291</centerX>
        <centerY>108</centerY>
    </drawable>
    <drawable>
        <name>digital10.xml</name>
        <arraytype>13</arraytype>
        <centerX>109</centerX>
        <centerY>66</centerY>
    </drawable>
    <drawable>
        <name>digital11.xml</name>
        <arraytype>12</arraytype>
        <centerX>-700</centerX>
        <centerY>128</centerY>
    </drawable>
    <drawable>
        <name>digital11.xml</name>
        <arraytype>12</arraytype>
        <centerX>-300</centerX>
        <centerY>106</centerY>
    </drawable>
    <drawable>
        <name>digital11.xml</name>
        <arraytype>12</arraytype>
        <centerX>100</centerX>
        <centerY>84</centerY>
    </drawable>
    <drawable>
        <name>digital11.xml</name>
        <arraytype>12</arraytype>
        <centerX>500</centerX>
        <centerY>62</centerY>
    </drawable>
    <drawable>
        <name>digital11.xml</name>
        <arraytype>12</arraytype>
        <centerX>900</centerX>
        <centerY>40</centerY>
    </drawable>
    <drawable>
        <name>image6.png</name>
    </drawable>
</clockskin>
