<?xml version="1.0" encoding="utf-8"?>
<clockskin>
	<drawable>
		<name>di.png</name>
	</drawable>
	<drawable>
		<name>s_1.xml</name>
		<arraytype>7</arraytype>
		<centerX>4</centerX>
		<centerY>-24</centerY>
	</drawable>
	<drawable>
		<name>s.xml</name>
		<arraytype>8</arraytype>
		<centerX>4</centerX>
		<centerY>58</centerY>
	</drawable>
	<drawable>
		<name>w.xml</name>
		<arraytype>5</arraytype>
		<centerX>-1</centerX>
		<centerY>-133</centerY>
	</drawable>
	<drawable>
		<name>temp.xml</name>
		<arraytype>11</arraytype>
		<centerX>-150</centerX>
		<centerY>-44</centerY>
	</drawable>
	<drawable>
		<name>temp_1.xml</name>
		<arraytype>12</arraytype>
		<centerX>-152</centerX>
		<centerY>24</centerY>
	</drawable>
	<drawable>
		<name>bb_1.xml</name>
		<arraytype>14</arraytype>
		<centerX>145</centerX>
		<centerY>-12</centerY>
	</drawable>
	<drawable>
		<name>bb.xml</name>
		<arraytype>13</arraytype>
		<centerX>159</centerX>
		<centerY>52</centerY>
	</drawable>
	<drawable>
		<name>mon.xml</name>
		<arraytype>2</arraytype>
		<centerX>-1</centerX>
		<centerY>140</centerY>
	</drawable>
<!--COMMENTED BY ClockSkinMaker
<metadata gui='rra' version='1.6.0.0'/>
-->
</clockskin>