<clockskin>
    <drawable>
        <name>image1.png</name>
    </drawable>
    <drawable>
        <name>digital1.xml</name>
        <arraytype>61</arraytype>
        <centerX>-23</centerX>
        <centerY>-174</centerY>
    </drawable>
    <drawable>
        <name>digital2.xml</name>
        <arraytype>14</arraytype>
        <centerX>22</centerX>
        <centerY>-172</centerY>
    </drawable>
    <drawable>
        <name>digital3.xml</name>
        <arraytype>60</arraytype>
        <centerX>-96</centerX>
        <centerY>-104</centerY>
    </drawable>
    <drawable>
        <name>digital4.xml</name>
        <arraytype>1</arraytype>
        <centerX>1</centerX>
        <centerY>-98</centerY>
    </drawable>
    <drawable>
        <name>digital5.xml</name>
        <arraytype>12</arraytype>
        <centerX>98</centerX>
        <centerY>-104</centerY>
    </drawable>
    <drawable>
        <name>digital6.xml</name>
        <arraytype>5</arraytype>
        <centerX>0</centerX>
        <centerY>-52</centerY>
    </drawable>
    <drawable>
        <name>digital7.xml</name>
        <arraytype>6</arraytype>
        <centerX>0</centerX>
        <centerY>3</centerY>
    </drawable>
    <drawable>
        <name>digital8.xml</name>
        <arraytype>6</arraytype>
        <centerX>148</centerX>
        <centerY>-27</centerY>
    </drawable>
    <drawable>
        <name>digital9.xml</name>
        <arraytype>54</arraytype>
        <centerX>-91</centerX>
        <centerY>76</centerY>
    </drawable>
    <drawable>
        <name>digital10.xml</name>
        <arraytype>10</arraytype>
        <centerX>84</centerX>
        <centerY>73</centerY>
    </drawable>
    <drawable>
        <name>digital11.xml</name>
        <arraytype>11</arraytype>
        <centerX>127</centerX>
        <centerY>75</centerY>
    </drawable>
    <drawable>
        <name>digital12.xml</name>
        <arraytype>60</arraytype>
        <centerX>-56</centerX>
        <centerY>149</centerY>
    </drawable>
    <drawable>
        <name>digital13.xml</name>
        <arraytype>13</arraytype>
        <centerX>83</centerX>
        <centerY>148</centerY>
    </drawable>
<drawable>
         <arraytype>99</arraytype>
        <centerX>-23</centerX>
        <centerY>-139</centerY>
    </drawable>
</clockskin>
