<?xml version="1.0" encoding="utf-8"?>
<drawables>
	<image>clock_skin_1_num_0_6_2.png</image>
	<image>clock_skin_1_num_1_5_2.png</image>
	<image>clock_skin_1_num_2_5_2.png</image>
	<image>clock_skin_1_num_3_5_2.png</image>
	<image>clock_skin_1_num_4_5_2.png</image>
	<image>clock_skin_1_num_5_5_2.png</image>
	<image>clock_skin_1_num_6_5_2.png</image>
	<image>clock_skin_1_num_7_5_2.png</image>
	<image>clock_skin_1_num_8_5_2.png</image>
	<image>clock_skin_1_num_9_5_2.png</image>
	<image>clock_skin_none.png</image>
</drawables>