<?xml version="1.0" encoding="utf-8"?>
<drawables>
	<image>A_WEEKDAY_sun.png</image>
	<image>A_WEEKDAY_mon.png</image>
	<image>A_WEEKDAY_tue.png</image>
	<image>A_WEEKDAY_wed.png</image>
	<image>A_WEEKDAY_thu.png</image>
	<image>A_WEEKDAY_fri.png</image>
	<image>A_WEEKDAY_sat.png</image>
<!--COMMENTED BY ClockSkinMaker
<metadata gui='rra' version='2.0.0.2' type='array_weekday' forecolor='C0C0C0' autoscale='1' font='Times New Roman' fontstyle='Regular' fontsize='16.32957'>
<content>Вс</content>
<content>Пн</content>
<content>Вт</content>
<content>Ср</content>
<content>Чт</content>
<content>Пт</content>
<content>Сб</content>
</metadata>
-->
</drawables>