<?xml version="1.0" encoding="utf-8"?>
<clockskin>
	<drawable>
		<name>watch_wm_01_bejing.png</name>
	</drawable>
	<drawable>
		<name>hour.xml</name>
		<arraytype>7</arraytype>
		<centerX>-66</centerX>
	</drawable>
	<drawable>
		<name>minute.xml</name>
		<arraytype>8</arraytype>
		<centerX>55</centerX>
	</drawable>
	<drawable>
		<name>day.xml</name>
		<arraytype>4</arraytype>
		<centerX>45</centerX>
		<centerY>108</centerY>
	</drawable>
	<drawable>
		<name>weekday.xml</name>
		<arraytype>5</arraytype>
		<centerX>-23</centerX>
		<centerY>106</centerY>
	</drawable>
	<drawable>
		<name>kcal.xml</name>
		<arraytype>54</arraytype>
		<centerX>36</centerX>
		<centerY>-114</centerY>
	</drawable>
<!--COMMENTED BY ClockSkinMaker
<metadata gui='rra' version='1.6.0.0'/>
-->
</clockskin>