<?xml version="1.0" encoding="utf-8"?>
<drawables>
	<image>month_jan.png</image>
	<image>month_feb.png</image>
	<image>month_mar.png</image>
	<image>month_apr.png</image>
	<image>month_may.png</image>
	<image>month_jun.png</image>
	<image>month_jul.png</image>
	<image>month_aug.png</image>
	<image>month_sep.png</image>
	<image>month_oct.png</image>
	<image>month_nov.png</image>
	<image>month_dec.png</image>
<!--COMMENTED BY ClockSkinMaker
<metadata gui='rra' version='1.6.0.0' type='array_month' forecolor='FFFFFF' autoscale='1' font='方正粗倩简体' fontstyle='Bold' fontsize='7.272728'>
<content>January</content>
<content>February</content>
<content>March</content>
<content>April</content>
<content>May</content>
<content>June</content>
<content>July</content>
<content>August</content>
<content>September</content>
<content>October</content>
<content>November</content>
<content>December</content>
</metadata>
-->
</drawables>