<?xml version="1.0" encoding="utf-8"?>
<clockskin>
	<drawable>
		<name>watchbackground.png</name>
	</drawable>
	<drawable>
		<name>hourminute.xml</name>
		<arraytype>6</arraytype>
		<centerX>42</centerX>
		<centerY>8</centerY>
	</drawable>
	<drawable>
		<name>monthday.xml</name>
		<arraytype>2</arraytype>
		<centerX>43</centerX>
		<centerY>42</centerY>
	</drawable>
	<drawable>
		<name>batlevel.xml</name>
		<arraytype>14</arraytype>
		<centerX>50</centerX>
		<centerY>78</centerY>
	</drawable>
	<drawable>
		<name>steps.xml</name>
		<arraytype>12</arraytype>
		<centerX>38</centerX>
		<centerY>114</centerY>
	</drawable>
<!--COMMENTED BY ClockSkinMaker
<metadata gui='rra' version='1.6.0.0'/>
-->
</clockskin>