<?xml version="1.0" encoding="utf-8"?>
<clockskin>
	<drawable>
		<name>2.png</name>
	</drawable>
	<drawable>
		<name>5.png</name>
		<rotate>1</rotate>
	</drawable>
	<drawable>
		<name>4.png</name>
		<rotate>2</rotate>
	</drawable>
	<drawable>
		<name>3.png</name>
		<rotate>3</rotate>
	</drawable>
	<drawable>
		<name>1.png</name>
		<rotate>3</rotate>
		<direction>2</direction>
	</drawable>
<!--COMMENTED BY ClockSkinMaker
<metadata gui='rra' version='1.6.0.0'/>
-->
</clockskin>