<?xml version="1.0" encoding="utf-8"?>
<clockskin>
	<drawable>
		<name>Hatch_2.png</name>
	</drawable>
	<drawable>
		<name>Hatch_3.png</name>
	</drawable>
	<drawable>
		<name>Frame.png</name>
	</drawable>
	<drawable>
		<name>Figures_2.png</name>
	</drawable>
	<drawable>
		<name>WD DAY MONTH BATT BASES.png</name>
	</drawable>
	<drawable>
		<name>WD.xml</name>
		<arraytype>5</arraytype>
		<centerY>-3</centerY>
	</drawable>
	<drawable>
		<name>MONTH.xml</name>
		<arraytype>3</arraytype>
		<centerY>-3</centerY>
	</drawable>
	<drawable>
		<name>BATT ROTATE.png</name>
		<rotate>6</rotate>
		<centerY>-56</centerY>
	</drawable>
	<drawable>
		<name>Day.xml</name>
		<arraytype>4</arraytype>
		<centerX>2</centerX>
		<centerY>95</centerY>
	</drawable>
	<drawable>
		<name>Center Frame_2.png</name>
		<centerY>-1</centerY>
	</drawable>
	<drawable>
		<name>HH_green.png</name>
		<rotate>1</rotate>
	</drawable>
	<drawable>
		<name>MH_green.png</name>
		<rotate>2</rotate>
	</drawable>
	<drawable>
		<name>SH shadow .png</name>
		<rotate>10</rotate>
		<centerX>7</centerX>
		<centerY>2</centerY>
	</drawable>
	<drawable>
		<name>SH.png</name>
		<rotate>3</rotate>
	</drawable>
	<drawable>
		<name>Ring.png</name>
	</drawable>
<!--COMMENTED BY ClockSkinMaker
<metadata gui='rra' version='2.0.0.2'/>
-->
</clockskin>