<?xml version="1.0" encoding="utf-8"?>
<clockskin>
	<drawable>
		<name>watch_dial.png</name>
	</drawable>
	<drawable>
		<name>hour_minute_array.xml</name>
		<arraytype>6</arraytype>
		<centerX>-12</centerX>
		<centerY>63</centerY>
	</drawable>
	<drawable>
		<name>weekday_array.xml</name>
		<arraytype>5</arraytype>
		<centerX>-90</centerX>
		<centerY>-38</centerY>
	</drawable>
	<drawable>
		<name>steps_array.xml</name>
		<arraytype>12</arraytype>
		<centerX>78</centerX>
		<centerY>-33</centerY>
	</drawable>
        <drawable>
		<name>num_array.xml</name>
		<arraytype>14</arraytype>
		<centerX>-76</centerX>
		<centerY>-98</centerY>
	</drawable>
	<drawable>
		<name>month_day_array_1.xml</name>
		<arraytype>4</arraytype>
		<centerX>70</centerX>
		<centerY>-86</centerY>
	</drawable>
	<drawable>
		<name>month_array.xml</name>
		<arraytype>3</arraytype>
		<centerX>25</centerX>
		<centerY>-86</centerY>
	</drawable>
	<drawable>
		<name>month_day_array_2_1.xml</name>
		<arraytype>9</arraytype>
		<centerX>93</centerX>
		<centerY>51</centerY>
	</drawable>
        <drawable>
		<name>clock_skin_hour.png</name>
		<rotate>1</rotate>
                <centerX>0</centerX>
		<centerY>0</centerY>
	</drawable>
	<drawable>
		<name>clock_skin_minute.png</name>
		<rotate>2</rotate>
                <centerX>0</centerX>
		<centerY>0</centerY>
	</drawable>
         <drawable>
		<name>clock_skin_second.png</name>
		<rotate>3</rotate>
                <centerX>0</centerX>
		<centerY>0</centerY>
	</drawable>
       

	<!--COMMENTED BY Pulsar
<metadata gui='rra' version='1.5.0.0'/>
-->
</clockskin>