<?xml version="1.0" encoding="utf-8"?>
<clockskin>
	<drawable>
		<name>b2red.png</name>
	</drawable>
	<drawable>
		<name>b.xml</name>
		<arraytype>13</arraytype>
		<centerX>-70</centerX>
		<centerY>-69</centerY>
	</drawable>
	<drawable>
		<name>s.xml</name>
		<arraytype>12</arraytype>
		<centerX>-44</centerX>
		<centerY>71</centerY>
	</drawable>
	<drawable>
		<name>hor.xml</name>
		<arraytype>7</arraytype>
		<centerX>-29</centerX>
		<centerY>129</centerY>
	</drawable>
	<drawable>
		<name>min.xml</name>
		<arraytype>8</arraytype>
		<centerX>29</centerX>
		<centerY>128</centerY>
	</drawable>
	<drawable>
		<name>hor_num_colon.png</name>
		<centerX>3</centerX>
		<centerY>126</centerY>
	</drawable>
	<drawable>
		<name>d.xml</name>
		<arraytype>4</arraytype>
		<centerX>110</centerX>
		<centerY>-12</centerY>
	</drawable>
	<drawable>
		<name>m.xml</name>
		<arraytype>3</arraytype>
		<centerX>112</centerX>
		<centerY>19</centerY>
	</drawable>
	<drawable>
		<name>bat.xml</name>
		<arraytype>14</arraytype>
		<centerX>-84</centerX>
		<centerY>1</centerY>
	</drawable>
	<drawable>
		<name>w.xml</name>
		<arraytype>5</arraytype>
		<centerX>112</centerX>
		<centerY>-41</centerY>
	</drawable>
	<drawable>
		<name>lancettasecondiombra.png</name>
		<rotate>10</rotate>
	</drawable>
	<drawable>
		<name>clock_skin_hour.png</name>
		<rotate>1</rotate>
	</drawable>
	<drawable>
		<name>clock_skin_minute.png</name>
		<rotate>2</rotate>
	</drawable>
	<drawable>
		<name>lancettasecondi.png</name>
		<rotate>3</rotate>
	</drawable>
<!--COMMENTED BY ClockSkinMaker
<metadata gui='rra' version='1.4.0.0'/>
-->
</clockskin>