<?xml version="1.0" encoding="utf-8"?>
<drawables>
	<image>m_jan.png</image>
	<image>m_feb.png</image>
	<image>m_mar.png</image>
	<image>m_apr.png</image>
	<image>m_may.png</image>
	<image>m_jun.png</image>
	<image>m_jul.png</image>
	<image>m_aug.png</image>
	<image>m_sep.png</image>
	<image>m_oct.png</image>
	<image>m_nov.png</image>
	<image>m_dec.png</image>
<!--COMMENTED BY ClockSkinMaker
<metadata gui='rra' version='1.4.0.0' type='array_month' forecolor='FF8000' autoscale='0' font='Bicubik' fontstyle='Regular' fontsize='18,75'>
<content>янв</content>
<content>фев</content>
<content>мар</content>
<content>апр</content>
<content>май</content>
<content>июн</content>
<content>июл</content>
<content>авг</content>
<content>сен</content>
<content>окт</content>
<content>ноя</content>
<content>дек</content>
</metadata>
-->
</drawables>