<?xml version="1.0" encoding="utf-8"?>
<drawables>
	<image>w_sun.png</image>
	<image>w_mon.png</image>
	<image>w_tue.png</image>
	<image>w_wed.png</image>
	<image>w_thu.png</image>
	<image>w_fri.png</image>
	<image>w_sat.png</image>
<!--COMMENTED BY ClockSkinMaker
<metadata gui='rra' version='1.4.0.0' type='array_weekday' forecolor='FFFFFF' autoscale='0' font='Bicubik' fontstyle='Regular' fontsize='18,75'>
<content>Вос</content>
<content>Пон</content>
<content>Втр</content>
<content>Срд</content>
<content>Чтв</content>
<content>Птн</content>
<content>Сбт</content>
</metadata>
-->
</drawables>