<?xml version="1.0" encoding="utf-8"?>
<clockskin>
	<drawable>
		<name>watch_wm_01_bejing.png</name>
	</drawable>
	<drawable>
		<name>hour.xml</name>
		<arraytype>7</arraytype>
		<centerX>-70</centerX>
	</drawable>
	<drawable>
		<name>division_sign.xml</name>
		<arraytype>6</arraytype>
		<centerY>-20</centerY>
	</drawable>
	<drawable>
		<name>minute.xml</name>
		<arraytype>8</arraytype>
		<centerX>70</centerX>
	</drawable>
<!--COMMENTED BY ClockSkinMaker
<metadata gui='rra' version='2.0.0.2'/>
-->
</clockskin>