<?xml version="1.0" encoding="utf-8"?>
<clockskin>
  <drawable>
    <name>blade2_0.png</name>
  </drawable>
<drawable>
    <name>blade2_1.png</name>
    <rotate>3</rotate>
    <direction>2</direction>
    <mulrotate>3</mulrotate>
   </drawable>
  <drawable>
    <name>blade2.png</name>
  </drawable>
  <drawable>
    <name>imageedit_54_2454606141.png</name>
  </drawable>
  <drawable>
    <name>clock_skin_hour.png</name>
    <centerX>2</centerX>
    <centerY>33</centerY>
  </drawable>
  <drawable>
    <name>hour.xml</name>
    <arraytype>7</arraytype>
    <centerX>-119</centerX>
  </drawable>
  <drawable>
    <name>min.xml</name>
    <arraytype>8</arraytype>
    <centerX>110</centerX>
  </drawable>
  <drawable>
    <name>imageedit_50_5055159453.png</name>
    <rotate>3</rotate>
    <direction>1</direction>
    <mulrotate>2</mulrotate>
  </drawable>
<!--COMMENTED BY ClockSkinMaker
<metadata gui='rra' version='1.0.1.0'/>
-->
</clockskin>