<?xml version="1.0" encoding="utf-8"?>
<clockskin>
	<drawable>
		<name>400a.png</name>
	</drawable>
	<drawable>
		<name>hm.xml</name>
		<arraytype>6</arraytype>
		<centerX>3</centerX>
		<centerY>100</centerY>
	</drawable>
	<drawable>
		<name>wd.xml</name>
		<arraytype>5</arraytype>
		<centerX>159</centerX>
	</drawable>
	<drawable>
		<name>D.xml</name>
		<arraytype>4</arraytype>
		<centerX>-155</centerX>
	</drawable>
	<drawable>
		<name>st.xml</name>
		<arraytype>12</arraytype>
		<centerY>-173</centerY>
	</drawable>
	<drawable>
		<name>bt.xml</name>
		<arraytype>14</arraytype>
		<centerY>174</centerY>
	</drawable>
	<drawable>
		<arraytype>99</arraytype>
		<centerX>23</centerX>
		<centerY>-28</centerY>
	</drawable>
<!--COMMENTED BY ClockSkinMaker
<metadata gui='rra' version='1.4.0.0'/>
-->
</clockskin>