<?xml version="1.0" encoding="utf-8"?>
<drawables>
	<image>wd_sun.png</image>
	<image>wd_mon.png</image>
	<image>wd_tue.png</image>
	<image>wd_wed.png</image>
	<image>wd_thu.png</image>
	<image>wd_fri.png</image>
	<image>wd_sat.png</image>
<!--COMMENTED BY ClockSkinMaker
<metadata gui='rra' version='1.4.0.0' type='array_weekday' forecolor='0080FF' autoscale='0' font='Arial Narrow' fontstyle='Regular' fontsize='39,75'>
<content>SU</content>
<content>MO</content>
<content>TU</content>
<content>WE</content>
<content>TH</content>
<content>FR</content>
<content>SA</content>
</metadata>
-->
</drawables>