<?xml version="1.0" encoding="utf-8"?>
<clockskin>
	<drawable>
		<name>clock_skin_panel_2.png</name>
	</drawable>
	<drawable>
		<name>hand_bat_1.png</name>
		<rotate>6</rotate>
		<angle>-55</angle>
		<startAngle>312</startAngle>
		<direction>2</direction>
	</drawable>
	<drawable>
		<name>steps_array.xml</name>
		<arraytype>12</arraytype>
		<centerX>59</centerX>
		<centerY>-82</centerY>
	</drawable>
	<drawable>
		<name>num_array.xml</name>
		<arraytype>13</arraytype>
		<centerX>10</centerX>
		<centerY>-148</centerY>
	</drawable>
	<drawable>
		<name>temperature_array.xml</name>
		<arraytype>11</arraytype>
		<centerX>16</centerX>
		<centerY>-118</centerY>
	</drawable>
	<drawable>
		<arraytype>99</arraytype>
		<centerX>-27</centerX>
		<centerY>71</centerY>
	</drawable>
	<drawable>
		<name>Mask.png</name>
	</drawable>
	<drawable>
		<name>Dayw.xml</name>
		<arraytype>5</arraytype>
		<centerY>36</centerY>
	</drawable>
	<drawable>
		<name>hour_minute_array_1.xml</name>
		<arraytype>6</arraytype>
		<centerX>-6</centerX>
		<centerY>-15</centerY>
	</drawable>
	<drawable>
		<name>Hexagons_center.png</name>
	</drawable>
<!--COMMENTED BY ClockSkinMaker
<metadata gui='rra' version='1.4.8.0'/>
-->
</clockskin>