<?xml version="1.0" encoding="utf-8"?>
<drawables>
	<image>Dayw_sun.png</image>
	<image>Dayw_mon.png</image>
	<image>Dayw_tue.png</image>
	<image>Dayw_wed.png</image>
	<image>Dayw_thu.png</image>
	<image>Dayw_fri.png</image>
	<image>Dayw_sat.png</image>
<!--COMMENTED BY ClockSkinMaker
<metadata gui='rra' version='1.4.6.0' type='array_weekday' autoscale='1' font='Xolonium' fontstyle='Bold' fontsize='20.6044'>
<content>SUNDAY</content>
<content>MONDAY</content>
<content>TUESDAY</content>
<content>WEDNESDAY</content>
<content>THURSDAY</content>
<content>FRIDAY</content>
<content>SATURDAY</content>
</metadata>
-->
</drawables>