<?xml version="1.0" encoding="utf-8"?>
<clockskin>
	<drawable>
		<name>watch_dial.png</name>
	</drawable>
	<drawable>
		<name>10sec.xml</name>
		<arraytype>9</arraytype>
		<centerX>200</centerX>
	</drawable>
	<drawable>
		<name>Second.png</name>
		<rotate>3</rotate>
	</drawable>
	<drawable>
		<name>6.png</name>
	</drawable>
	<drawable>
		<name>6.xml</name>
		<arraytype>9</arraytype>
		<centerX>200</centerX>
	</drawable>
	<drawable>
		<name>bat.png</name>
		<rotate>6</rotate>
		<centerX>95</centerX>
		<centerY>-45</centerY>
		<angle>-40</angle>
		<direction>1</direction>
	</drawable>
	<drawable>
		<name>gear2.png</name>
		<rotate>3</rotate>
		<centerX>-103</centerX>
		<centerY>-43</centerY>
		<mulrotate>1</mulrotate>
	</drawable>
	<drawable>
		<name>gear3.png</name>
		<rotate>3</rotate>
		<centerX>79</centerX>
		<centerY>-3</centerY>
		<mulrotate>12</mulrotate>
	</drawable>
	<drawable>
		<name>dial.png</name>
	</drawable>
	<drawable>
		<name>clock_skin_hour.png</name>
		<rotate>1</rotate>
		<centerY>-75</centerY>
	</drawable>
	<drawable>
		<name>clock_skin_minute.png</name>
		<rotate>2</rotate>
		<centerY>-75</centerY>
	</drawable>
	<drawable>
		<name>bumbum.xml</name>
		<arraytype>9</arraytype>
		<centerX>-200</centerX>
		<centerY>93</centerY>
	</drawable>
<!--COMMENTED BY ClockSkinMaker
<metadata gui='rra' version='1.4.0.0'/>
-->
</clockskin>