<?xml version="1.0" encoding="utf-8"?>
<drawables>
	<image>clock_skin_1_num_0_6.png</image>
	<image>clock_skin_1_num_1_5.png</image>
	<image>clock_skin_1_num_2_5.png</image>
	<image>clock_skin_1_num_3_5.png</image>
	<image>clock_skin_1_num_4_5.png</image>
	<image>clock_skin_1_num_5_5.png</image>
	<image>clock_skin_1_num_6_5.png</image>
	<image>clock_skin_1_num_7_5.png</image>
	<image>clock_skin_1_num_8_5.png</image>
	<image>clock_skin_1_num_9_5.png</image>
	<image>clock_skin_1_num_minus_2_2.png</image>
</drawables>