<?xml version="1.0" encoding="utf-8"?>
<drawables>
	<image>clock_skin_1_num_0_5.png</image>
	<image>clock_skin_1_num_1_4.png</image>
	<image>clock_skin_1_num_2_4.png</image>
	<image>clock_skin_1_num_3_4.png</image>
	<image>clock_skin_1_num_4_4.png</image>
	<image>clock_skin_1_num_5_4.png</image>
	<image>clock_skin_1_num_6_4.png</image>
	<image>clock_skin_1_num_7_4.png</image>
	<image>clock_skin_1_num_8_4.png</image>
	<image>clock_skin_1_num_9_4.png</image>
	<image>clock_skin_1_num_minus_2_1.png</image>
</drawables>