<?xml version="1.0" encoding="utf-8"?>
<clockskin>
	<drawable>
		<name>BASE.png</name>
	</drawable>
	<drawable>
		<name>BASE_FIG.png</name>
	</drawable>
	<drawable>
		<name>SENTER BLUE.png</name>
	</drawable>
	<drawable>
		<name>TICKS.png</name>
	</drawable>
	<drawable>
		<name>Hatch.png</name>
	</drawable>
	<drawable>
		<name>SEC WD DAY BATT BASES_.png</name>
	</drawable>
	<drawable>
		<name>FIGURES.png</name>
	</drawable>
	<drawable>
		<name>SH.png</name>
		<rotate>3</rotate>
		<centerY>104</centerY>
	</drawable>
	<drawable>
		<name>BATT ROTATE.png</name>
		<rotate>6</rotate>
		<centerX>90</centerX>
		<centerY>-53</centerY>
	</drawable>
	<drawable>
		<name>WD ROTATE.png</name>
		<rotate>5</rotate>
		<centerX>-90</centerX>
		<centerY>-53</centerY>
	</drawable>
	<drawable>
		<name>DAY ARRAY.xml</name>
		<arraytype>4</arraytype>
		<centerX>91</centerX>
		<centerY>-19</centerY>
	</drawable>
	<drawable>
		<name>SH_center_1.png</name>
		<centerY>104</centerY>
	</drawable>
	<drawable>
		<name>SH_center_2.png</name>
		<centerX>90</centerX>
		<centerY>-53</centerY>
	</drawable>
	<drawable>
		<name>SH_center.png</name>
		<centerX>-91</centerX>
		<centerY>-53</centerY>
	</drawable>
	<drawable>
		<name>HH_blue.png</name>
		<rotate>1</rotate>
	</drawable>
	<drawable>
		<name>MH_blue.png</name>
		<rotate>2</rotate>
	</drawable>
<!--COMMENTED BY ClockSkinMaker
<metadata gui='rra' version='2.0.0.2'/>
-->
</clockskin>