<?xml version="1.0" encoding="utf-8"?>
<clockskin>
	<drawable>
		<name>HATCH.png</name>
	</drawable>
	<drawable>
		<name>BLUE BACK.png</name>
	</drawable>
	<drawable>
		<name>HATCH_BLUE.png</name>
	</drawable>
	<drawable>
		<name>BASE.png</name>
	</drawable>
	<drawable>
		<name>MASK.png</name>
	</drawable>
	<drawable>
		<name>FIGURES.png</name>
	</drawable>
	<drawable>
		<name>TOURBILLION BASE.png</name>
	</drawable>
	<drawable>
		<name>Balance Wheel_2.png</name>
		<rotate>3</rotate>
		<centerY>105</centerY>
		<mulrotate>120</mulrotate>
	</drawable>
	<drawable>
		<name>Balance Wheel_3.png</name>
		<rotate>3</rotate>
		<centerY>105</centerY>
		<mulrotate>180</mulrotate>
	</drawable>
	<drawable>
		<name>Balance Wheel__.png</name>
		<rotate>3</rotate>
		<centerY>105</centerY>
		<mulrotate>50</mulrotate>
	</drawable>
	<drawable>
		<name>Balance Wheel___.png</name>
		<rotate>3</rotate>
		<centerY>105</centerY>
		<mulrotate>40</mulrotate>
	</drawable>
	<drawable>
		<name>Spring_blue.png</name>
		<centerY>105</centerY>
	</drawable>
	<drawable>
		<name>Flying Tourbillon_3.png</name>
		<rotate>3</rotate>
		<centerY>105</centerY>
	</drawable>
	<drawable>
		<name>DAY BASE MASK.png</name>
	</drawable>
	<drawable>
		<name>WD ARRAY.xml</name>
		<arraytype>5</arraytype>
	</drawable>
	<drawable>
		<name>DAY ARRAY.xml</name>
		<arraytype>4</arraytype>
		<centerX>1</centerX>
		<centerY>-81</centerY>
	</drawable>
	<drawable>
		<name>HH_2.png</name>
		<rotate>1</rotate>
	</drawable>
	<drawable>
		<name>MH_2.png</name>
		<rotate>2</rotate>
	</drawable>
	<drawable>
		<name>SH.png</name>
		<rotate>3</rotate>
	</drawable>
<!--COMMENTED BY ClockSkinMaker
<metadata gui='rra' version='2.0.0.2'/>
-->
</clockskin>