<?xml version="1.0" encoding="utf-8"?>
<clockskin>
	<drawable>
		<name>HATCH_frame_1.png</name>
		<centerY>-1</centerY>
	</drawable>
	<drawable>
		<name>BATT ROTATE.png</name>
		<rotate>6</rotate>
		<centerY>-32</centerY>
		<mulrotate>-2</mulrotate>
	</drawable>
	<drawable>
		<name>BASE.png</name>
	</drawable>
	<drawable>
		<name>FIGURES_2.png</name>
	</drawable>
	<drawable>
		<name>WD MONTH BASE_2.png</name>
	</drawable>
	<drawable>
		<name>MONTH ROTATE.png</name>
		<rotate>4</rotate>
		<centerX>97</centerX>
	</drawable>
	<drawable>
		<name>WD ROTATE.png</name>
		<rotate>5</rotate>
		<centerX>-97</centerX>
	</drawable>
	<drawable>
		<name>HATCH and day base.png</name>
	</drawable>
	<drawable>
		<name>BATT INDIC FRAME.png</name>
	</drawable>
	<drawable>
		<name>A_day.xml</name>
		<arraytype>4</arraytype>
		<centerX>1</centerX>
		<centerY>135</centerY>
	</drawable>
	<drawable>
		<name>HATCH_frame.png</name>
	</drawable>
	<drawable>
		<name>HH.png</name>
		<rotate>1</rotate>
	</drawable>
	<drawable>
		<name>MH.png</name>
		<rotate>2</rotate>
	</drawable>
	<drawable>
		<name>SH.png</name>
		<rotate>3</rotate>
	</drawable>
	<drawable>
		<name>center.png</name>
		<rotate>3</rotate>
	</drawable>
<!--COMMENTED BY ClockSkinMaker
<metadata gui='rra' version='2.0.0.2'/>
-->
</clockskin>