<?xml version="1.0" encoding="utf-8"?>
<clockskin>
	<drawable>
		<name>wm_clock_view_07.png</name>
	</drawable>
	<drawable>
		<name>d.xml</name>
		<arraytype>4</arraytype>
		<centerX>100</centerX>
		<centerY>3</centerY>
	</drawable>
	<drawable>
		<name>wm_clock_hour_07.png</name>
		<rotate>1</rotate>
	</drawable>
	<drawable>
		<name>wm_clock_min_07.png</name>
		<rotate>2</rotate>
	</drawable>
	<drawable>
		<name>wm_clock_sec_07.png</name>
		<rotate>3</rotate>
	</drawable>
	
<!--COMMENTED BY ClockSkinMaker
<metadata gui='rra' version='1.6.0.0'/>
-->
</clockskin>