<?xml version="1.0" encoding="utf-8"?>
<clockskin>
	<drawable>
		<name>400a.png</name>
	</drawable>
	<drawable>
		<name>step.xml</name>
		<arraytype>12</arraytype>
		<centerX>-2</centerX>
		<centerY>-111</centerY>
	</drawable>
	<drawable>
		<name>heart.xml</name>
		<arraytype>13</arraytype>
		<centerX>-83</centerX>
		<centerY>-111</centerY>
	</drawable>
	<drawable>
		<name>123.xml</name>
		<arraytype>6</arraytype>
	</drawable>
	<drawable>
		<name>n_m.xml</name>
		<arraytype>6</arraytype>
		<centerX>-39</centerX>
	</drawable>
	<drawable>
		<name>batt.xml</name>
		<arraytype>14</arraytype>
		<centerX>135</centerX>
		<centerY>26</centerY>
	</drawable>
	<drawable>
		<name>sec.xml</name>
		<arraytype>9</arraytype>
		<centerX>134</centerX>
		<centerY>-17</centerY>
	</drawable>
<!--COMMENTED BY ClockSkinMaker
<metadata gui='rra' version='1.4.0.0'/>
-->
</clockskin>