<?xml version="1.0" encoding="utf-8"?>
<clockskin>
	<drawable>
		<name>image1.png</name>
	</drawable>
	<drawable>
		<name>digital1.xml</name>
		<arraytype>13</arraytype>
		<centerX>80</centerX>
		<centerY>77</centerY>
	</drawable>
	<drawable>
		<name>digital2.xml</name>
		<arraytype>12</arraytype>
		<centerX>-78</centerX>
		<centerY>77</centerY>
	</drawable>
	<drawable>
		<name>digital3.xml</name>
		<arraytype>14</arraytype>
		<centerX>-10</centerX>
		<centerY>125</centerY>
	</drawable>
	<drawable>
		<name>digital4.xml</name>
		<arraytype>4</arraytype>
		<centerX>-70</centerX>
		<centerY>-71</centerY>
	</drawable>
	<drawable>
		<name>digital5.xml</name>
		<arraytype>5</arraytype>
		<centerY>-65</centerY>
	</drawable>
	<drawable>
		<name>digital6.xml</name>
		<arraytype>3</arraytype>
		<centerX>79</centerX>
		<centerY>-68</centerY>
	</drawable>
	<drawable>
		<name>digital7.xml</name>
		<arraytype>7</arraytype>
		<centerX>-93</centerX>
	</drawable>
	<drawable>
		<name>digital8.xml</name>
		<arraytype>8</arraytype>
		<centerX>98</centerX>
	</drawable>
	<drawable>
		<arraytype>99</arraytype>
		<centerX>-27</centerX>
		<centerY>144</centerY>
	</drawable>
	<drawable>
		<name>image3.png</name>
		<rotate>1</rotate>
		<mulrotate>1</mulrotate>
	</drawable>
	<drawable>
		<name>image4.png</name>
		<rotate>2</rotate>
		<mulrotate>1</mulrotate>
	</drawable>
	<drawable>
		<name>image5.png</name>
		<rotate>10</rotate>
		<mulrotate>1</mulrotate>
	</drawable>
	<drawable>
		<name>image6.png</name>
		<rotate>3</rotate>
		<mulrotate>1</mulrotate>
	</drawable>
	<drawable>
		<name>image7.png</name>
	</drawable>
<!--COMMENTED BY ClockSkinMaker
<metadata gui='rra' version='1.4.0.0'/>
-->
</clockskin>