<?xml version="1.0" encoding="utf-8"?>
<drawables>
     <image>animation_2_0.png</image>
     <image>animation_2_1.png</image>
     <image>animation_2_2.png</image>
     <image>animation_2_3.png</image>
     <image>animation_2_4.png</image>
     <image>animation_2_5.png</image>
     <image>animation_2_6.png</image>
     <image>animation_2_7.png</image>
     <image>animation_2_8.png</image>
     <image>animation_2_9.png</image>
     <image>animation_2_10.png</image>
     <image>animation_2_11.png</image>
     <image>animation_2_12.png</image>
     <image>animation_2_13.png</image>
     <image>animation_2_14.png</image>
     <image>animation_2_15.png</image>
     <image>animation_2_16.png</image>
     <image>animation_2_17.png</image>
     <image>animation_2_18.png</image>
     <image>animation_2_19.png</image>
     <image>animation_2_20.png</image>
     <image>animation_2_21.png</image>
     <image>animation_2_22.png</image>
     <image>animation_2_23.png</image>
     <image>animation_2_24.png</image>
     <image>animation_2_25.png</image>
     <image>animation_2_26.png</image>
     <image>animation_2_27.png</image>
     <image>animation_2_28.png</image>
     <image>animation_2_29.png</image>
     <image>animation_2_30.png</image>
     <image>animation_2_31.png</image>
     <image>animation_2_32.png</image>
     <image>animation_2_33.png</image>
     <image>animation_2_34.png</image>
     <image>animation_2_35.png</image>
     <image>animation_2_36.png</image>
     <image>animation_2_37.png</image>
     <image>animation_2_38.png</image>
     <image>animation_2_39.png</image>
     <image>animation_2_40.png</image>
     <image>animation_2_41.png</image>
     <image>animation_2_42.png</image>
     <image>animation_2_43.png</image>
     <image>animation_2_44.png</image>
     <image>animation_2_45.png</image>
     <image>animation_2_46.png</image>
     <image>animation_2_47.png</image>
     <image>animation_2_48.png</image>
     <image>animation_2_49.png</image>
     <image>animation_2_50.png</image>
     <image>animation_2_51.png</image>
     <image>animation_2_52.png</image>
     <image>animation_2_53.png</image>
     <image>animation_2_54.png</image>
     <image>animation_2_55.png</image>
     <image>animation_2_56.png</image>
     <image>animation_2_57.png</image>
     <image>animation_2_58.png</image>
     <image>animation_2_59.png</image>
     <image>animation_2_60.png</image>
     <image>animation_2_61.png</image>
     <image>animation_2_62.png</image>
     <image>animation_2_63.png</image>
     <image>animation_2_64.png</image>
     <image>animation_2_65.png</image>
     <image>animation_2_66.png</image>
     <image>animation_2_67.png</image>
     <image>animation_2_68.png</image>
     <image>animation_2_69.png</image>
     <image>animation_2_70.png</image>
     <image>animation_2_71.png</image>
     <image>animation_2_72.png</image>
     <image>animation_2_73.png</image>
     <image>animation_2_74.png</image>
     <image>animation_2_75.png</image>
     <image>animation_2_76.png</image>
     <image>animation_2_77.png</image>
     <image>animation_2_78.png</image>
     <image>animation_2_79.png</image>
     <image>animation_2_80.png</image>
     <image>animation_2_81.png</image>
     <image>animation_2_82.png</image>
     <image>animation_2_83.png</image>
     <image>animation_2_84.png</image>
     <image>animation_2_85.png</image>
     <image>animation_2_86.png</image>
     <image>animation_2_87.png</image>
     <image>animation_2_88.png</image>
     <image>animation_2_89.png</image>
</drawables>
