<?xml version="1.0" encoding="utf-8"?>
<clockskin>
	<drawable>
		<name>CASIO.png</name>
	</drawable>
	<drawable>
		<name>days_5_1.xml</name>
		<arraytype>6</arraytype>
		<centerY>11</centerY>
	</drawable>
	<drawable>
		<name>MONTHDAY.xml</name>
		<arraytype>2</arraytype>
		<centerX>-56</centerX>
		<centerY>73</centerY>
	</drawable>
	<drawable>
		<name>days_5_2.xml</name>
		<arraytype>9</arraytype>
		<centerX>81</centerX>
		<centerY>78</centerY>
	</drawable>
	<drawable>
		<name>days_5.xml</name>
		<arraytype>16</arraytype>
		<centerX>41</centerX>
		<centerY>-60</centerY>
	</drawable>
	<drawable>
		<name>STEP.xml</name>
		<arraytype>12</arraytype>
		<centerY>117</centerY>
	</drawable>
	<drawable>
		<name>MSK.png</name>
	</drawable>
	<drawable>
		<name>weekday_array.xml</name>
		<arraytype>5</arraytype>
		<centerX>-63</centerX>
		<centerY>-63</centerY>
	</drawable>
	<drawable>
		<name>days.xml</name>
		<arraytype>9</arraytype>
		<centerX>-200</centerX>
	</drawable>
	<drawable>
		<name>0days.xml</name>
		<arraytype>9</arraytype>
		<centerX>200</centerX>
	</drawable>
	<drawable>
		<name>BATT0.xml</name>
		<arraytype>14</arraytype>
		<centerX>119</centerX>
		<centerY>117</centerY>
	</drawable>
	<drawable>
		<name>battery.xml</name>
		<arraytype>14</arraytype>
		<centerX>497</centerX>
	</drawable>
<!--COMMENTED BY ClockSkinMaker
<metadata gui='rra' version='1.4.0.0'/>
-->
</clockskin>