<?xml version="1.0" encoding="utf-8"?>
<clockskin>
	<drawable>
		<name>newfaces.png</name>
	</drawable>
	<drawable>
		<name>HM.xml</name>
		<arraytype>6</arraytype>
		<centerX>75</centerX>
		<centerY>-68</centerY>
	</drawable>
	<drawable>
		<name>SEC1.xml</name>
		<arraytype>9</arraytype>
		<centerX>73</centerX>
		<centerY>-20</centerY>
	</drawable>
	<drawable>
		<name>AM&amp;PM_1.xml</name>
		<arraytype>6</arraytype>
		<centerX>103</centerX>
		<centerY>-123</centerY>
	</drawable>
	<drawable>
		<name>AM&amp;PM.xml</name>
		<arraytype>6</arraytype>
		<centerX>19</centerX>
		<centerY>-123</centerY>
	</drawable>
	<drawable>
		<name>HR.xml</name>
		<arraytype>13</arraytype>
		<centerX>16</centerX>
		<centerY>45</centerY>
	</drawable>
	<drawable>
		<name>DSC.xml</name>
		<arraytype>60</arraytype>
		<centerX>20</centerX>
		<centerY>77</centerY>
	</drawable>
	<drawable>
		<name>CAL.xml</name>
		<arraytype>54</arraytype>
		<centerX>20</centerX>
		<centerY>110</centerY>
	</drawable>
	<drawable>
		<name>STEPS.xml</name>
		<arraytype>12</arraytype>
		<centerX>20</centerX>
		<centerY>143</centerY>
	</drawable>
	<drawable>
		<name>MONTH.xml</name>
		<arraytype>3</arraytype>
	</drawable>
	<drawable>
		<name>weekday.xml</name>
		<arraytype>5</arraytype>
	</drawable>
	<drawable>
		<name>day_1_1.xml</name>
		<arraytype>4</arraytype>
		<centerX>192</centerX>
		<centerY>-5</centerY>
	</drawable>
	<drawable>
		<name>day.xml</name>
		<arraytype>4</arraytype>
		<centerX>-193</centerX>
		<centerY>11</centerY>
	</drawable>
	<drawable>
		<name>yeeer_1.xml</name>
		<arraytype>16</arraytype>
		<centerX>582</centerX>
		<centerY>46</centerY>
	</drawable>
	<drawable>
		<name>yeeer_2.xml</name>
		<arraytype>16</arraytype>
		<centerX>198</centerX>
		<centerY>62</centerY>
	</drawable>
	<drawable>
		<name>yeeer_3.xml</name>
		<arraytype>16</arraytype>
		<centerX>-187</centerX>
		<centerY>78</centerY>
	</drawable>
	<drawable>
		<name>yeeer.xml</name>
		<arraytype>16</arraytype>
		<centerX>-572</centerX>
		<centerY>94</centerY>
	</drawable>
	<drawable>
		<name>weather_array.xml</name>
		<arraytype>10</arraytype>
		<centerX>146</centerX>
		<centerY>19</centerY>
	</drawable>
	<drawable>
		<name>temp.xml</name>
		<arraytype>11</arraytype>
		<centerX>162</centerX>
		<centerY>55</centerY>
	</drawable>
	<drawable>
		<name>battrynumb.xml</name>
		<arraytype>14</arraytype>
		<centerX>-90</centerX>
		<centerY>155</centerY>
	</drawable>
	<drawable>
		<color>1</color>
		<arraytype>99</arraytype>
		<centerX>9</centerX>
		<centerY>-143</centerY>
	</drawable>
	<drawable>
		<name>batterynnn.xml</name>
		<arraytype>14</arraytype>
		<centerX>200</centerX>
		<centerY>3</centerY>
	</drawable>
 <drawable>
        <!--ALARM-->
        <arraytype>100</arraytype>
        <centerX>73</centerX>
        <centerY>-62</centerY>
        <range>35</range>
        <cls>com.android.deskclock.DeskClock</cls>
        <pkg>com.android.deskclock</pkg>
    </drawable>

    <drawable>
        <!--PHONE-->
        <arraytype>100</arraytype>
        <centerX>81</centerX>
        <centerY>-170</centerY>
        <range>30</range>
        <cls>com.android.dialer.DialtactsWearActivity</cls>
        <pkg>com.android.dialer</pkg>
    </drawable> 
	
    <drawable>
        <!--GOOGLE ASSISTANT-->
        <arraytype>100</arraytype>
        <centerX>0</centerX>
        <centerY>177</centerY>
        <range>55</range>
        <cls>com.google.android.apps.googleassistant.AssistantActivity</cls>
        <pkg>com.google.android.apps.googleassistant</pkg>
    </drawable>

    <drawable>
    <!--WEATHER-->
        <arraytype>100</arraytype>
        <centerX>147</centerX>
        <centerY>18</centerY>
        <range>37</range>
        <cls>com.android.watchweather.WeatherActivity</cls>
        <pkg>com.android.watchweather</pkg>
    </drawable>

    <drawable>
    <!--FITNESS-->
        <arraytype>100</arraytype>
        <centerX>90</centerX>
        <centerY>110</centerY>
        <range>30</range>
        <cls>com.sprots.wiiteer.fitness.module.main.ui.MainActivity</cls>
        <pkg>com.sprots.wiiteer.fitness</pkg>
    </drawable>

    <drawable>
    <!--heart_rate-->
       <arraytype>100</arraytype>
       <centerX>54</centerX>
       <centerY>46</centerY>
       <range>60</range>
       <cls>com.cenon.heartrate.HeartRateMonitorActivity</cls>
       <pkg>com.cenon.heartrate</pkg>
    </drawable>



<!--1 Music at Notes-->
    <drawable>
	<arraytype>100</arraytype>
	<centerX>-102</centerX>
	<centerY>-129</centerY>
	<range>50</range>
	<cls>com.android.music.MusicBrowserActivity</cls>
	<pkg>com.android.music</pkg>
    </drawable>


<!--3 Calendar at Date-->
    <drawable>
	<arraytype>100</arraytype>
	<centerX>-147</centerX>
	<centerY>-11</centerY>
	<range>50</range>
	<cls>com.android.calendar.AllInOneActivity</cls>
	<pkg>com.google.android.calendar</pkg>
    </drawable>





<!--10 Power at Power-->
    <drawable>
	<arraytype>100</arraytype>
	<centerX>-30</centerX>
	<centerY>-178</centerY>
	<range>30</range>
	<cls>com.android.settings.Settings$PowerUsageSummaryActivity</cls>
	<pkg>com.android.settings</pkg>
    </drawable>



<!--13 Whatsapp-->
    <drawable>
	<arraytype>100</arraytype>
	<centerX>46</centerX>
	<centerY>-177</centerY>
	<range>30</range>
        <cls>com.whatsapp.Main</cls>
        <pkg>com.whatsapp</pkg>
    </drawable>

<!--14 Sports-->
    <drawable>
	<arraytype>100</arraytype>
	<centerX>104</centerX>
	<centerY>140</centerY>
	<range>30</range>
	<cls>it.nimarsolutions.rungpstracker.SplashActivity</cls>
        <pkg>it.nimarsolutions.rungpstracker</pkg>
    </drawable>

<!--15 Camera-->
    <drawable>
	<arraytype>100</arraytype>
	<centerX>-128</centerX>
	<centerY>104</centerY>
	<range>30</range>
	<cls>com.android.camera.CameraLauncher</cls>
	<pkg>com.mediatek.camera</pkg>
    </drawable>

<!--16 Brightness -->
    <drawable>
	<arraytype>100</arraytype>
	<centerX>106</centerX>
	<centerY>-121</centerY>
	<range>30</range>
	<cls>com.android.systemui.settings.BrightnessDialog</cls>
	<pkg>com.android.systemui</pkg>
    </drawable>

<!--17 Maps-->
    <drawable>
	<arraytype>100</arraytype>
	<centerX>81</centerX>
	<centerY>75</centerY>
	<range>30</range>
	<cls>com.google.android.maps.MapsActivity</cls>
        <pkg>com.google.android.apps.maps</pkg>
    </drawable>
<!--mic-->
    <drawable>
	<arraytype>100</arraytype>
	<centerX>130</centerX>
	<centerY>94</centerY>
	<range>40</range>
	<cls>com.android.soundrecorder.SoundRecorder</cls>
	<pkg>com.android.soundrecorder</pkg>
    </drawable>

 
 <!-- Contacts -->
    <drawable>
        <arraytype>100</arraytype>
        <centerX>8</centerX>
        <centerY>-180</centerY>
    <cls>com.android.contacts.activities.PeopleActivity</cls>
    <pkg>com.android.contacts</pkg>
    </drawable>
<!--COMMENTED BY ClockSkinMaker
<metadata gui='rra' version='1.4.0.0'/>
-->
</clockskin>