<?xml version="1.0" encoding="utf-8"?>
<clockskin>
	<drawable>
		<name>image1.png</name>
	</drawable>
	<drawable>
		<name>digital1_1.xml</name>
		<arraytype>12</arraytype>
		<centerX>-97</centerX>
		<centerY>-28</centerY>
	</drawable>
	<drawable>
		<name>digital2_1.xml</name>
		<arraytype>14</arraytype>
		<centerX>-8</centerX>
		<centerY>82</centerY>
	</drawable>
	<drawable>
		<name>digital2.xml</name>
		<arraytype>4</arraytype>
		<centerX>-26</centerX>
		<centerY>-94</centerY>
	</drawable>
	<drawable>
		<name>WD.xml</name>
		<arraytype>5</arraytype>
		<centerX>18</centerX>
		<centerY>-93</centerY>
	</drawable>
  <drawable>
        <arraytype>56</arraytype>
        <width>8</width>
        <radius>52</radius> 
        <colorarray>#ea2351,#ea2351</colorarray>
        <startAngle>90</startAngle>
        <angle>360</angle>
        <centerX>-95</centerX>
        <centerY>-15</centerY>
    </drawable>
    <drawable>
        <arraytype>57</arraytype>
        <width>8</width>
        <radius>52</radius> 
        <colorarray>#ea2351,#ea2351</colorarray>
        <startAngle>90</startAngle>
        <angle>360</angle>
        <centerX>98</centerX>
        <centerY>-15</centerY>
    </drawable>
    <drawable>
        <arraytype>58</arraytype>
        <width>8</width>
        <radius>52</radius> 
        <colorarray>#ea2351,#ea2351</colorarray>
        <startAngle>90</startAngle>
        <angle>360</angle>
        <centerX>0</centerX>
        <centerY>95</centerY>
    </drawable>
	<drawable>
		<arraytype>99</arraytype>
		<centerX>-27</centerX>
		<centerY>-117</centerY>
	</drawable>
	<drawable>
		<name>digital1.xml</name>
		<arraytype>54</arraytype>
		<centerX>97</centerX>
		<centerY>-28</centerY>
	</drawable>
	<drawable>
		<name>image2.png</name>
		<rotate>1</rotate>
		<mulrotate>1</mulrotate>
	</drawable>
	<drawable>
		<name>image3.png</name>
		<rotate>2</rotate>
		<mulrotate>1</mulrotate>
	</drawable>
	<drawable>
		<name>image4.png</name>
		<rotate>3</rotate>
		<mulrotate>1</mulrotate>
	</drawable>
<!--COMMENTED BY ClockSkinMaker
<metadata gui='rra' version='1.4.0.0'/>
-->
</clockskin>