<?xml version="1.0" encoding="utf-8"?>
<clockskin>
	<drawable>
		<name>Batt rotate.png</name>
		<rotate>6</rotate>
		<mulrotate>-2</mulrotate>
	</drawable>
	<drawable>
		<name>Hatch.png</name>
	</drawable>
	<drawable>
		<name>M WD DAY MASK.png</name>
	</drawable>
	<drawable>
		<name>Mask.png</name>
	</drawable>
	<drawable>
		<name>SEC RING_blue.png</name>
	</drawable>
	<drawable>
		<name>SEC RING_green.png</name>
	</drawable>
	<drawable>
		<name>A_sec.xml</name>
		<arraytype>9</arraytype>
		<centerX>-200</centerX>
	</drawable>
	<drawable>
		<name>B_sec.xml</name>
		<arraytype>9</arraytype>
		<centerX>200</centerX>
	</drawable>
	<drawable>
		<name>12.png</name>
	</drawable>
	<drawable>
		<name>RED TICKS.png</name>
	</drawable>
	<drawable>
		<name>Sec_frame_BLACK.png</name>
	</drawable>
	<drawable>
		<name>GREEN MASK.png</name>
	</drawable>
	<drawable>
		<name>FIGURES.png</name>
	</drawable>
	<drawable>
		<name>Mask_2.png</name>
	</drawable>
	<drawable>
		<name>BL text base.png</name>
		<centerY>2</centerY>
	</drawable>
	<drawable>
		<name>B.L..png</name>
	</drawable>
	<drawable>
		<name>FIGURES BLUE.png</name>
	</drawable>
	<drawable>
		<name>WEECKDAY.xml</name>
		<arraytype>5</arraytype>
	</drawable>
	<drawable>
		<name>MONTH.xml</name>
		<arraytype>3</arraytype>
	</drawable>
	<drawable>
		<name>DAY.xml</name>
		<arraytype>4</arraytype>
		<centerY>125</centerY>
	</drawable>
	<drawable>
		<name>HH.png</name>
		<rotate>1</rotate>
	</drawable>
	<drawable>
		<name>MH.png</name>
		<rotate>2</rotate>
	</drawable>
	<drawable>
		<name>SH.png</name>
		<rotate>3</rotate>
	</drawable>
<!--COMMENTED BY ClockSkinMaker
<metadata gui='rra' version='2.0.0.2'/>
-->
</clockskin>