<?xml version="1.0" encoding="utf-8"?>
<drawables>
	<image>WEECKDAY_sun.png</image>
	<image>WEECKDAY_mon.png</image>
	<image>WEECKDAY_tue.png</image>
	<image>WEECKDAY_wed.png</image>
	<image>WEECKDAY_thu.png</image>
	<image>WEECKDAY_fri.png</image>
	<image>WEECKDAY_sat.png</image>
<!--COMMENTED BY ClockSkinMaker
<metadata gui='rra' version='2.0.0.2' type='array_weekday' forecolor='00FFFF' autoscale='1' font='Times New Roman' fontstyle='Regular' fontsize='16.32957'>
<content>Вс</content>
<content>Пн</content>
<content>Вт</content>
<content>Ср</content>
<content>Чт</content>
<content>Пт</content>
<content>Сб</content>
</metadata>
-->
</drawables>