<?xml version="1.0" encoding="utf-8"?>
<drawables>
     <image>animation_9_0.png</image>
     <image>animation_9_1.png</image>
     <image>animation_9_2.png</image>
     <image>animation_9_1.png</image>
     <image>animation_9_0.png</image>
     <image>animation_9_5.png</image>
     <image>animation_9_0.png</image>
     <image>animation_9_1.png</image>
     <image>animation_9_0.png</image>
     <image>animation_9_5.png</image>
     <image>animation_9_0.png</image>
     <image>animation_9_1.png</image>
     <image>animation_9_0.png</image>
     <image>animation_9_5.png</image>
</drawables>
