<clockskin>
    <drawable>
        <name>image1.png</name>
    </drawable>
    <drawable>
        <name>animated_image_1.xml</name>
        <framerate>15.00000000000000</framerate>
        <centerX>-5</centerX>
        <centerY>-180</centerY>
    </drawable>
    <drawable>
        <name>animated_image_2.xml</name>
        <framerate>15.00000000000000</framerate>
        <centerX>90</centerX>
        <centerY>-156</centerY>
    </drawable>
    <drawable>
        <name>animated_image_3.xml</name>
        <framerate>15.00000000000000</framerate>
        <centerX>90</centerX>
        <centerY>156</centerY>
    </drawable>
    <drawable>
        <name>animated_image_4.xml</name>
        <framerate>15.00000000000000</framerate>
        <centerX>-90</centerX>
        <centerY>156</centerY>
    </drawable>
    <drawable>
        <name>animated_image_5.xml</name>
        <framerate>15.00000000000000</framerate>
        <centerX>180</centerX>
        <centerY>0</centerY>
    </drawable>
    <drawable>
        <name>animated_image_6.xml</name>
        <framerate>15.00000000000000</framerate>
        <centerX>-150</centerX>
        <centerY>-91</centerY>
    </drawable>
    <drawable>
        <name>animated_image_7.xml</name>
        <framerate>15.00000000000000</framerate>
        <centerX>155</centerX>
        <centerY>89</centerY>
    </drawable>
    <drawable>
        <name>animated_image_8.xml</name>
        <framerate>15.00000000000000</framerate>
        <centerX>-10</centerX>
        <centerY>151</centerY>
    </drawable>
    <drawable>
        <name>animated_image_9.xml</name>
        <framerate>15.00000000000000</framerate>
        <centerX>-90</centerX>
        <centerY>-156</centerY>
    </drawable>
    <drawable>
        <name>animated_image_10.xml</name>
        <framerate>15.00000000000000</framerate>
        <centerX>156</centerX>
        <centerY>-90</centerY>
    </drawable>
    <drawable>
        <name>animated_image_11.xml</name>
        <framerate>15.00000000000000</framerate>
        <centerX>-156</centerX>
        <centerY>90</centerY>
    </drawable>
    <drawable>
        <name>animated_image_12.xml</name>
        <framerate>15.00000000000000</framerate>
        <centerX>-174</centerX>
        <centerY>-1</centerY>
    </drawable>
    <drawable>
        <name>image2.png</name>
    </drawable>
    <drawable>
        <name>digital1.xml</name>
        <arraytype>4</arraytype>
        <centerX>99</centerX>
        <centerY>-1</centerY>
    </drawable>
    <drawable>
        <rotate>1</rotate>
        <mulrotate>1</mulrotate>
        <centerX>2</centerX>
        <centerY>4</centerY>
        <name>image3.png</name>
    </drawable>
    <drawable>
        <rotate>1</rotate>
        <mulrotate>1</mulrotate>
        <name>image4.png</name>
    </drawable>
    <drawable>
        <rotate>2</rotate>
        <mulrotate>1</mulrotate>
        <centerX>2</centerX>
        <centerY>5</centerY>
        <name>image5.png</name>
    </drawable>
    <drawable>
        <rotate>2</rotate>
        <mulrotate>1</mulrotate>
        <name>image6.png</name>
    </drawable>
    <drawable>
        <rotate>3</rotate>
        <mulrotate>1</mulrotate>
        <movement>3</movement>
        <centerX>3</centerX>
        <centerY>6</centerY>
        <name>image7.png</name>
    </drawable>
    <drawable>
        <rotate>3</rotate>
        <mulrotate>1</mulrotate>
        <movement>3</movement>
        <name>image8.png</name>
    </drawable>
</clockskin>
