<?xml version="1.0" encoding="utf-8"?>
<clockskin>
	<drawable>
		<name>Untitled-1.png</name>
	</drawable>
	<drawable>
		<name>h111.xml</name>
		<arraytype>7</arraytype>
		<centerX>-63</centerX>
		<centerY>-24</centerY>
	</drawable>
	<drawable>
		<name>m11.xml</name>
		<arraytype>8</arraytype>
		<centerX>86</centerX>
		<centerY>-45</centerY>
	</drawable>
	<drawable>
		<name>weekday.xml</name>
		<arraytype>5</arraytype>
		<centerX>62</centerX>
		<centerY>-3</centerY>
	</drawable>
	<drawable>
		<name>day1wss_2.xml</name>
		<arraytype>4</arraytype>
		<centerX>60</centerX>
		<centerY>20</centerY>
	</drawable>
	<drawable>
		<name>month.xml</name>
		<arraytype>3</arraytype>
		<centerX>92</centerX>
		<centerY>20</centerY>
	</drawable>
	<drawable>
		<arraytype>99</arraytype>
		<centerX>-31</centerX>
		<centerY>83</centerY>
	</drawable>
	<drawable>
		<name>power.png</name>
		<centerX>23</centerX>
		<centerY>107</centerY>
	</drawable>
	<drawable>
		<name>day1wss_1_1.xml</name>
		<arraytype>14</arraytype>
		<centerX>-11</centerX>
		<centerY>106</centerY>
	</drawable>
<!--COMMENTED BY ClockSkinMaker
<metadata gui='rra' version='1.4.0.0'/>
-->
</clockskin>