<?xml version="1.0" encoding="utf-8"?>
<clockskin>
	<drawable>
		<name>Base.png</name>
	</drawable>
	<drawable>
		<name>A_DAY.xml</name>
		<arraytype>4</arraytype>
		<centerY>-170</centerY>
	</drawable>
	<drawable>
		<name>A_WD.xml</name>
		<arraytype>5</arraytype>
		<centerX>3</centerX>
		<centerY>-27</centerY>
	</drawable>
	<drawable>
		<name>HM.xml</name>
		<arraytype>6</arraytype>
		<centerY>-32</centerY>
	</drawable>
	<drawable>
		<name>frame.png</name>
	</drawable>
	<drawable>
		<name>SH.png</name>
		<rotate>3</rotate>
	</drawable>
	<drawable>
		<name>A_MONTH.xml</name>
		<arraytype>3</arraytype>
		<centerY>-190</centerY>
	</drawable>
<!--COMMENTED BY ClockSkinMaker
<metadata gui='rra' version='2.0.0.2'/>
-->
</clockskin>