<?xml version="1.0" encoding="utf-8"?>
<drawables>
	<image>h_m_num_0.png</image>
	<image>h_m_num_1.png</image>
	<image>h_m_num_2.png</image>
	<image>h_m_num_3.png</image>
	<image>h_m_num_4.png</image>
	<image>h_m_num_5.png</image>
	<image>h_m_num_6.png</image>
	<image>h_m_num_7.png</image>
	<image>h_m_num_8.png</image>
	<image>h_m_num_9.png</image>
	<image>h_m_num_colon.png</image>
<!--COMMENTED BY ClockSkinMaker
<metadata gui='rra' version='1.4.0.0' type='array_hourminute' forecolor='C0C0C0' autoscale='1' font='Enigmatic Unicode' fontstyle='Bold' fontsize='83,79311'>
<content forecolor='80FF00'>0</content>
<content forecolor='FFFF00'>1</content>
<content forecolor='FF8000'>2</content>
<content forecolor='D75E5E'>3</content>
<content forecolor='FF0080'>4</content>
<content forecolor='FF00FF'>5</content>
<content forecolor='A448FF'>6</content>
<content forecolor='0FB1FF'>7</content>
<content forecolor='00FFFF'>8</content>
<content forecolor='8C8CFF'>9</content>
<content forecolor='D3D3D3'>:</content>
<content></content>
<content></content>
</metadata>
-->
</drawables>