<?xml version="1.0" encoding="utf-8"?>
<clockskin>
	<drawable>
		<name>image1.png</name>
	</drawable>
	<drawable>
		<name>image4h.png</name>
		<rotate>1</rotate>
	</drawable>
	<drawable>
		<name>image5m.png</name>
		<rotate>2</rotate>
	</drawable>
	<drawable>
		<name>image6s.png</name>
		<rotate>3</rotate>
	</drawable>
	<drawable>
		<name>stepssssssss.png</name>
		<centerX>112</centerX>
		<centerY>32</centerY>
	</drawable>
	<drawable>
		<name>digital5.xml</name>
		<arraytype>12</arraytype>
		<centerX>124</centerX>
		<centerY>70</centerY>
	</drawable>
	<drawable>
		<name>image2.png</name>
		<rotate>3</rotate>
		<centerX>-233</centerX>
		<centerY>42</centerY>
		<mulrotate>1</mulrotate>
	</drawable>
	<drawable>
		<name>image3.png</name>
		<rotate>3</rotate>
		<centerX>-65</centerX>
		<centerY>85</centerY>
		<mulrotate>1</mulrotate>
	</drawable>
	<drawable>
		<name>image4.png</name>
		<rotate>3</rotate>
		<centerX>-1</centerX>
		<centerY>-2</centerY>
		<mulrotate>-2</mulrotate>
	</drawable>
	<drawable>
		<name>image5.png</name>
		<rotate>3</rotate>
		<mulrotate>7</mulrotate>
	</drawable>
	<drawable>
		<name>image6.png</name>
	</drawable>
	<drawable>
		<name>image7.png</name>
		<rotate>3</rotate>
		<centerX>-1</centerX>
		<centerY>-4</centerY>
		<direction>2</direction>
		<mulrotate>1</mulrotate>
	</drawable>
	<drawable>
		<name>image8.png</name>
	</drawable>
	<drawable>
		<name>image9.png</name>
		<rotate>3</rotate>
		<centerX>105</centerX>
		<centerY>-104</centerY>
		<direction>2</direction>
		<mulrotate>3</mulrotate>
	</drawable>
	<drawable>
		<name>digital1.xml</name>
		<arraytype>9</arraytype>
		<centerX>-48</centerX>
		<centerY>-153</centerY>
	</drawable>
	<drawable>
		<name>digital2.xml</name>
		<arraytype>6</arraytype>
		<centerX>19</centerX>
		<centerY>128</centerY>
	</drawable>
	<drawable>
		<name>digital3.xml</name>
		<arraytype>9</arraytype>
		<centerX>-12</centerX>
		<centerY>-124</centerY>
	</drawable>
	<drawable>
		<name>digital4.xml</name>
		<arraytype>9</arraytype>
		<centerX>1</centerX>
		<centerY>-139</centerY>
	</drawable>
	<drawable>
		<name>digital5_1.xml</name>
		<arraytype>4</arraytype>
		<centerX>-65</centerX>
		<centerY>86</centerY>
	</drawable>
	<drawable>
		<name>digital6.xml</name>
		<arraytype>6</arraytype>
		<centerX>190</centerX>
		<centerY>-4</centerY>
	</drawable>
	<drawable>
		<name>digital7.xml</name>
		<arraytype>3</arraytype>
		<centerX>-86</centerX>
		<centerY>119</centerY>
	</drawable>
	<drawable>
		<name>image10.png</name>
	</drawable>
	<drawable>
		<name>digital8.xml</name>
		<arraytype>14</arraytype>
		<centerX>96</centerX>
		<centerY>101</centerY>
	</drawable>
	<drawable>
		<name>image11.png</name>
	</drawable>
	<drawable>
		<name>clock_skin_modeggl.png</name>
	</drawable>
	<drawable>
		<color>1</color>
		<arraytype>99</arraytype>
		<centerX>-27</centerX>
		<centerY>163</centerY>
	</drawable>
<!--COMMENTED BY ClockSkinMaker
<metadata gui='rra' version='1.4.0.0'/>
-->
</clockskin>