<?xml version="1.0" encoding="utf-8"?>
<clockskin>
	<drawable>
		<name>di.png</name>
	</drawable>
	<drawable>
		<name>miao.png</name>
		<rotate>3</rotate>
		<centerX>6</centerX>
		<centerY>125</centerY>
	</drawable>
	<drawable>
		<name>ss.xml</name>
		<arraytype>6</arraytype>
		<centerY>-10</centerY>
	</drawable>
	<drawable>
		<name>step_1.xml</name>
		<arraytype>12</arraytype>
		<centerX>-126</centerX>
		<centerY>38</centerY>
	</drawable>
	<drawable>
		<name>step_2.xml</name>
		<arraytype>13</arraytype>
		<centerX>132</centerX>
		<centerY>40</centerY>
	</drawable>
	<drawable>
		<name>step.xml</name>
		<arraytype>4</arraytype>
		<centerX>122</centerX>
		<centerY>-70</centerY>
	</drawable>
	<drawable>
		<name>week.xml</name>
		<arraytype>5</arraytype>
		<centerX>-114</centerX>
		<centerY>-70</centerY>
	</drawable>
<!--COMMENTED BY ClockSkinMaker
<metadata gui='rra' version='1.6.0.0'/>
-->
</clockskin>