<?xml version="1.0" encoding="utf-8"?>
<clockskin>
	<drawable>
		<name>240a.png</name>
	</drawable>
	<drawable>
		<name>720_2.png</name>
		<rotate>3</rotate>
		<centerY>-355</centerY>
	</drawable>
	<drawable>
		<name>720_1.png</name>
		<rotate>3</rotate>
		<centerY>355</centerY>
	</drawable>
	<drawable>
		<name>400b.png</name>
	</drawable>
	<drawable>
		<name>400a.png</name>
	</drawable>
	<drawable>
		<name>h_1.xml</name>
		<arraytype>7</arraytype>
		<centerY>-60</centerY>
	</drawable>
	<drawable>
		<name>h.xml</name>
		<arraytype>8</arraytype>
		<centerY>74</centerY>
	</drawable>
	<drawable>
		<name>week.xml</name>
		<arraytype>5</arraytype>
		<centerX>147</centerX>
	</drawable>
	<drawable>
		<name>d.xml</name>
		<arraytype>4</arraytype>
		<centerX>-149</centerX>
	</drawable>
	<drawable>
		<name>st.xml</name>
		<arraytype>12</arraytype>
		<centerY>153</centerY>
	</drawable>
	<drawable>
		<name>bt.xml</name>
		<arraytype>14</arraytype>
		<centerY>-153</centerY>
	</drawable>
<!--COMMENTED BY ClockSkinMaker
<metadata gui='rra' version='1.4.0.0'/>
-->
</clockskin>