<?xml version="1.0" encoding="utf-8"?>
<clockskin>
	<drawable>
		<name>Base.png</name>
		<centerX>1</centerX>
	</drawable>
	<drawable>
		<name>wd month batt day bases.png</name>
	</drawable>
	<drawable>
		<name>wd month batt day hatch.png</name>
	</drawable>
	<drawable>
		<name>Month rotate.png</name>
		<rotate>4</rotate>
		<centerX>89</centerX>
		<centerY>-51</centerY>
	</drawable>
	<drawable>
		<name>WD rotate.png</name>
		<rotate>5</rotate>
		<centerX>-89</centerX>
		<centerY>-51</centerY>
	</drawable>
	<drawable>
		<name>Batt rotate.png</name>
		<rotate>6</rotate>
		<centerY>102</centerY>
	</drawable>
	<drawable>
		<name>center_1.png</name>
		<centerX>1</centerX>
		<centerY>103</centerY>
	</drawable>
	<drawable>
		<name>center_2.png</name>
		<centerX>-89</centerX>
		<centerY>-51</centerY>
	</drawable>
	<drawable>
		<name>center_3.png</name>
		<centerX>89</centerX>
		<centerY>-51</centerY>
	</drawable>
	<drawable>
		<name>Array day.xml</name>
		<arraytype>4</arraytype>
		<centerY>145</centerY>
	</drawable>
	<drawable>
		<name>HH.png</name>
		<rotate>1</rotate>
	</drawable>
	<drawable>
		<name>MH.png</name>
		<rotate>2</rotate>
	</drawable>
	<drawable>
		<name>SH.png</name>
		<rotate>3</rotate>
	</drawable>
	<drawable>
		<name>center.png</name>
		<rotate>3</rotate>
	</drawable>
<!--COMMENTED BY ClockSkinMaker
<metadata gui='rra' version='2.0.0.2'/>
-->
</clockskin>