<?xml version="1.0" encoding="utf-8"?>
<clockskin>
	<drawable>
		<name>Batt indic red back.png</name>
		<centerY>11</centerY>
	</drawable>
	<drawable>
		<name>Batt rotate.png</name>
		<rotate>6</rotate>
		<centerX>-2</centerX>
		<centerY>18</centerY>
		<direction>2</direction>
		<mulrotate>-2</mulrotate>
	</drawable>
	<drawable>
		<name>Back.png</name>
	</drawable>
	<drawable>
		<name>Sec ring.png</name>
	</drawable>
	<drawable>
		<name>A_Sec.xml</name>
		<arraytype>9</arraytype>
		<centerX>-200</centerX>
	</drawable>
	<drawable>
		<name>B_Sec.xml</name>
		<arraytype>9</arraytype>
		<centerX>200</centerX>
	</drawable>
	<drawable>
		<name>A_HM.xml</name>
		<arraytype>6</arraytype>
		<centerY>52</centerY>
	</drawable>
	<drawable>
		<name>A_month.xml</name>
		<arraytype>3</arraytype>
	</drawable>
	<drawable>
		<name>A_weekday.xml</name>
		<arraytype>5</arraytype>
	</drawable>
	<drawable>
		<name>A_day.xml</name>
		<arraytype>4</arraytype>
		<centerY>-137</centerY>
	</drawable>
	<drawable>
		<name>Frames_2.png</name>
		<centerY>1</centerY>
	</drawable>
<!--COMMENTED BY ClockSkinMaker
<metadata gui='rra' version='2.0.0.2'/>
-->
</clockskin>