<?xml version="1.0" encoding="utf-8"?>
<clockskin>
	<drawable>
		<name>mm_1.png</name>
	</drawable>
	<drawable>
		<arraytype>15</arraytype>
		<colorarray>00FFFF,4D4D4D</colorarray>
	</drawable>
	<drawable>
		<name>mm.png</name>
	</drawable>
	<drawable>
		<name>mm3.png</name>
	</drawable>
	<drawable>
		<name>h3_1_2.xml</name>
		<arraytype>8</arraytype>
		<centerX>116</centerX>
	</drawable>
	<drawable>
		<name>h3.xml</name>
		<arraytype>7</arraytype>
	</drawable>
	<drawable>
		<name>h3_1_1_2.xml</name>
		<arraytype>12</arraytype>
		<centerX>-35</centerX>
		<centerY>128</centerY>
	</drawable>
	
	<drawable>
		<name>h3_1_1_1_1.xml</name>
		<arraytype>1</arraytype>
		<centerX>63</centerX>
		<centerY>60</centerY>
	</drawable>
	<drawable>
		<name>h3_1_1_1_1_1.xml</name>
		<arraytype>11</arraytype>
		<centerX>62</centerX>
		<centerY>-99</centerY>
	</drawable>
	<drawable>
		<name>h3_1_1_1_1_1_1_1_1.xml</name>
		<arraytype>13</arraytype>
		<centerX>-109</centerX>
		<centerY>68</centerY>
	</drawable>
	
	<drawable>
		<name>h3_1_1_1_1_1_1_1.xml</name>
		<arraytype>14</arraytype>
		<centerX>60</centerX>
		<centerY>138</centerY>
	</drawable>
	<drawable>
		<name>h3_1.xml</name>
		<arraytype>6</arraytype>
		<centerX>56</centerX>
		<centerY>-13</centerY>
	</drawable>
	<drawable>
		<arraytype>99</arraytype>
		<centerX>-25</centerX>
		<centerY>168</centerY>
	</drawable>
       <drawable>
		<name>bat.xml</name>
		<arraytype>61</arraytype>
		<centerX>0</centerX>
		<centerY>0</centerY>
	</drawable>
        <drawable>
		<name>h3_1_1_1_1_1_1.xml</name>
		<arraytype>54</arraytype>
		<centerX>-35</centerX>
		<centerY>-101</centerY>
	</drawable>
         <drawable>
		<name>h3_1_1_1.xml</name>
		<arraytype>60</arraytype>
		<centerX>-104</centerX>
		<centerY>-39</centerY>
	</drawable>
<drawable>
		<name>weather_array.xml</name>
		<arraytype>10</arraytype>
		<centerX>60</centerX>
		<centerY>-133</centerY>
	</drawable>

</clockskin>