<?xml version="1.0" encoding="utf-8"?>
<drawables>
	<image>h3_1_num_0_1.png</image>
	<image>h3_1_num_1_1.png</image>
	<image>h3_1_num_2_1.png</image>
	<image>h3_1_num_3_1.png</image>
	<image>h3_1_num_4_1.png</image>
	<image>h3_1_num_5_1.png</image>
	<image>h3_1_num_6_1.png</image>
	<image>h3_1_num_7_1.png</image>
	<image>h3_1_num_8_1.png</image>
	<image>h3_1_num_9_1.png</image>
	<image>h3_1_num_colon_1.png</image>
<!--COMMENTED BY ClockSkinMaker
<metadata gui='rra' version='1.4.0.0' type='array_hourminute' forecolor='00FFFF' autoscale='1' font='Bebas Neue Bold' fontstyle='Bold' fontsize='96.77422'>
<content></content>
<content></content>
<content></content>
<content></content>
<content></content>
<content></content>
<content></content>
<content></content>
<content></content>
<content></content>
<content>:</content>
<content></content>
<content></content>
</metadata>
-->
</drawables>