<?xml version="1.0" encoding="utf-8"?>
<drawables>
	<image>Month_jan.png</image>
	<image>Month_feb.png</image>
	<image>Month_mar.png</image>
	<image>Month_apr.png</image>
	<image>Month_may.png</image>
	<image>Month_jun.png</image>
	<image>Month_jul.png</image>
	<image>Month_aug.png</image>
	<image>Month_sep.png</image>
	<image>Month_oct.png</image>
	<image>Month_nov.png</image>
	<image>Month_dec.png</image>
<!--COMMENTED BY ClockSkinMaker
<metadata gui='rra' version='2.0.0.2' type='array_month' forecolor='CECECE' autoscale='1' font='Times New Roman' fontstyle='Regular' fontsize='13.34746'>
<content>янв</content>
<content>фев</content>
<content>мар</content>
<content>апр</content>
<content>май</content>
<content>июн</content>
<content>июл</content>
<content>авг</content>
<content>сен</content>
<content>окт</content>
<content>ноя</content>
<content>дек</content>
</metadata>
-->
</drawables>