<clockskin>
    <drawable>
        <name>image1.png</name>
    </drawable>
    <drawable>
        <name>digital1.xml</name>
        <arraytype>12</arraytype>
        <centerX>97</centerX>
        <centerY>89</centerY>
    </drawable>
    <drawable>
        <name>digital2.xml</name>
        <arraytype>12</arraytype>
        <centerX>-303</centerX>
        <centerY>71</centerY>
    </drawable>
    <drawable>
        <name>digital3.xml</name>
        <arraytype>12</arraytype>
        <centerX>97</centerX>
        <centerY>71</centerY>
    </drawable>
    <drawable>
        <name>digital4.xml</name>
        <arraytype>12</arraytype>
        <centerX>497</centerX>
        <centerY>71</centerY>
    </drawable>
    <drawable>
        <name>digital5.xml</name>
        <arraytype>9</arraytype>
        <centerX>-212</centerX>
        <centerY>71</centerY>
    </drawable>
    <drawable>
        <name>digital6.xml</name>
        <arraytype>9</arraytype>
        <centerX>188</centerX>
        <centerY>71</centerY>
    </drawable>
    <drawable>
        <name>digital7.xml</name>
        <arraytype>6</arraytype>
        <centerX>-5</centerX>
        <centerY>-44</centerY>
    </drawable>
    <drawable>
        <name>image2.png</name>
    </drawable>
    <drawable>
        <name>digital8.xml</name>
        <arraytype>16</arraytype>
        <centerX>145</centerX>
        <centerY>-67</centerY>
    </drawable>
    <drawable>
        <name>digital9.xml</name>
        <arraytype>10</arraytype>
        <centerX>-11</centerX>
        <centerY>51</centerY>
    </drawable>
    <drawable>
        <name>digital10.xml</name>
        <arraytype>11</arraytype>
        <centerX>-18</centerX>
        <centerY>88</centerY>
    </drawable>
    <drawable>
        <name>digital11.xml</name>
        <arraytype>2</arraytype>
        <centerX>145</centerX>
        <centerY>-29</centerY>
    </drawable>
    <drawable>
        <name>image3.png</name>
    </drawable>
    <drawable>
        <name>digital12.xml</name>
        <arraytype>13</arraytype>
        <centerX>65</centerX>
        <centerY>157</centerY>
    </drawable>
    <drawable>
        <name>digital13.xml</name>
        <arraytype>14</arraytype>
        <centerX>55</centerX>
        <centerY>-147</centerY>
    </drawable>
    <drawable>
        <name>digital14.xml</name>
        <arraytype>14</arraytype>
    </drawable>
</clockskin>
