<?xml version="1.0" encoding="utf-8"?>
<drawables>
	<image>wd_sun.png</image>
	<image>wd_mon.png</image>
	<image>wd_tue.png</image>
	<image>wd_wed.png</image>
	<image>wd_thu.png</image>
	<image>wd_fri.png</image>
	<image>wd_sat.png</image>
<!--COMMENTED BY ClockSkinMaker
<metadata gui='rra' version='2.0.0.2' type='array_weekday' forecolor='FF8000' autoscale='1' font='Times New Roman' fontstyle='Regular' fontsize='16,32957'>
<content>Вс</content>
<content>Пн</content>
<content>Вт</content>
<content>Ср</content>
<content>Чт</content>
<content>Пт</content>
<content>Сб</content>
</metadata>
-->
</drawables>