<?xml version="1.0" encoding="utf-8"?>
<clockskin>
	<drawable>
		<name>BACK.png</name>
	</drawable>
	<drawable>
		<name>60 TICKS.png</name>
	</drawable>
	<drawable>
		<name>12 TICKS.png</name>
	</drawable>
	<drawable>
		<name>BATT WD DAY MONTH BASES.png</name>
	</drawable>
	<drawable>
		<name>FIGURES.png</name>
	</drawable>
	<drawable>
		<name>BATT AND WD DATA.png</name>
	</drawable>
	<drawable>
		<name>BATT ROTATE.png</name>
		<rotate>6</rotate>
		<centerX>-147</centerX>
		<direction>2</direction>
		<mulrotate>-2</mulrotate>
	</drawable>
	<drawable>
		<name>DAY.xml</name>
		<arraytype>4</arraytype>
		<centerY>97</centerY>
	</drawable>
	<drawable>
		<name>WD.xml</name>
		<arraytype>5</arraytype>
	</drawable>
	<drawable>
		<name>center FOR SMAL HANDS_1.png</name>
	</drawable>
	<drawable>
		<name>center FOR SMAL HANDS.png</name>
		<centerX>-294</centerX>
	</drawable>
	<drawable>
		<name>MONTH.xml</name>
		<arraytype>3</arraytype>
	</drawable>
	<drawable>
		<name>HH_green.png</name>
		<rotate>1</rotate>
	</drawable>
	<drawable>
		<name>MH_green.png</name>
		<rotate>2</rotate>
	</drawable>
	<drawable>
		<name>SH.png</name>
		<rotate>3</rotate>
	</drawable>
	<drawable>
		<name>center.png</name>
		<rotate>3</rotate>
	</drawable>
<!--COMMENTED BY ClockSkinMaker
<metadata gui='rra' version='2.0.0.2'/>
-->
</clockskin>