<?xml version="1.0" encoding="utf-8"?>
<clockskin> 	
	<drawable>
		<name>background.png</name>
		<centerY>96</centerY>
	</drawable>

	<drawable>
  	  	<name>10Second_Array.xml</name>
		<centerX>55</centerX>
		<centerY>95</centerY>
 	   	<arraytype>9</arraytype>
  	</drawable>
	<drawable>
  	  	<name>Second_Array.xml</name>
		<centerX>-55</centerX>
		<centerY>95</centerY>
 	   	<arraytype>9</arraytype>
  	</drawable>
	<drawable>
		<name>Clockskin_panel2.png</name>
	</drawable>
	<drawable>
		<name>Month_Array.xml</name>
		<centerX>97</centerX>
		<centerY>-4</centerY>
		<arraytype>3</arraytype>
	</drawable>
	<drawable>
		<name>NumDateArray.xml</name>
		<centerX>97</centerX>
		<centerY>-4</centerY>
		<arraytype>4</arraytype>
	</drawable>
	<drawable>
		<name>LED_OFF.png</name>
		<centerX>-109</centerX>
		<centerY>16</centerY>
 	</drawable>
	<drawable>
		<name>LED_ON.png</name>
		<centerX>-81</centerX>
		<centerY>16</centerY>
 	</drawable>
	<drawable>
		<name>LED_ON.xml</name>
		<centerX>-109</centerX>
		<centerY>16</centerY>
		<arraytype>6</arraytype>
 	</drawable>
	<drawable>
		<name>LED_OFF.xml</name>
		<centerX>-81</centerX>
		<centerY>16</centerY>
		<arraytype>6</arraytype>
 	</drawable>
	<drawable>
		<name>BatteryHand.png</name>
		<centerX>-95</centerX>
		<centerY>-01</centerY>
		<rotate>6</rotate>
 	</drawable>
	<drawable>
		<name>HourShadow.png</name>
		<centerX>2</centerX>
		<centerY>2</centerY>
		<rotate>8</rotate>
 	</drawable>
	<drawable>
		<name>Hour.png</name>
		<rotate>1</rotate>
 	</drawable>
 	<drawable>
		<name>MinuteShadow.png</name>
		<centerX>2</centerX>
		<centerY>2</centerY>
		<rotate>9</rotate>
 	</drawable>
 	<drawable>
		<name>Minute.png</name>
		<rotate>2</rotate>
 	</drawable>
	<drawable>
		<name>SecondsShadow.png</name>
		<centerX>2</centerX>
		<centerY>2</centerY>
		<rotate>10</rotate>
	</drawable>
	<drawable>
		<name>Seconds.png</name>
		<rotate>3</rotate>
	</drawable>
</clockskin>
