<?xml version="1.0" encoding="utf-8"?>
<drawables>
	<image>clock_skin_1_num_0_4.png</image>
	<image>clock_skin_1_num_1_3.png</image>
	<image>clock_skin_1_num_2_3.png</image>
	<image>clock_skin_1_num_3_3.png</image>
	<image>clock_skin_1_num_4_3.png</image>
	<image>clock_skin_1_num_5_3.png</image>
	<image>clock_skin_1_num_6_3.png</image>
	<image>clock_skin_1_num_7_3.png</image>
	<image>clock_skin_1_num_8_3.png</image>
	<image>clock_skin_1_num_9_3.png</image>
	<image>clock_skin_none.png</image>
</drawables>