<?xml version="1.0" encoding="utf-8"?>
<clockskin>
	<drawable>
		<name>base_black.png</name>
	</drawable>
	<drawable>
		<name>sh.png</name>
		<rotate>3</rotate>
	</drawable>
	<drawable>
		<name>base.png</name>
		<centerY>13</centerY>
	</drawable>
	<drawable>
		<name>hm.xml</name>
		<arraytype>6</arraytype>
		<centerY>-92</centerY>
	</drawable>
	<drawable>
		<name>ring.png</name>
	</drawable>
<!--COMMENTED BY ClockSkinMaker
<metadata gui='rra' version='2.0.0.2'/>
-->
</clockskin>