<?xml version="1.0" encoding="utf-8"?>
<clockskin>
	<drawable>
		<name>sc.png</name>
	</drawable>
	<drawable>
		<name>1.png</name>
		<rotate>3</rotate>
		<centerY>-140</centerY>
	</drawable>
	<drawable>
		<name>5.png</name>
		<rotate>3</rotate>
		<centerX>-20</centerX>
		<centerY>45</centerY>
	</drawable>
	<drawable>
		<name>22_1.png</name>
		<rotate>3</rotate>
		<centerX>50</centerX>
		<centerY>-45</centerY>
		<direction>2</direction>
		<mulrotate>3</mulrotate>
	</drawable>
	<drawable>
		<name>fdgdf_1.png</name>
		<rotate>3</rotate>
		<centerX>95</centerX>
		<centerY>-120</centerY>
		<direction>2</direction>
		<mulrotate>4</mulrotate>
	</drawable>
	<drawable>
		<name>3.png</name>
		<rotate>3</rotate>
		<centerX>75</centerX>
		<centerY>30</centerY>
		<mulrotate>7</mulrotate>
	</drawable>
	<drawable>
		<name>2.png</name>
		<rotate>3</rotate>
		<centerX>-130</centerX>
		<centerY>20</centerY>
		<direction>2</direction>
	</drawable>
	<drawable>
		<name>33.png</name>
		<rotate>3</rotate>
		<centerX>-10</centerX>
		<centerY>155</centerY>
		<direction>2</direction>
		<mulrotate>4</mulrotate>
	</drawable>
	<drawable>
		<name>6.png</name>
		<rotate>3</rotate>
		<centerX>-20</centerX>
		<centerY>-40</centerY>
		<mulrotate>6</mulrotate>
	</drawable>
	<drawable>
		<name>gsdfg_1.png</name>
		<rotate>3</rotate>
		<centerX>-100</centerX>
		<centerY>-80</centerY>
		<mulrotate>4</mulrotate>
	</drawable>
	<drawable>
		<name>gsdfg.png</name>
		<rotate>3</rotate>
		<centerX>90</centerX>
		<centerY>110</centerY>
		<direction>2</direction>
		<mulrotate>3</mulrotate>
	</drawable>
	<drawable>
		<name>22.png</name>
		<rotate>3</rotate>
		<centerX>150</centerX>
	</drawable>
	<drawable>
		<name>fdgdf.png</name>
		<rotate>3</rotate>
		<centerX>-94</centerX>
		<centerY>120</centerY>
		<direction>2</direction>
		<mulrotate>6</mulrotate>
	</drawable>
	<drawable>
		<name>gsg.png</name>
	</drawable>
	<drawable>
		<name>diiiii_1.png</name>
		<rotate>3</rotate>
		<centerX>-100</centerX>
		<direction>2</direction>
		<mulrotate>4</mulrotate>
	</drawable>
	<drawable>
		<name>week.xml</name>
		<arraytype>5</arraytype>
		<centerX>-94</centerX>
		<centerY>6</centerY>
	</drawable>
	<drawable>
		<name>diiiii.png</name>
		<rotate>3</rotate>
		<centerX>104</centerX>
		<centerY>-2</centerY>
		<direction>2</direction>
		<mulrotate>3</mulrotate>
	</drawable>
	<drawable>
		<name>day.xml</name>
		<arraytype>4</arraytype>
		<centerX>104</centerX>
	</drawable>
	<drawable>
		<name>hh.png</name>
		<rotate>1</rotate>
	</drawable>
	<drawable>
		<name>mm.png</name>
		<rotate>2</rotate>
	</drawable>
	<drawable>
		<name>ss.png</name>
		<rotate>3</rotate>
		<direction>1</direction>
	</drawable>
<!--COMMENTED BY ClockSkinMaker
<metadata gui='rra' version='1.6.0.0'/>
-->
</clockskin>