<?xml version="1.0" encoding="utf-8"?>
<clockskin>
	<drawable>
		<name>img16489.png</name>
	</drawable>
	<drawable>
		<name>123.xml</name>
		<arraytype>4</arraytype>
		<centerY>105</centerY>
	</drawable>
	<drawable>
		<name>h.png</name>
		<rotate>1</rotate>
	</drawable>
	<drawable>
		<name>m.png</name>
		<rotate>2</rotate>
	</drawable>
	<drawable>
		<name>s.png</name>
		<rotate>3</rotate>
	</drawable>
<!--COMMENTED BY ClockSkinMaker
<metadata gui='rra' version='1.6.0.0'/>
-->
</clockskin>