<?xml version="1.0" encoding="utf-8"?>
<clockskin>
	<drawable>
		<name>dgfzdfg.png</name>
	</drawable>
	<drawable>
		<name>h.xml</name>
		<arraytype>8</arraytype>
		<centerX>80</centerX>
		<centerY>-33</centerY>
	</drawable>
	<drawable>
		<name>w.xml</name>
		<arraytype>5</arraytype>
		<centerX>84</centerX>
		<centerY>38</centerY>
	</drawable>
	<drawable>
		<name>m.xml</name>
		<arraytype>7</arraytype>
		<centerX>-72</centerX>
		<centerY>-8</centerY>
	</drawable>
	<drawable>
		<name>dff.png</name>
		<rotate>3</rotate>
	</drawable>
<!--COMMENTED BY ClockSkinMaker
<metadata gui='rra' version='1.6.0.0'/>
-->
</clockskin>