<?xml version="1.0" encoding="utf-8"?>
<clockskin>
	<drawable>
		<name>sdgsdfgs.png</name>
	</drawable>
	<drawable>
		<name>cdsgfdsg.png</name>
		<rotate>3</rotate>
		<mulrotate>5</mulrotate>
	</drawable>
	<drawable>
		<name>csdgfdg.png</name>
	</drawable>
	<drawable>
		<name>sdfgsgsdf.png</name>
		<rotate>3</rotate>
		<direction>1</direction>
		<mulrotate>-3</mulrotate>
	</drawable>
	<drawable>
		<name>day_num_5.xml</name>
		<arraytype>5</arraytype>
		<centerY>-118</centerY>
	</drawable>
	<drawable>
		<name>day.xml</name>
		<arraytype>4</arraytype>
		<centerY>126</centerY>
	</drawable>
	<drawable>
		<name>h.png</name>
		<rotate>1</rotate>
	</drawable>
	<drawable>
		<name>2.png</name>
		<rotate>2</rotate>
	</drawable>
	<drawable>
		<name>s.png</name>
		<rotate>3</rotate>
	</drawable>
	<drawable>
		<name>dfgdf_1.png</name>
	</drawable>
<!--COMMENTED BY ClockSkinMaker
<metadata gui='rra' version='1.6.0.0'/>
-->
</clockskin>