<?xml version="1.0" encoding="utf-8"?>
<clockskin>
	<drawable>
		<name>NNN.png</name>
	</drawable>
	<drawable>
		<name>BACKGROUND.png</name>
		<rotate>3</rotate>
		<direction>1</direction>
		<mulrotate>13</mulrotate>
	</drawable>
	<drawable>
		<name>COLOR.png</name>
		<rotate>3</rotate>
	</drawable>
	<drawable>
		<name>WEEK.xml</name>
		<arraytype>5</arraytype>
		<centerY>161</centerY>
	</drawable>
	<drawable>
		<name>MONTH.xml</name>
		<arraytype>3</arraytype>
		<centerX>31</centerX>
		<centerY>114</centerY>
	</drawable>
	<drawable>
		<name>year.xml</name>
		<arraytype>16</arraytype>
		<centerX>31</centerX>
		<centerY>134</centerY>
	</drawable>
	<drawable>
		<name>DAY111_2.xml</name>
		<arraytype>4</arraytype>
		<centerX>-29</centerX>
		<centerY>124</centerY>
	</drawable>
	<drawable>
		<name>DAY111_1_1.xml</name>
		<arraytype>7</arraytype>
		<centerY>-44</centerY>
	</drawable>
	<drawable>
		<name>DAY111_1.xml</name>
		<arraytype>8</arraytype>
		<centerY>19</centerY>
	</drawable>
	<drawable>
		<name>b.xml</name>
		<arraytype>14</arraytype>
		<centerX>36</centerX>
		<centerY>-125</centerY>
	</drawable>
	<drawable>
		<name>sec.xml</name>
		<arraytype>9</arraytype>
		<centerX>22</centerX>
		<centerY>71</centerY>
	</drawable>
	<drawable>
		<name>AM&amp;PM.xml</name>
		<arraytype>6</arraytype>
		<centerX>-26</centerX>
		<centerY>72</centerY>
	</drawable>
	<drawable>
		<name>UP.png</name>
	</drawable>
	<drawable>
		<name>steps.xml</name>
		<arraytype>18</arraytype>
		<centerX>-124</centerX>
		<centerY>-45</centerY>
	</drawable>
	<drawable>
		<name>heart.xml</name>
		<arraytype>13</arraytype>
		<centerX>-127</centerX>
		<centerY>68</centerY>
	</drawable>
	<drawable>
		<name>kal.xml</name>
		<arraytype>54</arraytype>
		<centerX>128</centerX>
		<centerY>-46</centerY>
	</drawable>
	<drawable>
		<name>steps_1.xml</name>
		<arraytype>60</arraytype>
		<centerX>124</centerX>
		<centerY>72</centerY>
	</drawable>
	<drawable>
		<name>clock_skin_second.png</name>
		<rotate>3</rotate>
	</drawable>
	<drawable>
		<color>1</color>
		<arraytype>99</arraytype>
		<centerX>-25</centerX>
		<centerY>92</centerY>
	</drawable>
	<drawable>
		<name>moon_phase.xml</name>
		<arraytype>19</arraytype>
		<centerX>102</centerX>
		<centerY>113</centerY>
	</drawable>
	<drawable>
        <arraytype>58</arraytype>
        <width>18</width>
        <radius>52</radius> 
        <colorarray>#000000,#000000</colorarray>
        <startAngle>200</startAngle>
        <angle>140</angle>
        <centerX>5</centerX>
        <centerY>-120</centerY>
    </drawable>
	<drawable>
        <!--ALARM-->
        <arraytype>100</arraytype>
        <centerX>0</centerX>
        <centerY>-16</centerY>
        <range>50</range>
        <cls>com.android.deskclock.DeskClock</cls>
        <pkg>com.android.deskclock</pkg>
    </drawable>

    <drawable>
        <!--PHONE-->
        <arraytype>100</arraytype>
        <centerX>44</centerX>
        <centerY>-103</centerY>
        <range>30</range>
        <cls>com.android.dialer.DialtactsWearActivity</cls>
        <pkg>com.android.dialer</pkg>
    </drawable> 
	
    <drawable>
        <!--GOOGLE ASSISTANT-->
        <arraytype>100</arraytype>
        <centerX>-102</centerX>
        <centerY>128</centerY>
        <range>55</range>
        <cls>com.google.android.apps.googleassistant.AssistantActivity</cls>
        <pkg>com.google.android.apps.googleassistant</pkg>
    </drawable>

   

    <drawable>
    <!--FITNESS-->
        <arraytype>100</arraytype>
        <centerX>126</centerX>
        <centerY>-57</centerY>
        <range>50</range>
        <cls>com.sprots.wiiteer.fitness.module.main.ui.MainActivity</cls>
        <pkg>com.sprots.wiiteer.fitness</pkg>
    </drawable>

    <drawable>
    <!--heart_rate-->
       <arraytype>100</arraytype>
       <centerX>-128</centerX>
       <centerY>48</centerY>
       <range>60</range>
       <cls>com.cenon.heartrate.HeartRateMonitorActivity</cls>
       <pkg>com.cenon.heartrate</pkg>
    </drawable>



<!--1 Music at Notes-->
    <drawable>
	<arraytype>100</arraytype>
	<centerX>-90</centerX>
	<centerY>-148</centerY>
	<range>40</range>
	<cls>com.android.music.MusicBrowserActivity</cls>
	<pkg>com.android.music</pkg>
    </drawable>


<!--3 Calendar at Date-->
    <drawable>
	<arraytype>100</arraytype>
	<centerX>0</centerX>
	<centerY>135</centerY>
	<range>50</range>
	<cls>com.android.calendar.AllInOneActivity</cls>
	<pkg>com.google.android.calendar</pkg>
    </drawable>





<!--10 Power at Power-->
    <drawable>
	<arraytype>100</arraytype>
	<centerX>0</centerX>
	<centerY>-148</centerY>
	<range>30</range>
	<cls>com.android.settings.Settings$PowerUsageSummaryActivity</cls>
	<pkg>com.android.settings</pkg>
    </drawable>





<!--14 Sports-->
    <drawable>
	<arraytype>100</arraytype>
	<centerX>-123</centerX>
	<centerY>-57</centerY>
	<range>50</range>
	<cls>it.nimarsolutions.rungpstracker.SplashActivity</cls>
        <pkg>it.nimarsolutions.rungpstracker</pkg>
    </drawable>

<!--15 Camera-->
    <drawable>
	<arraytype>100</arraytype>
	<centerX>96</centerX>
	<centerY>-146</centerY>
	<range>30</range>
	<cls>com.android.camera.CameraLauncher</cls>
	<pkg>com.mediatek.camera</pkg>
    </drawable>

<!--16 Brightness -->
    <drawable>
	<arraytype>100</arraytype>
	<centerX>104</centerX>
	<centerY>108</centerY>
	<range>30</range>
	<cls>com.android.systemui.settings.BrightnessDialog</cls>
	<pkg>com.android.systemui</pkg>
    </drawable>

<!--17 Maps-->
    <drawable>
	<arraytype>100</arraytype>
	<centerX>122</centerX>
	<centerY>45</centerY>
	<range>30</range>
	<cls>com.google.android.maps.MapsActivity</cls>
        <pkg>com.google.android.apps.maps</pkg>
    </drawable>
<!--mic-->
    <drawable>
	<arraytype>100</arraytype>
	<centerX>0</centerX>
	<centerY>-120</centerY>
	<range>40</range>
	<cls>com.android.soundrecorder.SoundRecorder</cls>
	<pkg>com.android.soundrecorder</pkg>
    </drawable>

 
 <!-- Contacts -->
    <drawable>
        <arraytype>100</arraytype>
        <centerX>-43</centerX>
        <centerY>-99</centerY>
    <cls>com.android.contacts.activities.PeopleActivity</cls>
    <pkg>com.android.contacts</pkg>
    </drawable>
<!--COMMENTED BY ClockSkinMaker
<metadata gui='rra' version='1.4.0.0'/>
-->
</clockskin>