<?xml version="1.0" encoding="utf-8"?>
<clockskin>
	<drawable>
		<name>400a.png</name>
	</drawable>
	<drawable>
		<name>a.xml</name>
		<arraytype>9</arraytype>
		<centerX>-200</centerX>
	</drawable>
	<drawable>
		<name>hm.xml</name>
		<arraytype>6</arraytype>
	</drawable>
	<drawable>
		<name>st.xml</name>
		<arraytype>12</arraytype>
		<centerY>92</centerY>
	</drawable>
	<drawable>
		<name>bt.xml</name>
		<arraytype>14</arraytype>
		<centerY>164</centerY>
	</drawable>
	<drawable>
		<name>week.xml</name>
		<arraytype>5</arraytype>
		<centerX>79</centerX>
		<centerY>-91</centerY>
	</drawable>
	<drawable>
		<name>d.xml</name>
		<arraytype>4</arraytype>
		<centerX>-73</centerX>
		<centerY>-83</centerY>
	</drawable>
	<drawable>
		<name>t.xml</name>
		<arraytype>11</arraytype>
		<centerX>-8</centerX>
		<centerY>-151</centerY>
	</drawable>
<!--COMMENTED BY ClockSkinMaker
<metadata gui='rra' version='1.4.0.0'/>
-->
</clockskin>