<?xml version="1.0" encoding="utf-8"?>
<drawables>
	<image>week_sun.png</image>
	<image>week_mon.png</image>
	<image>week_tue.png</image>
	<image>week_wed.png</image>
	<image>week_thu.png</image>
	<image>week_fri.png</image>
	<image>week_sat.png</image>
<!--COMMENTED BY ClockSkinMaker
<metadata gui='rra' version='1.4.0.0' type='array_weekday' forecolor='FFFFFF' autoscale='0' font='d_CCMatinee Idol' fontstyle='Regular' fontsize='60'>
<content forecolor='FF0000'>sun</content>
<content>mon</content>
<content>tue</content>
<content>wed</content>
<content>thu</content>
<content>Fri</content>
<content>sat</content>
</metadata>
-->
</drawables>