<?xml version="1.0" encoding="utf-8"?>
<clockskin>
	<drawable>
		<name>Batt rotate.png</name>
		<rotate>6</rotate>
		<centerY>35</centerY>
	</drawable>
	<drawable>
		<name>60 ticks.png</name>
	</drawable>
	<drawable>
		<name>Figures.png</name>
	</drawable>
	<drawable>
		<name>Ticks frame green.png</name>
	</drawable>
	<drawable>
		<name>Day and Batt indic bases.png</name>
	</drawable>
	<drawable>
		<name>WD Rotate.png</name>
		<rotate>5</rotate>
		<centerY>36</centerY>
		<direction>2</direction>
	</drawable>
	<drawable>
		<name>WD Rotate mask.png</name>
		<centerY>36</centerY>
	</drawable>
	<drawable>
		<name>A_DAY.xml</name>
		<arraytype>4</arraytype>
		<centerX>1</centerX>
		<centerY>78</centerY>
	</drawable>
	<drawable>
		<name>WD Rotate frame.png</name>
		<centerY>36</centerY>
	</drawable>
	<drawable>
		<name>Day base.png</name>
	</drawable>
	<drawable>
		<name>Batt indic frame.png</name>
	</drawable>
	<drawable>
		<name>Batt ticks.png</name>
	</drawable>
	<drawable>
		<name>Point for WD.png</name>
		<centerY>36</centerY>
	</drawable>
	<drawable>
		<name>HH_blue.png</name>
		<rotate>1</rotate>
	</drawable>
	<drawable>
		<name>MH_blue.png</name>
		<rotate>2</rotate>
	</drawable>
	<drawable>
		<name>SH_green.png</name>
		<rotate>3</rotate>
	</drawable>
	<drawable>
		<name>SH_center.png</name>
		<rotate>3</rotate>
	</drawable>
<!--COMMENTED BY ClockSkinMaker
<metadata gui='rra' version='2.0.0.2'/>
-->
</clockskin>