<?xml version="1.0" encoding="utf-8"?>
<clockskin>
	<drawable>
		<name>Base.png</name>
	</drawable>
	<drawable>
		<name>TICKS FRAME_2.png</name>
	</drawable>
	<drawable>
		<name>TICKS FRAME_3.png</name>
	</drawable>
	<drawable>
		<name>wd month batt day bases.png</name>
	</drawable>
	<drawable>
		<name>wd month batt day TEXT.png</name>
	</drawable>
	<drawable>
		<name>BATT ROTATE.png</name>
		<rotate>6</rotate>
		<centerX>-1</centerX>
		<centerY>112</centerY>
	</drawable>
	<drawable>
		<name>WD ROTATE.png</name>
		<rotate>5</rotate>
		<centerX>-99</centerX>
		<centerY>-57</centerY>
	</drawable>
	<drawable>
		<name>MONTH ROTATE.png</name>
		<rotate>4</rotate>
		<centerX>99</centerX>
		<centerY>-57</centerY>
	</drawable>
	<drawable>
		<name>Array Day.xml</name>
		<arraytype>4</arraytype>
		<centerY>154</centerY>
	</drawable>
	<drawable>
		<name>hh_new.png</name>
		<rotate>1</rotate>
	</drawable>
	<drawable>
		<name>mh_new.png</name>
		<rotate>2</rotate>
	</drawable>
	<drawable>
		<name>mh_new_2.png</name>
	</drawable>
	<drawable>
		<name>SH.png</name>
		<rotate>3</rotate>
	</drawable>
<!--COMMENTED BY ClockSkinMaker
<metadata gui='rra' version='2.0.0.2'/>
-->
</clockskin>