<?xml version="1.0" encoding="utf-8"?>
<clockskin>
	<drawable>
		<name>Batt rotate.png</name>
		<rotate>6</rotate>
		<mulrotate>-2</mulrotate>
	</drawable>
	<drawable>
		<name>Black back.png</name>
	</drawable>
	<drawable>
		<name>Ticks.png</name>
	</drawable>
	<drawable>
		<name>A_sec.xml</name>
		<arraytype>9</arraytype>
		<centerX>-200</centerX>
	</drawable>
	<drawable>
		<name>B_sec.xml</name>
		<arraytype>9</arraytype>
		<centerX>200</centerX>
	</drawable>
	<drawable>
		<name>Figures.png</name>
	</drawable>
	<drawable>
		<name>Day Month WD Batt bases.png</name>
	</drawable>
	<drawable>
		<name>Day Month WD Batt frames.png</name>
	</drawable>
	<drawable>
		<name>AM.xml</name>
		<arraytype>3</arraytype>
	</drawable>
	<drawable>
		<name>AD.xml</name>
		<arraytype>4</arraytype>
		<centerY>141</centerY>
	</drawable>
	<drawable>
		<name>AWD.xml</name>
		<arraytype>5</arraytype>
	</drawable>
	<drawable>
		<name>B.L..png</name>
	</drawable>
	<drawable>
		<name>HH_2.png</name>
		<rotate>1</rotate>
	</drawable>
	<drawable>
		<name>MH_2.png</name>
		<rotate>2</rotate>
	</drawable>
	<drawable>
		<name>SH.png</name>
		<rotate>3</rotate>
	</drawable>
<!--COMMENTED BY ClockSkinMaker
<metadata gui='rra' version='2.0.0.2'/>
-->
</clockskin>