<?xml version="1.0" encoding="utf-8"?>
<clockskin>
	<drawable>
		<name>se.xml</name>
		<arraytype>9</arraytype>
		<centerX>-200</centerX>
	</drawable>
	<drawable>
		<name>day.xml</name>
		<arraytype>4</arraytype>
		<centerX>127</centerX>
		<centerY>1</centerY>
	</drawable>
	<drawable>
		<name>week.xml</name>
		<arraytype>5</arraytype>
		<centerX>74</centerX>
		<centerY>2</centerY>
	</drawable>
	<drawable>
		<name>temp.xml</name>
		<arraytype>11</arraytype>
		<centerX>7</centerX>
		<centerY>-53</centerY>
	</drawable>
	<drawable>
		<name>step.xml</name>
		<arraytype>12</arraytype>
		<centerY>96</centerY>
	</drawable>
	<drawable>
		<name>batt.png</name>
		<rotate>6</rotate>
		<centerX>-99</centerX>
	</drawable>
	<drawable>
		<name>1str.png</name>
		<rotate>3</rotate>
		<centerY>74</centerY>
		<mulrotate>2</mulrotate>
	</drawable>
	<drawable>
		<name>hand.png</name>
		<rotate>1</rotate>
	</drawable>
	<drawable>
		<name>minute.png</name>
		<rotate>2</rotate>
	</drawable>
	<drawable>
		<name>second.png</name>
		<rotate>3</rotate>
	</drawable>
<!--COMMENTED BY ClockSkinMaker
<metadata gui='rra' version='1.4.0.0'/>
-->
</clockskin>