<?xml version="1.0" encoding="utf-8"?>
<clockskin>
	<drawable>
		<name>dial.png</name>
	</drawable>
	<drawable>
		<name>weekday.xml</name>
		<arraytype>5</arraytype>
	</drawable>
	<drawable>
		<name>month_array.xml</name>
		<arraytype>3</arraytype>
	</drawable>
	<drawable>
		<name>day_array.xml</name>
		<arraytype>4</arraytype>
		<centerX>133</centerX>
		<centerY>19</centerY>
	</drawable>
	<drawable>
		<name>Hour.png</name>
		<rotate>1</rotate>
	</drawable>
	<drawable>
		<name>Minute.png</name>
		<rotate>2</rotate>
	</drawable>
	<drawable>
		<name>Second.png</name>
		<rotate>3</rotate>
	</drawable>
<!--COMMENTED BY ClockSkinMaker
<metadata gui='rra' version='2.0.0.2'/>
-->
</clockskin>