<?xml version="1.0" encoding="utf-8"?>
<drawables>
	<image>mngc,_num_0.png</image>
	<image>mngc,_num_1.png</image>
	<image>mngc,_num_2.png</image>
	<image>mngc,_num_3.png</image>
	<image>mngc,_num_4.png</image>
	<image>mngc,_num_5.png</image>
	<image>mngc,_num_6.png</image>
	<image>mngc,_num_7.png</image>
	<image>mngc,_num_8.png</image>
	<image>mngc,_num_9.png</image>
	<image>mngc,_num_colon.png</image>
<!--COMMENTED BY ClockSkinMaker
<metadata gui='rra' version='1.6.0.0' type='array_hourminute' autoscale='1' font='Gobold' fontstyle='Regular' fontsize='10.89362'>
<content>0</content>
<content>1</content>
<content>2</content>
<content>3</content>
<content>4</content>
<content>5</content>
<content>6</content>
<content>7</content>
<content>8</content>
<content>9</content>
<content>:</content>
<content></content>
<content></content>
</metadata>
-->
</drawables>