<?xml version="1.0" encoding="utf-8"?>
<clockskin>
	<drawable>
		<name>BATT ROTATE.png</name>
		<rotate>6</rotate>
		<centerY>-1</centerY>
	</drawable>
	<drawable>
		<name>Hatch_4.png</name>
	</drawable>
	<drawable>
		<name>Figures back.png</name>
	</drawable>
	<drawable>
		<name>Figures_5.png</name>
	</drawable>
	<drawable>
		<name>BATT DAY WD BASES_2.png</name>
	</drawable>
	<drawable>
		<name>Day.xml</name>
		<arraytype>4</arraytype>
		<centerY>95</centerY>
	</drawable>
	<drawable>
		<name>WD PALE.png</name>
	</drawable>
	<drawable>
		<name>ARRAY WEEKDAY.xml</name>
		<arraytype>5</arraytype>
	</drawable>
	<drawable>
		<name>60 ticks.png</name>
	</drawable>
	<drawable>
		<name>BATT INDIC FRAME.png</name>
	</drawable>
	<drawable>
		<name>S.png</name>
		<centerY>-2</centerY>
	</drawable>
	<drawable>
		<name>HH_green.png</name>
		<rotate>1</rotate>
	</drawable>
	<drawable>
		<name>MH_green.png</name>
		<rotate>2</rotate>
	</drawable>
	<drawable>
		<name>SH shadow .png</name>
		<rotate>10</rotate>
		<centerX>6</centerX>
		<centerY>6</centerY>
	</drawable>
	<drawable>
		<name>SH.png</name>
		<rotate>3</rotate>
	</drawable>
<!--COMMENTED BY ClockSkinMaker
<metadata gui='rra' version='2.0.0.2'/>
-->
</clockskin>