<?xml version="1.0" encoding="utf-8"?>
<clockskin>
	<drawable>
		<name>BASE.png</name>
	</drawable>
	<drawable>
		<name>HATCH_3.png</name>
	</drawable>
	<drawable>
		<name>TWO RINGS.png</name>
	</drawable>
	<drawable>
		<name>FIGURES.png</name>
	</drawable>
	<drawable>
		<name>BATT DAY M D MPH BASES.png</name>
	</drawable>
	<drawable>
		<name>MOON BACK.png</name>
		<centerY>-2</centerY>
	</drawable>
	<drawable>
		<name>Batt rotate.png</name>
		<rotate>6</rotate>
		<centerY>95</centerY>
	</drawable>
	<drawable>
		<name>Array Day.xml</name>
		<arraytype>4</arraytype>
		<centerX>2</centerX>
		<centerY>137</centerY>
	</drawable>
	<drawable>
		<name>moon_phase.xml</name>
		<arraytype>19</arraytype>
		<centerY>-77</centerY>
	</drawable>
	<drawable>
		<name>WD.xml</name>
		<arraytype>5</arraytype>
	</drawable>
	<drawable>
		<name>A_MONTH.xml</name>
		<arraytype>3</arraytype>
	</drawable>
	<drawable>
		<name>FRAME.png</name>
	</drawable>
	<drawable>
		<name>HH.png</name>
		<rotate>1</rotate>
	</drawable>
	<drawable>
		<name>MH.png</name>
		<rotate>2</rotate>
	</drawable>
	<drawable>
		<name>SH.png</name>
		<rotate>3</rotate>
	</drawable>
	<drawable>
		<name>SH_center.png</name>
		<rotate>3</rotate>
	</drawable>
<!--COMMENTED BY ClockSkinMaker
<metadata gui='rra' version='2.0.0.2'/>
-->
</clockskin>