<?xml version="1.0" encoding="utf-8"?>
<clockskin>
	<drawable>
		<name>WD base hatch.png</name>
	</drawable>
	<drawable>
		<name>Batt rotate B AND W.png</name>
		<rotate>6</rotate>
	</drawable>
	<drawable>
		<name>Hatch_with batt indic hole.png</name>
	</drawable>
	<drawable>
		<name>Base.png</name>
	</drawable>
	<drawable>
		<name>WD and Day bases.png</name>
	</drawable>
	<drawable>
		<name>WD TEXT.png</name>
	</drawable>
	<drawable>
		<name>WD_ARRAY.xml</name>
		<arraytype>5</arraytype>
	</drawable>
	<drawable>
		<name>WD and Day frame.png</name>
	</drawable>
	<drawable>
		<name>DAY ARRAY.xml</name>
		<arraytype>4</arraytype>
		<centerX>1</centerX>
		<centerY>113</centerY>
	</drawable>
	<drawable>
		<name>HH.png</name>
		<rotate>1</rotate>
	</drawable>
	<drawable>
		<name>MH.png</name>
		<rotate>2</rotate>
	</drawable>
	<drawable>
		<name>SH.png</name>
		<rotate>3</rotate>
	</drawable>
<!--COMMENTED BY ClockSkinMaker
<metadata gui='rra' version='2.0.0.2'/>
-->
</clockskin>