<?xml version="1.0" encoding="utf-8"?>
<drawables>
	<image>WD_ARRAY_sun.png</image>
	<image>WD_ARRAY_mon.png</image>
	<image>WD_ARRAY_tue.png</image>
	<image>WD_ARRAY_wed.png</image>
	<image>WD_ARRAY_thu.png</image>
	<image>WD_ARRAY_fri.png</image>
	<image>WD_ARRAY_sat.png</image>
<!--COMMENTED BY ClockSkinMaker
<metadata gui='rra' version='2.0.0.2' type='array_weekday' forecolor='C0C0C0' autoscale='1' font='Times New Roman' fontstyle='Regular' fontsize='16.32957'>
<content>Вс</content>
<content>Пн</content>
<content>Вт</content>
<content>Ср</content>
<content>Чт</content>
<content>Пт</content>
<content>Сб</content>
</metadata>
-->
</drawables>