<?xml version="1.0" encoding="utf-8"?>
<clockskin>
	<drawable>
		<name>back.png</name>
	</drawable>
	<drawable>
		<arraytype>15</arraytype>
		<colorarray>00FFFF,000000</colorarray>
	</drawable>
	<drawable>
		<name>back2.png</name>
	</drawable>
	<drawable>
		<name>backmed_1.png</name>
		<rotate>3</rotate>
		<centerX>-418</centerX>
		<centerY>-411</centerY>
	</drawable>
	<drawable>
		<name>up2.png</name>
	</drawable>
	<drawable>
		<name>batt background.png</name>
	</drawable>
	<drawable>
		<name>hmblack0.xml</name>
		<arraytype>6</arraytype>
		<centerY>-6</centerY>
	</drawable>
	<drawable>
		<name>hm.xml</name>
		<arraytype>6</arraytype>
		<centerY>-6</centerY>
	</drawable>
	<drawable>
		<name>secblack.xml</name>
		<arraytype>9</arraytype>
		<centerX>131</centerX>
		<centerY>-20</centerY>
	</drawable>
	<drawable>
		<name>sec.xml</name>
		<arraytype>9</arraytype>
		<centerX>131</centerX>
		<centerY>-20</centerY>
	</drawable>
	<drawable>
		<name>steps_1_1.xml</name>
		<arraytype>12</arraytype>
		<centerX>-67</centerX>
		<centerY>113</centerY>
	</drawable>
	<drawable>
		<name>steps.xml</name>
		<arraytype>13</arraytype>
		<centerX>78</centerX>
		<centerY>113</centerY>
	</drawable>
	<drawable>
		<name>day_1.xml</name>
		<arraytype>4</arraytype>
		<centerX>150</centerX>
		<centerY>36</centerY>
	</drawable>
	<drawable>
		<name>month.xml</name>
		<arraytype>3</arraytype>
		<centerX>-150</centerX>
		<centerY>36</centerY>
	</drawable>
	<drawable>
		<arraytype>99</arraytype>
		<centerX>-26</centerX>
		<centerY>165</centerY>
	</drawable>
	<drawable>
		<name>Dist.xml</name>
		<arraytype>60</arraytype>
		<centerX>-83</centerX>
		<centerY>-77</centerY>
	</drawable>
	<drawable>
		<name>day.xml</name>
		<arraytype>16</arraytype>
		<centerY>61</centerY>
	</drawable>
	<drawable>
		<name>shadow_1.png</name>
		<centerX>-81</centerX>
		<centerY>-83</centerY>
	</drawable>
	<drawable>
		<name>shadow_2_1.png</name>
		<centerX>-69</centerX>
		<centerY>107</centerY>
	</drawable>
	<drawable>
		<name>shadow_3.png</name>
		<centerY>-37</centerY>
	</drawable>
	<drawable>
		<name>shadow.png</name>
		<centerY>56</centerY>
	</drawable>
	<drawable>
		<name>AM&amp;PM.xml</name>
		<arraytype>6</arraytype>
		<centerX>-138</centerX>
		<centerY>-22</centerY>
	</drawable>
	<drawable>
		<name>weather_array.xml</name>
		<arraytype>10</arraytype>
		<centerX>3</centerX>
		<centerY>-101</centerY>
	</drawable>
	<drawable>
		<name>temp.xml</name>
		<arraytype>11</arraytype>
		<centerX>4</centerX>
		<centerY>-72</centerY>
	</drawable>
	<drawable>
		<name>shadow_2_2.png</name>
		<centerX>78</centerX>
		<centerY>107</centerY>
	</drawable>
	<drawable>
		<name>kcal.xml</name>
		<arraytype>54</arraytype>
		<centerX>87</centerX>
		<centerY>-77</centerY>
	</drawable>
	<drawable>
		<name>shadow_2.png</name>
		<centerX>87</centerX>
		<centerY>-83</centerY>
	</drawable>
	<drawable>
		<name>moon_phase.xml</name>
		<arraytype>19</arraytype>
		<centerX>2</centerX>
		<centerY>94</centerY>
	</drawable>
	<drawable>
		<name>wd.xml</name>
		<arraytype>5</arraytype>
	</drawable>
	<drawable>
		<name>batterynnn.xml</name>
		<arraytype>14</arraytype>
		<centerX>200</centerX>
	</drawable>
	<drawable>
		<name>battt.xml</name>
		<arraytype>14</arraytype>
		<centerY>-163</centerY>
	</drawable>
<!--COMMENTED BY ClockSkinMaker
<metadata gui='rra' version='1.4.0.0'/>
-->
</clockskin>