<?xml version="1.0" encoding="utf-8"?>
<drawables>
	<image>hmblack0_num_0.png</image>
	<image>hmblack0_num_1.png</image>
	<image>hmblack0_num_2.png</image>
	<image>hmblack0_num_3.png</image>
	<image>hmblack0_num_4.png</image>
	<image>hmblack0_num_5.png</image>
	<image>hmblack0_num_6.png</image>
	<image>hmblack0_num_7.png</image>
	<image>hmblack0_num_8.png</image>
	<image>hmblack0_num_9.png</image>
	<image>hmblack0_num_colon.png</image>
<!--COMMENTED BY ClockSkinMaker
<metadata gui='rra' version='1.4.0.0' type='array_hourminute' forecolor='202020' autoscale='1' font='Digital Display' fontstyle='Regular' fontsize='40.15687'>
<content>0</content>
<content>0</content>
<content>0</content>
<content>0</content>
<content>0</content>
<content>0</content>
<content>0</content>
<content>7</content>
<content>0</content>
<content>0</content>
<content>:</content>
<content></content>
<content></content>
</metadata>
-->
</drawables>