<?xml version="1.0" encoding="utf-8"?>
<drawables>
	<image>secblack_num_0.png</image>
	<image>secblack_num_1.png</image>
	<image>secblack_num_2.png</image>
	<image>secblack_num_3.png</image>
	<image>secblack_num_4.png</image>
	<image>secblack_num_5.png</image>
	<image>secblack_num_6.png</image>
	<image>secblack_num_7.png</image>
	<image>secblack_num_8.png</image>
	<image>secblack_num_9.png</image>
	<image>secblack_num_colon.png</image>
<!--COMMENTED BY ClockSkinMaker
<metadata gui='rra' version='1.4.0.0' type='array_second' forecolor='2E2E2E' autoscale='1' font='Digital Display' fontstyle='Regular' fontsize='13.38562'>
<content>0</content>
<content>0</content>
<content>0</content>
<content>0</content>
<content>0</content>
<content>0</content>
<content>0</content>
<content>0</content>
<content>0</content>
<content>0</content>
<content>:</content>
</metadata>
-->
</drawables>