<?xml version="1.0" encoding="utf-8"?>
<clockskin>
	<drawable>
		<name>clock_skin_panel.png</name>
	</drawable>
	<drawable>
		<name>clock_skin_ring.png</name>
	</drawable>
	<drawable>
		<name>clock_skin_icon.png</name>
	</drawable>
	<drawable>
		<name>hour_minute_array.xml</name>
		<arraytype>6</arraytype>
	</drawable>
	<drawable>
		<name>month_array.xml</name>
		<arraytype>3</arraytype>
		<centerX>29</centerX>
		<centerY>107</centerY>
	</drawable>
	<drawable>
		<name>num1_array.xml</name>
		<arraytype>13</arraytype>
		<centerX>-67</centerX>
		<centerY>-116</centerY>
	</drawable>
	<drawable>
		<name>weather_array.xml</name>
		<arraytype>10</arraytype>
		<centerX>16</centerX>
		<centerY>-113</centerY>
	</drawable>
	<drawable>
		<name>num2_array_1.xml</name>
		<arraytype>11</arraytype>
		<centerX>70</centerX>
		<centerY>-125</centerY>
	</drawable>
	<drawable>
		<name>battery.xml</name>
		<arraytype>14</arraytype>
		<centerX>18</centerX>
		<centerY>145</centerY>
	</drawable>
	<drawable>
		<name>digital5.xml</name>
		<arraytype>9</arraytype>
		<centerX>-200</centerX>
	</drawable>
	<drawable>
		<name>digital6.xml</name>
		<arraytype>9</arraytype>
		<centerX>200</centerX>
	</drawable>
	<drawable>
		<name>day_array.xml</name>
		<arraytype>4</arraytype>
		<centerX>-76</centerX>
		<centerY>106</centerY>
	</drawable>
<!--COMMENTED BY ClockSkinMaker
<metadata gui='rra' version='1.6.0.0'/>
-->
</clockskin>