<?xml version="1.0" encoding="utf-8"?>
<drawables>
	<image>day_array_num_0.png</image>
	<image>day_array_num_1.png</image>
	<image>day_array_num_2.png</image>
	<image>day_array_num_3.png</image>
	<image>day_array_num_4.png</image>
	<image>day_array_num_5.png</image>
	<image>day_array_num_6.png</image>
	<image>day_array_num_7.png</image>
	<image>day_array_num_8.png</image>
	<image>day_array_num_9.png</image>
	<image>day_array_num_minus.png</image>
<!--COMMENTED BY ClockSkinMaker
<metadata gui='rra' version='1.6.0.0' type='array_day' forecolor='909193' autoscale='0' font='Arial' fontstyle='Regular' fontsize='24'>
<content>0</content>
<content>1</content>
<content>2</content>
<content>3</content>
<content>4</content>
<content>5</content>
<content>6</content>
<content>7</content>
<content>8</content>
<content>9</content>
<content>.</content>
</metadata>
-->
</drawables>