<?xml version="1.0" encoding="utf-8"?>
<clockskin>
	<drawable>
		<name>Hatch.png</name>
	</drawable>
	<drawable>
		<name>Base.png</name>
	</drawable>
	<drawable>
		<name>Center_1.png</name>
	</drawable>
	<drawable>
		<name>Figures hatch_lite.png</name>
	</drawable>
	<drawable>
		<name>Figures hatch_mask.png</name>
	</drawable>
	<drawable>
		<name>Figures_green.png</name>
	</drawable>
	<drawable>
		<name>WD Batt Day base.png</name>
		<centerY>1</centerY>
	</drawable>
	<drawable>
		<name>Batt rotate.png</name>
		<rotate>6</rotate>
		<centerX>105</centerX>
	</drawable>
	<drawable>
		<name>WD.png</name>
		<rotate>5</rotate>
		<centerX>-105</centerX>
	</drawable>
	<drawable>
		<name>A_day.xml</name>
		<arraytype>4</arraytype>
		<centerX>106</centerX>
		<centerY>41</centerY>
	</drawable>
	<drawable>
		<name>WD Batt Day base frame.png</name>
	</drawable>
	<drawable>
		<name>HH_2.png</name>
		<rotate>1</rotate>
	</drawable>
	<drawable>
		<name>MH_2.png</name>
		<rotate>2</rotate>
	</drawable>
	<drawable>
		<name>SH.png</name>
		<rotate>3</rotate>
	</drawable>
	<drawable>
		<name>Center.png</name>
		<rotate>3</rotate>
	</drawable>
<!--COMMENTED BY ClockSkinMaker
<metadata gui='rra' version='2.0.0.2'/>
-->
</clockskin>