<?xml version="1.0" encoding="utf-8"?>
<clockskin>
	<drawable>
		<name>kolo.png</name>
	</drawable>
	<drawable>
		<name>bat.xml</name>
		<arraytype>9</arraytype>
		<centerX>-170</centerX>
	</drawable>
	<drawable>
		<name>clock_skin_panel.png</name>
	</drawable>
	<drawable>
		<name>6.png</name>
		<rotate>3</rotate>
	</drawable>
	<drawable>
		<name>clock_skin_panel2.png</name>
	</drawable>
	<drawable>
		<name>kolo_2.png</name>
	</drawable>
	<drawable>
		<name>vt3.png</name>
	</drawable>
	<drawable>
		<name>hourminute_1.xml</name>
		<arraytype>6</arraytype>
	</drawable>
	<drawable>
		<name>BATTERY.xml</name>
		<arraytype>14</arraytype>
		<centerX>202</centerX>
		<centerY>-12</centerY>
	</drawable>
	<drawable>
		<name>day1.xml</name>
		<arraytype>14</arraytype>
		<centerX>136</centerX>
	</drawable>
	<drawable>
		<name>hourminute.xml</name>
		<arraytype>4</arraytype>
		<centerX>-49</centerX>
		<centerY>-66</centerY>
	</drawable>
	<drawable>
		<name>weekday_array.xml</name>
		<arraytype>5</arraytype>
		<centerX>36</centerX>
		<centerY>-82</centerY>
	</drawable>
	<drawable>
		<name>month_array.xml</name>
		<arraytype>3</arraytype>
		<centerX>33</centerX>
		<centerY>-55</centerY>
	</drawable>
	<drawable>
		<name>step_array.xml</name>
		<arraytype>12</arraytype>
		<centerY>126</centerY>
	</drawable>
	<drawable>
		<name>TEMPO.xml</name>
		<arraytype>10</arraytype>
		<centerX>8</centerX>
		<centerY>86</centerY>
	</drawable>
	<drawable>
		<name>temp_array.xml</name>
		<arraytype>11</arraytype>
		<centerX>-44</centerX>
		<centerY>90</centerY>
	</drawable>
	<drawable>
		<name>LED_OFF_1_1.png</name>
		<centerX>31</centerX>
		<centerY>86</centerY>
	</drawable>
	<drawable>
		<name>LED_OFF.xml</name>
		<arraytype>6</arraytype>
		<centerX>31</centerX>
		<centerY>83</centerY>
	</drawable>
	<drawable>
		<name>LED_ON_1.xml</name>
		<arraytype>6</arraytype>
		<centerX>31</centerX>
		<centerY>83</centerY>
	</drawable>
	<drawable>
		<name>step_array_1.xml</name>
		<arraytype>13</arraytype>
		<centerX>96</centerX>
		<centerY>89</centerY>
	</drawable>
<!--COMMENTED BY ClockSkinMaker
<metadata gui='rra' version='1.6.0.0'/>
-->
</clockskin>