<?xml version="1.0" encoding="utf-8"?>
<drawables>
	<image>hourminute_num_0.png</image>
	<image>hourminute_num_1_4.png</image>
	<image>hourminute_num_2_4.png</image>
	<image>hourminute_num_3.png</image>
	<image>hourminute_num_4.png</image>
	<image>hourminute_num_5.png</image>
	<image>hourminute_num_6_4.png</image>
	<image>hourminute_num_7.png</image>
	<image>hourminute_num_8.png</image>
	<image>hourminute_num_9_4.png</image>
	<image>hourminute_num_colon_3.png</image>
<!--COMMENTED BY ClockSkinMaker
<metadata gui='rra' version='1.5.0.0' type='array_hour' forecolor='FF8000' autoscale='0' font='digital display tfb' fontstyle='Regular' fontsize='99,75'>
<content>0</content>
<content>1</content>
<content>2</content>
<content>3</content>
<content>4</content>
<content>5</content>
<content>6</content>
<content>7</content>
<content>8</content>
<content>9</content>
<content>:</content>
</metadata>
-->
</drawables>