<clockskin>
    <drawable>
        <name>image1.png</name>
    </drawable>
    <drawable>
        <name>digital1.xml</name>
        <arraytype>6</arraytype>
        <centerX>3</centerX>
        <centerY>130</centerY>
    </drawable>
    <drawable>
        <name>digital2.xml</name>
        <arraytype>1</arraytype>
        <centerX>7</centerX>
        <centerY>164</centerY>
    </drawable>
    <drawable>
        <name>digital3.xml</name>
        <arraytype>5</arraytype>
        <centerX>0</centerX>
        <centerY>-167</centerY>
    </drawable>
</clockskin>
