<?xml version="1.0" encoding="utf-8"?>
<clockskin>
	<drawable>
		<name>Batt rotate left.png</name>
		<rotate>6</rotate>
		<mulrotate>-2</mulrotate>
	</drawable>
	<drawable>
		<name>Batt rotate right.png</name>
		<rotate>6</rotate>
		<direction>2</direction>
		<mulrotate>-2</mulrotate>
	</drawable>
	<drawable>
		<name>Base.png</name>
	</drawable>
	<drawable>
		<name>Figures.png</name>
	</drawable>
	<drawable>
		<name>Hatch.png</name>
	</drawable>
	<drawable>
		<name>Hatch_2.png</name>
	</drawable>
	<drawable>
		<name>Frame.png</name>
	</drawable>
	<drawable>
		<name>WD_array.xml</name>
		<arraytype>5</arraytype>
	</drawable>
	<drawable>
		<name>DAY_ARRAY.xml</name>
		<arraytype>4</arraytype>
		<centerY>95</centerY>
	</drawable>
	<drawable>
		<name>HH.png</name>
		<rotate>1</rotate>
	</drawable>
	<drawable>
		<name>MH.png</name>
		<rotate>2</rotate>
	</drawable>
	<drawable>
		<name>MH_2.png</name>
		<rotate>2</rotate>
	</drawable>
	<drawable>
		<name>SH.png</name>
		<rotate>3</rotate>
	</drawable>
<!--COMMENTED BY ClockSkinMaker
<metadata gui='rra' version='2.0.0.2'/>
-->
</clockskin>