<?xml version="1.0" encoding="utf-8"?>
<clockskin>
	<drawable>
		<name>face.png</name>
	</drawable>
	<drawable>
		<name>week.xml</name>
		<centerX>-40</centerX>
		<centerY>-100</centerY>
		<arraytype>5</arraytype>
	</drawable>
	<drawable>
		<name>day.xml</name>
		<centerX>40</centerX>
		<centerY>-100</centerY>
		<arraytype>4</arraytype>
	</drawable>
	<drawable>
		<name>hours.xml</name>
		<centerX>-90</centerX>
		<centerY>0</centerY>
		<arraytype>7</arraytype>
	</drawable>
	<drawable>
		<name>minutes.xml</name>
		<centerX>90</centerX>
		<centerY>0</centerY>
		<arraytype>8</arraytype>
	</drawable>
	<drawable>
		<name>seconds.xml</name>
		<centerX>0</centerX>
		<centerY>100</centerY>
		<arraytype>9</arraytype>
	</drawable>
<!--COMMENTED BY ClockSkinMaker
<metadata gui='rra' version='1.4.0.0'/>
-->
</clockskin>