<?xml version="1.0" encoding="utf-8"?>
<drawables>
	<image>BAT_num_0.png</image>
	<image>BAT_num_1.png</image>
	<image>BAT_num_2.png</image>
	<image>BAT_num_3.png</image>
	<image>BAT_num_4.png</image>
	<image>BAT_num_5.png</image>
	<image>BAT_num_6.png</image>
	<image>BAT_num_7.png</image>
	<image>BAT_num_8.png</image>
	<image>BAT_num_9.png</image>
	<image>BAT_lead.png</image>
<!--COMMENTED BY ClockSkinMaker
<metadata gui='rra' version='1.4.0.0' type='array_battery_level' forecolor='FFFFFF' autoscale='0' font='a_Futurica' fontstyle='Bold' fontsize='21,75'>
<content>0</content>
<content>1</content>
<content>2</content>
<content>3</content>
<content>4</content>
<content>5</content>
<content>6</content>
<content>7</content>
<content>8</content>
<content>9</content>
<content></content>
<content></content>
</metadata>
-->
</drawables>