<?xml version="1.0" encoding="utf-8"?>
<clockskin>
	<drawable>
		<name>fon2.png</name>
	</drawable>
	<drawable>
		<name>second.png</name>
		<rotate>3</rotate>
		<angle>45</angle>
		<direction>2</direction>
	</drawable>
	<drawable>
		<name>fon1.png</name>
	</drawable>
	<drawable>
		<name>H-M.xml</name>
		<arraytype>6</arraytype>
		<centerX>-40</centerX>
		<centerY>4</centerY>
	</drawable>
	<drawable>
		<name>D.xml</name>
		<arraytype>4</arraytype>
		<centerX>-86</centerX>
		<centerY>-112</centerY>
	</drawable>
	<drawable>
		<name>W.xml</name>
		<arraytype>5</arraytype>
		<centerX>21</centerX>
		<centerY>-129</centerY>
	</drawable>
	<drawable>
		<name>MONT.xml</name>
		<arraytype>3</arraytype>
		<centerX>20</centerX>
		<centerY>-100</centerY>
	</drawable>
	<drawable>
		<name>ST.xml</name>
		<arraytype>12</arraytype>
		<centerX>-42</centerX>
		<centerY>118</centerY>
	</drawable>
	<drawable>
		<name>BAT.xml</name>
		<arraytype>14</arraytype>
		<centerX>65</centerX>
		<centerY>118</centerY>
	</drawable>
<!--COMMENTED BY ClockSkinMaker
<metadata gui='rra' version='1.4.0.0'/>
-->
</clockskin>