<?xml version="1.0" encoding="utf-8"?>
<drawables>
	<image>MONT_jan.png</image>
	<image>MONT_feb.png</image>
	<image>MONT_mar.png</image>
	<image>MONT_apr.png</image>
	<image>MONT_may.png</image>
	<image>MONT_jun.png</image>
	<image>MONT_jul.png</image>
	<image>MONT_aug.png</image>
	<image>MONT_sep.png</image>
	<image>MONT_oct.png</image>
	<image>MONT_nov.png</image>
	<image>MONT_dec.png</image>
<!--COMMENTED BY ClockSkinMaker
<metadata gui='rra' version='1.4.0.0' type='array_month' forecolor='FFFFFF' autoscale='0' font='a_Futurica' fontstyle='Bold' fontsize='17,25'>
<content>ЯНВАРЯ</content>
<content>ФЕВРАЛЯ</content>
<content>МАРТА</content>
<content>АПРЕЛЯ</content>
<content>МАЯ</content>
<content>ИЮНЯ</content>
<content>ИЮЛЯ</content>
<content>АВТУСТА</content>
<content>СЕНТЯБРЯ</content>
<content>ОКТЯБРЯ</content>
<content>НОЯБРЯ</content>
<content>ДЕКАБРЯ</content>
</metadata>
-->
</drawables>