<?xml version="1.0" encoding="utf-8"?>
<clockskin>
	<drawable>
		<name>24.png</name>
		<rotate>7</rotate>
		<centerY>-13</centerY>
	</drawable>
	<drawable>
		<name>moon_phase.xml</name>
		<arraytype>19</arraytype>
		<centerY>-65</centerY>
	</drawable>
	<drawable>
		<name>Batt rotate.png</name>
		<rotate>6</rotate>
		<centerY>105</centerY>
	</drawable>
	<drawable>
		<name>Batt level ticks.png</name>
	</drawable>
	<drawable>
		<name>Batt rotate_mark.png</name>
		<rotate>6</rotate>
		<centerY>105</centerY>
	</drawable>
	<drawable>
		<name>60 Ticks.png</name>
	</drawable>
	<drawable>
		<name>Figures.png</name>
	</drawable>
	<drawable>
		<name>12 Ticks.png</name>
	</drawable>
	<drawable>
		<name>12 Ticks hatch_2.png</name>
	</drawable>
	<drawable>
		<name>wd day batt moon bases.png</name>
	</drawable>
	<drawable>
		<name>Hatch.png</name>
	</drawable>
	<drawable>
		<name>Hatch_FRAME.png</name>
	</drawable>
	<drawable>
		<name>Array Day.xml</name>
		<arraytype>4</arraytype>
		<centerX>1</centerX>
		<centerY>104</centerY>
	</drawable>
	<drawable>
		<name>Figures 9 3.png</name>
	</drawable>
	<drawable>
		<name>Array WD.xml</name>
		<arraytype>5</arraytype>
	</drawable>
	<drawable>
		<name>HH green.png</name>
		<rotate>1</rotate>
	</drawable>
	<drawable>
		<name>MH green.png</name>
		<rotate>2</rotate>
	</drawable>
	<drawable>
		<name>SH.png</name>
		<rotate>3</rotate>
	</drawable>
<!--COMMENTED BY ClockSkinMaker
<metadata gui='rra' version='2.0.0.2'/>
-->
</clockskin>