<?xml version="1.0" encoding="utf-8"?>
<clockskin>
	<drawable>
		<name>back_2.png</name>
	</drawable>
	<drawable>
		<name>ball.png</name>
		<centerY>-4</centerY>
	</drawable>
	<drawable>
		<name>model_5.png</name>
	</drawable>
	<drawable>
		<name>back_5.png</name>
	</drawable>
	<drawable>
		<name>back_4.png</name>
	</drawable>
	<drawable>
		<name>hh_2.png</name>
		<rotate>1</rotate>
	</drawable>
	<drawable>
		<name>mh_2.png</name>
		<rotate>2</rotate>
	</drawable>
	<drawable>
		<name>sh_2.png</name>
		<rotate>3</rotate>
	</drawable>
	<drawable>
		<name>text.png</name>
	</drawable>
<!--COMMENTED BY ClockSkinMaker
<metadata gui='rra' version='2.0.0.2'/>
-->
</clockskin>