<?xml version="1.0" encoding="utf-8"?>
<drawables>
     <name>animated_image_11.xml</name>
     <name>animated_image_12.xml</name>
     <name>animated_image_13.xml</name>
     <name>animated_image_14.xml</name>
     <name>animated_image_15.xml</name>
     <name>animated_image_16.xml</name>
     <name>animated_image_17.xml</name>
     <name>animated_image_18.xml</name>
     <name>animated_image_19.xml</name>
     <name>animated_image_20.xml</name>
     <image>digital10_10.png</image>
</drawables>
