<?xml version="1.0" encoding="utf-8"?>
<drawables>
     <name>animated_image_91.xml</name>
     <name>animated_image_92.xml</name>
     <name>animated_image_93.xml</name>
     <name>animated_image_94.xml</name>
     <name>animated_image_95.xml</name>
     <name>animated_image_96.xml</name>
     <name>animated_image_97.xml</name>
     <name>animated_image_98.xml</name>
     <name>animated_image_99.xml</name>
     <name>animated_image_100.xml</name>
     <image>digital10_10.png</image>
</drawables>
