<?xml version="1.0" encoding="utf-8"?>
<clockskin>
	<drawable>
		<name>Base_blue.png</name>
	</drawable>
	<drawable>
		<name>Frame.png</name>
	</drawable>
	<drawable>
		<name>Rings_blue.png</name>
	</drawable>
	<drawable>
		<name>60 ticks.png</name>
	</drawable>
	<drawable>
		<name>Figures_dark.png</name>
	</drawable>
	<drawable>
		<name>Batt rotate.png</name>
		<rotate>6</rotate>
		<centerY>-1</centerY>
	</drawable>
	<drawable>
		<name>Day.xml</name>
		<arraytype>4</arraytype>
		<centerY>128</centerY>
	</drawable>
	<drawable>
		<name>WD.xml</name>
		<arraytype>5</arraytype>
	</drawable>
	<drawable>
		<name>HH_blue.png</name>
		<rotate>1</rotate>
	</drawable>
	<drawable>
		<name>MH_blue.png</name>
		<rotate>2</rotate>
	</drawable>
	<drawable>
		<name>SH_blue.png</name>
		<rotate>3</rotate>
	</drawable>
	<drawable>
		<name>SH_center.png</name>
		<rotate>3</rotate>
	</drawable>
<!--COMMENTED BY ClockSkinMaker
<metadata gui='rra' version='2.0.0.2'/>
-->
</clockskin>