<?xml version="1.0" encoding="utf-8"?>
<clockskin>
	<drawable>
		<name>watch_panel.png</name>
	</drawable>
	<drawable>
		<name>days.xml</name>
		<arraytype>4</arraytype>
		<centerX>-2</centerX>
		<centerY>111</centerY>
	</drawable>
	<drawable>
		<name>hand_small.png</name>
		<rotate>4</rotate>
		<centerX>-76</centerX>
		<centerY>-2</centerY>
	</drawable>
	<drawable>
		<name>hand_small.png</name>
		<rotate>6</rotate>
		<centerX>76</centerX>
		<centerY>-2</centerY>
		<mulrotate>2</mulrotate>
	</drawable>
	<drawable>
		<name>hand_h_s.png</name>
		<rotate>1</rotate>
		<centerX>3</centerX>
		<centerY>4</centerY>
	</drawable>
	<drawable>
		<name>hand_h.png</name>
		<rotate>1</rotate>
	</drawable>
	<drawable>
		<name>hand_m_s.png</name>
		<rotate>2</rotate>
		<centerX>4</centerX>
		<centerY>5</centerY>
	</drawable>
	<drawable>
		<name>hand_m.png</name>
		<rotate>2</rotate>
	</drawable>
	<drawable>
		<name>hand_s_s.png</name>
		<rotate>3</rotate>
		<centerX>5</centerX>
		<centerY>6</centerY>
	</drawable>
	<drawable>
		<name>hand_s.png</name>
		<rotate>3</rotate>
	</drawable>
	<drawable>
		<color>1</color>
		<arraytype>99</arraytype>
		<centerX>-22</centerX>
		<centerY>-56</centerY>
	</drawable>
<!--COMMENTED BY ClockSkinMaker
<metadata gui='rra' version='1.4.6.0'/>
-->
</clockskin>