<?xml version="1.0" encoding="utf-8"?>
<clockskin>
	<drawable>
		<name>hodzinky-casio-edifice-animacia.png</name>
		<rotate>3</rotate>
		<mulrotate>6</mulrotate>
	</drawable>
	<drawable>
		<name>hodzinky-casio-edifice.png</name>
	</drawable>
	<drawable>
		<name>hodzinky-casio-edifice-second-small-shadow_1.png</name>
		<rotate>7</rotate>
		<centerX>4</centerX>
		<centerY>98</centerY>
	</drawable>
	<drawable>
		<name>hodzinky-casio-edifice-second-small.png</name>
		<rotate>7</rotate>
		<centerY>94</centerY>
	</drawable>
	<drawable>
		<name>hodzinky-casio-edifice-second-small-shadow.png</name>
		<rotate>10</rotate>
		<centerX>-81</centerX>
		<centerY>3</centerY>
	</drawable>
	<drawable>
		<name>hodzinky-casio-edifice-second-small_1.png</name>
		<rotate>3</rotate>
		<centerX>-85</centerX>
		<centerY>-1</centerY>
	</drawable>
	<drawable>
		<name>weekday_array.xml</name>
		<arraytype>5</arraytype>
		<centerX>66</centerX>
		<centerY>8</centerY>
	</drawable>
	<drawable>
		<name>hour_minute_array.xml</name>
		<arraytype>6</arraytype>
		<centerX>65</centerX>
		<centerY>-15</centerY>
	</drawable>
	<drawable>
		<name>hodzinky-casio-edificehour-shadow.png</name>
		<rotate>8</rotate>
		<centerX>7</centerX>
		<centerY>5</centerY>
	</drawable>
	<drawable>
		<name>hodzinky-casio-edifice-hour.png</name>
		<rotate>1</rotate>
	</drawable>
	<drawable>
		<name>hodzinky-casio-edifice-minute-shadow.png</name>
		<rotate>9</rotate>
		<centerX>5</centerX>
		<centerY>5</centerY>
	</drawable>
	<drawable>
		<name>hodzinky-casio-edifice-minute.png</name>
		<rotate>2</rotate>
	</drawable>
	<drawable>
		<name>hodzinky-casio-edifice-second-shadow.png</name>
		<rotate>10</rotate>
		<centerX>4</centerX>
		<centerY>4</centerY>
	</drawable>
	<drawable>
		<name>hodzinky-casio-edifice-second2.png</name>
		<rotate>3</rotate>
	</drawable>
<!--COMMENTED BY ClockSkinMaker
<metadata gui='rra' version='1.5.0.0'/>
-->
</clockskin>