<?xml version="1.0" encoding="utf-8"?>
<clockskin>
	<drawable>
		<name>watch_wm_bejing.png</name>
	</drawable>
	<drawable>
		<name>day.xml</name>
		<arraytype>4</arraytype>
		<centerX>-79</centerX>
		<centerY>-3</centerY>
	</drawable>
	<drawable>
		<name>month.xml</name>
		<arraytype>3</arraytype>
		<centerX>-82</centerX>
		<centerY>28</centerY>
	</drawable>
	<drawable>
		<name>step.xml</name>
		<arraytype>12</arraytype>
		<centerX>86</centerX>
		<centerY>27</centerY>
	</drawable>
	<drawable>
		<name>kcal.xml</name>
		<arraytype>54</arraytype>
		<centerX>0</centerX>
		<centerY>110</centerY>
	</drawable>
	<drawable>
		<name>watch_wm_shizhen.png</name>
		<rotate>1</rotate>
	</drawable>
	<drawable>
		<name>watch_wm_fenzhen.png</name>
		<rotate>2</rotate>
	</drawable>
	<drawable>
		<name>watch_wm_miaozhen.png</name>
		<rotate>3</rotate>
	</drawable>
<!--COMMENTED BY ClockSkinMaker
<metadata gui='rra' version='1.6.0.0'/>
-->
</clockskin>