<?xml version="1.0" encoding="utf-8"?>
<clockskin>
	<drawable>
		<name>battery.png</name>
		<rotate>6</rotate>
		<centerX>10</centerX>
		<angle>2</angle>
		<mulrotate>-4</mulrotate>
	</drawable>
	<drawable>
		<name>fon.png</name>
	</drawable>
	<drawable>
		<name>day.xml</name>
		<arraytype>4</arraytype>
		<centerY>-113</centerY>
	</drawable>
	<drawable>
		<name>mond.xml</name>
		<arraytype>5</arraytype>
		<centerX>-68</centerX>
		<centerY>-102</centerY>
	</drawable>
	<drawable>
		<name>MONT.xml</name>
		<arraytype>3</arraytype>
		<centerX>62</centerX>
		<centerY>-102</centerY>
	</drawable>
	<drawable>
		<name>HM.xml</name>
		<arraytype>6</arraytype>
		<centerX>100</centerX>
	</drawable>
	<drawable>
		<name>ST.xml</name>
		<arraytype>12</arraytype>
		<centerX>9</centerX>
		<centerY>98</centerY>
	</drawable>
	<drawable>
		<name>HERT.xml</name>
		<arraytype>13</arraytype>
		<centerX>-100</centerX>
		<centerY>6</centerY>
	</drawable>
	<drawable>
		<name>clock_skin_hour.png</name>
		<rotate>1</rotate>
	</drawable>
	<drawable>
		<name>clock_skin_minute.png</name>
		<rotate>2</rotate>
	</drawable>
	<drawable>
		<name>clock_skin_second.png</name>
		<rotate>3</rotate>
	</drawable>
<!--COMMENTED BY ClockSkinMaker
<metadata gui='rra' version='1.4.0.0'/>
-->
</clockskin>