<?xml version="1.0" encoding="utf-8"?>
<drawables>
	<image>mond_sun.png</image>
	<image>mond_mon.png</image>
	<image>mond_tue.png</image>
	<image>mond_wed.png</image>
	<image>mond_thu.png</image>
	<image>mond_fri.png</image>
	<image>mond_sat.png</image>
<!--COMMENTED BY ClockSkinMaker
<metadata gui='rra' version='1.4.0.0' type='array_weekday' forecolor='FFFFFF' autoscale='1' font='Arial' fontstyle='Bold' fontsize='16,81485'>
<content forecolor='FF0000'>ВСК</content>
<content>ПНД</content>
<content>ВТР</content>
<content>СРД</content>
<content>ЧТВ</content>
<content>ПТН</content>
<content forecolor='FF0000'>СБТ</content>
</metadata>
-->
</drawables>