<?xml version="1.0" encoding="utf-8"?>
<drawables>
	<image>MONT_jan.png</image>
	<image>MONT_feb.png</image>
	<image>MONT_mar.png</image>
	<image>MONT_apr.png</image>
	<image>MONT_may.png</image>
	<image>MONT_jun.png</image>
	<image>MONT_jul.png</image>
	<image>MONT_aug.png</image>
	<image>MONT_sep.png</image>
	<image>MONT_oct.png</image>
	<image>MONT_nov.png</image>
	<image>MONT_dec.png</image>
<!--COMMENTED BY ClockSkinMaker
<metadata gui='rra' version='1.4.0.0' type='array_month' autoscale='1' font='Arial' fontstyle='Bold' fontsize='18,84663'>
<content>ЯНВ</content>
<content>ФЕВ</content>
<content>МАР</content>
<content>АПР</content>
<content>МАЙ</content>
<content>ИЮН</content>
<content>ИЮЛ</content>
<content>АВГ</content>
<content>СЕН</content>
<content>ОКТ</content>
<content>НОЯ</content>
<content>ДЕК</content>
</metadata>
-->
</drawables>