<?xml version="1.0" encoding="utf-8"?>
<clockskin>
	<drawable>
		<name>Black back_2.png</name>
	</drawable>
	<drawable>
		<name>Batt rotate back.png</name>
		<centerY>-62</centerY>
	</drawable>
	<drawable>
		<name>Batt rotate_2.png</name>
		<rotate>6</rotate>
		<centerY>4</centerY>
		<mulrotate>-2</mulrotate>
	</drawable>
	<drawable>
		<name>Black back.png</name>
	</drawable>
	<drawable>
		<name>BATTERY LEVEL TEXT.png</name>
		<centerX>3</centerX>
		<centerY>-5</centerY>
	</drawable>
	<drawable>
		<name>Sec ring_3.png</name>
	</drawable>
	<drawable>
		<name>Sec ring .png</name>
	</drawable>
	<drawable>
		<name>A_sec.xml</name>
		<arraytype>9</arraytype>
		<centerX>-200</centerX>
	</drawable>
	<drawable>
		<name>B_sec.xml</name>
		<arraytype>9</arraytype>
		<centerX>200</centerX>
	</drawable>
	<drawable>
		<name>12.png</name>
	</drawable>
	<drawable>
		<name>data base.png</name>
	</drawable>
	<drawable>
		<name>Frame.png</name>
	</drawable>
	<drawable>
		<name>A_WD.xml</name>
		<arraytype>5</arraytype>
		<centerX>2</centerX>
	</drawable>
	<drawable>
		<name>A_MONTH.xml</name>
		<arraytype>3</arraytype>
	</drawable>
	<drawable>
		<name>HM.xml</name>
		<arraytype>6</arraytype>
		<centerX>2</centerX>
	</drawable>
	<drawable>
		<name>A_DAY.xml</name>
		<arraytype>4</arraytype>
		<centerX>1</centerX>
		<centerY>149</centerY>
	</drawable>
<!--COMMENTED BY ClockSkinMaker
<metadata gui='rra' version='2.0.0.2'/>
-->
</clockskin>