<?xml version="1.0" encoding="utf-8"?>
<clockskin>
	<drawable>
		<name>12 ticks back with noise.png</name>
	</drawable>
	<drawable>
		<name>60 Ticks_black center.png</name>
	</drawable>
	<drawable>
		<name>figures_2.png</name>
	</drawable>
	<drawable>
		<name>TEXT BACK.png</name>
		<rotate>3</rotate>
		<centerX>1</centerX>
		<centerY>-29</centerY>
		<mulrotate>30</mulrotate>
	</drawable>
	<drawable>
		<name>hatch.png</name>
	</drawable>
	<drawable>
		<name>60 Ticks frame.png</name>
	</drawable>
	<drawable>
		<name>wd day batt month base.png</name>
	</drawable>
	<drawable>
		<name>DAY.xml</name>
		<arraytype>4</arraytype>
		<centerY>155</centerY>
	</drawable>
	<drawable>
		<name>WD.xml</name>
		<arraytype>5</arraytype>
	</drawable>
	<drawable>
		<name>MONTH.xml</name>
		<arraytype>3</arraytype>
	</drawable>
	<drawable>
		<name>batt rotate.png</name>
		<rotate>6</rotate>
		<centerY>107</centerY>
	</drawable>
	<drawable>
		<name>wd day batt month base FRAME.png</name>
	</drawable>
	<drawable>
		<name>HH.png</name>
		<rotate>1</rotate>
	</drawable>
	<drawable>
		<name>MH.png</name>
		<rotate>2</rotate>
	</drawable>
	<drawable>
		<name>MH_2.png</name>
		<rotate>2</rotate>
	</drawable>
	<drawable>
		<name>SH.png</name>
		<rotate>3</rotate>
	</drawable>
<!--COMMENTED BY ClockSkinMaker
<metadata gui='rra' version='2.0.0.2'/>
-->
</clockskin>