<?xml version="1.0" encoding="utf-8"?>
<drawables>
	<image>A_month_jan.png</image>
	<image>A_month_feb.png</image>
	<image>A_month_mar.png</image>
	<image>A_month_apr.png</image>
	<image>A_month_may.png</image>
	<image>A_month_jun.png</image>
	<image>A_month_jul.png</image>
	<image>A_month_aug.png</image>
	<image>A_month_sep.png</image>
	<image>A_month_oct.png</image>
	<image>A_month_nov.png</image>
	<image>A_month_dec.png</image>
<!--COMMENTED BY ClockSkinMaker
<metadata gui='rra' version='2.0.0.2' type='array_month' forecolor='FFFFFF' autoscale='1' font='Times New Roman' fontstyle='Regular' fontsize='13.34746'>
<content>янв</content>
<content>фев</content>
<content>мар</content>
<content>апр</content>
<content>май</content>
<content>июн</content>
<content>июл</content>
<content>авг</content>
<content>сен</content>
<content>окт</content>
<content>ноя</content>
<content>дек</content>
</metadata>
-->
</drawables>