<?xml version="1.0" encoding="utf-8"?>
<clockskin>
	<drawable>
		<name>24.png</name>
		<rotate>7</rotate>
	</drawable>
	<drawable>
		<name>BATT INDIC BACK.png</name>
	</drawable>
	<drawable>
		<name>3 circle.png</name>
	</drawable>
	<drawable>
		<name>BATT ROTATE.png</name>
		<rotate>6</rotate>
		<centerY>-1</centerY>
	</drawable>
	<drawable>
		<name>FIGURES.png</name>
	</drawable>
	<drawable>
		<name>3 circle hatch_2.png</name>
	</drawable>
	<drawable>
		<name>60 ticks black and red.png</name>
	</drawable>
	<drawable>
		<name>12 ticks.png</name>
	</drawable>
	<drawable>
		<name>2 circle.png</name>
	</drawable>
	<drawable>
		<name>WD DAY MONTH MP BATT BASES.png</name>
	</drawable>
	<drawable>
		<name>moon_phase.xml</name>
		<arraytype>19</arraytype>
		<centerY>-73</centerY>
	</drawable>
	<drawable>
		<name>A_month.xml</name>
		<arraytype>3</arraytype>
	</drawable>
	<drawable>
		<name>A_WD.xml</name>
		<arraytype>5</arraytype>
	</drawable>
	<drawable>
		<name>A_DAY.xml</name>
		<arraytype>4</arraytype>
		<centerY>110</centerY>
	</drawable>
	<drawable>
		<name>12_ticks.png</name>
	</drawable>
	<drawable>
		<name>HH.png</name>
		<rotate>1</rotate>
	</drawable>
	<drawable>
		<name>MH.png</name>
		<rotate>2</rotate>
	</drawable>
	<drawable>
		<name>SH.png</name>
		<rotate>3</rotate>
	</drawable>
	<drawable>
		<name>SH_center.png</name>
		<rotate>3</rotate>
	</drawable>
<!--COMMENTED BY ClockSkinMaker
<metadata gui='rra' version='2.0.0.2'/>
-->
</clockskin>