<?xml version="1.0" encoding="utf-8"?>
<clockskin>
	<drawable>
		<name>ouygy.png</name>
		<rotate>3</rotate>
	</drawable>
	<drawable>
		<name>c2_2.png</name>
		<rotate>3</rotate>
		<centerX>87</centerX>
		<centerY>122</centerY>
	</drawable>
	<drawable>
		<name>c2.png</name>
		<rotate>3</rotate>
		<mulrotate>7</mulrotate>
	</drawable>
	<drawable>
		<name>34324_1.png</name>
		<rotate>3</rotate>
	</drawable>
	<drawable>
		<name>34324.png</name>
		<rotate>3</rotate>
		<centerX>-93</centerX>
	</drawable>
	<drawable>
		<name>c1_4_1.png</name>
		<rotate>3</rotate>
		<centerX>105</centerX>
		<centerY>-18</centerY>
		<direction>1</direction>
		<mulrotate>3</mulrotate>
	</drawable>
	<drawable>
		<name>c1_6_1.png</name>
		<rotate>3</rotate>
		<centerX>60</centerX>
		<centerY>62</centerY>
		<direction>2</direction>
	</drawable>
	<drawable>
		<name>c1_6.png</name>
		<rotate>3</rotate>
		<centerX>126</centerX>
		<centerY>49</centerY>
		<direction>1</direction>
		<mulrotate>3</mulrotate>
	</drawable>
	<drawable>
		<name>c1_4.png</name>
		<rotate>3</rotate>
		<centerX>11</centerX>
		<centerY>107</centerY>
	</drawable>
	<drawable>
		<name>11.png</name>
	</drawable>
	<drawable>
		<name>bat_1_1_1_1.xml</name>
		<arraytype>12</arraytype>
		<centerX>18</centerX>
		<centerY>124</centerY>
	</drawable>
	<drawable>
		<name>bat_1.xml</name>
		<arraytype>6</arraytype>
		<centerX>-85</centerX>
		<centerY>102</centerY>
	</drawable>
	<drawable>
		<name>bat_1_1.xml</name>
		<arraytype>13</arraytype>
		<centerX>104</centerX>
		<centerY>-96</centerY>
	</drawable>
	<drawable>
		<name>bat.xml</name>
		<arraytype>14</arraytype>
		<centerX>152</centerX>
	</drawable>
	<drawable>
		<name>da.xml</name>
		<arraytype>5</arraytype>
		<centerX>-131</centerX>
		<centerY>47</centerY>
	</drawable>
	<drawable>
		<name>bat_1_1_1_1_11.xml</name>
		<arraytype>4</arraytype>
		<centerX>-91</centerX>
		<centerY>-1</centerY>
	</drawable>
	<drawable>
		<arraytype>99</arraytype>
		<centerX>-23</centerX>
		<centerY>163</centerY>
	</drawable>
	<drawable>
		<name>kal.xml</name>
		<arraytype>54</arraytype>
		<centerX>34</centerX>
		<centerY>-81</centerY>
	</drawable>
	<drawable>
		<name>22.png</name>
		<rotate>1</rotate>
	</drawable>
	<drawable>
		<name>23.png</name>
		<rotate>2</rotate>
	</drawable>
	<drawable>
		<name>24.png</name>
		<rotate>3</rotate>
	</drawable>













<drawable>
        <!--ALARM-->
        <arraytype>100</arraytype>
        <centerX>0</centerX>
        <centerY>0</centerY>
        <range>40</range>
        <cls>com.android.deskclock.DeskClock</cls>
        <pkg>com.android.deskclock</pkg>
    </drawable>



<drawable>
        <!--ALARM-->
        <arraytype>100</arraytype>
        <centerX>-87</centerX>
        <centerY>103</centerY>
        <range>40</range>
        <cls>com.android.deskclock.DeskClock</cls>
        <pkg>com.android.deskclock</pkg>
    </drawable>



<!--1 Music at Notes-->
    <drawable>
	<arraytype>100</arraytype>
	<centerX>0</centerX>
	<centerY>190</centerY>
	<range>40</range>
	<cls>com.android.music.MusicBrowserActivity</cls>
	<pkg>com.android.music</pkg>
    </drawable>


<!--3 Calendar at Date-->
    <drawable>
	<arraytype>100</arraytype>
	<centerX>-93</centerX>
	<centerY>0</centerY>
	<range>50</range>
	<cls>com.android.calendar.AllInOneActivity</cls>
	<pkg>com.google.android.calendar</pkg>
    </drawable>
    <drawable>
	<arraytype>100</arraytype>
	<centerX>-132</centerX>
	<centerY>48</centerY>
	<range>50</range>
	<cls>com.android.calendar.AllInOneActivity</cls>
	<pkg>com.google.android.calendar</pkg>
    </drawable>





<!--10 Power at Power-->
    <drawable>
	<arraytype>100</arraytype>
	<centerX>155</centerX>
	<centerY>0</centerY>
	<range>40</range>
	<cls>com.android.settings.Settings$PowerUsageSummaryActivity</cls>
	<pkg>com.android.settings</pkg>
    </drawable>





<!--14 Sports-->
    <drawable>
	<arraytype>100</arraytype>
	<centerX>14</centerX>
	<centerY>125</centerY>
	<range>30</range>
	<cls>it.nimarsolutions.rungpstracker.SplashActivity</cls>
        <pkg>it.nimarsolutions.rungpstracker</pkg>
    </drawable>




	
	
	  <drawable>
        <!--GOOGLE ASSISTANT-->
        <arraytype>100</arraytype>
        <centerX>0</centerX>
        <centerY>-150</centerY>
        <range>50</range>
        <cls>com.google.android.apps.googleassistant.AssistantActivity</cls>
        <pkg>com.google.android.apps.googleassistant</pkg>
    </drawable>
	
	 <drawable>
    <!--FITNESS-->
        <arraytype>100</arraytype>
        <centerX>32</centerX>
        <centerY>-82</centerY>
        <range>30</range>
        <cls>com.sprots.wiiteer.fitness.module.main.ui.MainActivity</cls>
        <pkg>com.sprots.wiiteer.fitness</pkg>
    </drawable>
	


 <!-- Contacts -->
    <drawable>
        <arraytype>100</arraytype>
        <centerX>-189</centerX>
        <centerY>0</centerY>
		<range>30</range>
    <cls>com.android.contacts.activities.PeopleActivity</cls>
    <pkg>com.android.contacts</pkg>
    </drawable>
	
	<!--15 Camera-->
    <drawable>
	<arraytype>100</arraytype>
	<centerX>189</centerX>
	<centerY>0</centerY>
	<range>30</range>
	<cls>com.android.camera.CameraLauncher</cls>
	<pkg>com.mediatek.camera</pkg>
    </drawable>
	
</clockskin>