<?xml version="1.0" encoding="utf-8"?>
<drawables>
	<image>da_sun.png</image>
	<image>da_mon.png</image>
	<image>da_tue.png</image>
	<image>da_wed.png</image>
	<image>da_thu.png</image>
	<image>da_fri.png</image>
	<image>da_sat.png</image>
<!--COMMENTED BY ClockSkinMaker
<metadata gui='rra' version='1.4.0.0' type='array_weekday' forecolor='FFFFFF' autoscale='1' font='Albertus Extra Bold' fontstyle='Bold' fontsize='13.55864'>
<content>SUN</content>
<content>MON</content>
<content>TUE</content>
<content>WED</content>
<content>THU</content>
<content>FRI</content>
<content>SAT</content>
</metadata>
-->
</drawables>