<?xml version="1.0" encoding="utf-8"?>
<clockskin>
	<drawable>
		<name>image1.png</name>
	</drawable>
	<drawable>
		<name>image2.png</name>
		<rotate>3</rotate>
		<mulrotate>1</mulrotate>
	</drawable>
	<drawable>
		<name>image3.png</name>
		<rotate>3</rotate>
		<direction>2</direction>
		<mulrotate>2</mulrotate>
	</drawable>
	<drawable>
		<name>digital1.xml</name>
		<arraytype>6</arraytype>
		<centerY>3</centerY>
	</drawable>
	<drawable>
		<name>digital2.xml</name>
		<arraytype>2</arraytype>
		<centerY>50</centerY>
	</drawable>
	<drawable>
		<name>digital3.xml</name>
		<arraytype>9</arraytype>
		<centerY>130</centerY>
	</drawable>
	<drawable>
		<name>digital4.xml</name>
		<arraytype>12</arraytype>
		<centerX>7</centerX>
		<centerY>-42</centerY>
	</drawable>
<!--COMMENTED BY ClockSkinMaker
<metadata gui='rra' version='1.6.0.0'/>
-->
</clockskin>