<?xml version="1.0" encoding="utf-8"?>
<clockskin>
	<drawable>
		<name>face.png</name>
	</drawable>
	<drawable>
		<name>markersblack2.png</name>
	</drawable>
	<drawable>
		<name>hourminute.xml</name>
		<arraytype>7</arraytype>
		<centerX>-83</centerX>
	</drawable>
	<drawable>
		<name>hourminute_1.xml</name>
		<arraytype>8</arraytype>
		<centerX>79</centerX>
	</drawable>
	<drawable>
		<name>day_1_1.xml</name>
		<arraytype>13</arraytype>
		<centerX>-74</centerX>
		<centerY>82</centerY>
	</drawable>
	<drawable>
		<name>step.xml</name>
		<arraytype>12</arraytype>
		<centerX>2</centerX>
		<centerY>116</centerY>
	</drawable>
	<drawable>
		<name>temp_array.xml</name>
		<arraytype>11</arraytype>
		<centerX>32</centerX>
		<centerY>-114</centerY>
	</drawable>
	<drawable>
		<name>day.xml</name>
		<arraytype>4</arraytype>
		<centerX>-88</centerX>
		<centerY>-66</centerY>
	</drawable>
	<drawable>
		<name>mot.xml</name>
		<arraytype>3</arraytype>
		<centerX>-17</centerX>
		<centerY>-65</centerY>
	</drawable>
	<drawable>
		<name>day_2.xml</name>
		<arraytype>16</arraytype>
		<centerX>71</centerX>
		<centerY>-66</centerY>
	</drawable>
	<drawable>
		<name>weather_array.xml</name>
		<arraytype>10</arraytype>
		<centerX>-21</centerX>
		<centerY>-113</centerY>
	</drawable>
	<drawable>
		<name>day_1.xml</name>
		<arraytype>9</arraytype>
		<centerX>80</centerX>
		<centerY>76</centerY>
	</drawable>
	<drawable>
		<name>heartbeat.png</name>
		<centerX>-108</centerX>
		<centerY>86</centerY>
	</drawable>
	<drawable>
		<name>step.png</name>
		<centerX>-62</centerX>
		<centerY>116</centerY>
	</drawable>
	<drawable>
		<name>battery_level.png</name>
		<centerX>54</centerX>
		<centerY>10</centerY>
	</drawable>
	<drawable>
		<name>blevel_matte.png</name>
		<rotate>6</rotate>
		<centerX>-1</centerX>
		<centerY>68</centerY>
	</drawable>
	<drawable>
		<name>battery_array .xml</name>
		<arraytype>14</arraytype>
		<centerX>-4</centerX>
		<centerY>84</centerY>
	</drawable>
	<drawable>
		<name>battery.png</name>
		<centerX>-1</centerX>
		<centerY>56</centerY>
	</drawable>
	<drawable>
		<name>img3827.png</name>
		<rotate>1</rotate>
	</drawable>
	<drawable>
		<name>img3824.png</name>
		<rotate>2</rotate>
	</drawable>
	<drawable>
		<name>img3829.png</name>
		<rotate>3</rotate>
	</drawable>
	<drawable>
		<name>img_top.png</name>
	</drawable>
<!--COMMENTED BY ClockSkinMaker
<metadata gui='rra' version='1.5.0.0'/>
-->
</clockskin>