<?xml version="1.0" encoding="utf-8"?>
<drawables>
	<image>mot_jan.png</image>
	<image>mot_feb.png</image>
	<image>mot_mar.png</image>
	<image>mot_apr.png</image>
	<image>mot_may.png</image>
	<image>mot_jun.png</image>
	<image>mot_jul.png</image>
	<image>mot_aug.png</image>
	<image>mot_sep.png</image>
	<image>mot_oct.png</image>
	<image>mot_nov.png</image>
	<image>mot_dec.png</image>
<!--COMMENTED BY ClockSkinMaker
<metadata gui='rra' version='1.5.0.0' type='array_month' forecolor='FFFFFF' autoscale='1' font='Advanced LED Board-7' fontstyle='Regular' fontsize='19,04762'>
<content>янв</content>
<content>фев</content>
<content>мар</content>
<content>апр</content>
<content>май</content>
<content>июн</content>
<content>июл</content>
<content>авг</content>
<content>сен</content>
<content>окт</content>
<content>ноя</content>
<content>дек</content>
</metadata>
-->
</drawables>