<?xml version="1.0" encoding="utf-8"?>
<clockskin>
	<drawable>
		<name>1.png</name>
	</drawable>
	<drawable>
		<name>ds.xml</name>
		<arraytype>4</arraytype>
		<centerX>4</centerX>
		<centerY>142</centerY>
	</drawable>
	<drawable>
		<name>m.xml</name>
		<arraytype>3</arraytype>
		<centerX>37</centerX>
		<centerY>143</centerY>
	</drawable>
	<drawable>
		<name>wd.xml</name>
		<arraytype>5</arraytype>
		<centerX>-36</centerX>
		<centerY>142</centerY>
	</drawable>
	<drawable>
		<name>steps.xml</name>
		<arraytype>12</arraytype>
		<centerX>40</centerX>
		<centerY>113</centerY>
	</drawable>
	<drawable>
		<name>hr.xml</name>
		<arraytype>13</arraytype>
		<centerX>111</centerX>
		<centerY>39</centerY>
	</drawable>
	<drawable>
		<name>kal.xml</name>
		<arraytype>54</arraytype>
		<centerX>95</centerX>
		<centerY>62</centerY>
	</drawable>
	<drawable>
		<name>dis.xml</name>
		<arraytype>60</arraytype>
		<centerX>67</centerX>
		<centerY>87</centerY>
	</drawable>
	<drawable>
		<arraytype>99</arraytype>
		<centerX>-148</centerX>
		<centerY>-66</centerY>
	</drawable>
	<drawable>
		<name>dd.png</name>
		<rotate>6</rotate>
		<centerX>-136</centerX>
	</drawable>
	<drawable>
		<name>temp.xml</name>
		<arraytype>11</arraytype>
		<centerX>95</centerX>
		<centerY>2</centerY>
	</drawable>
	<drawable>
		<name>weather_array.xml</name>
		<arraytype>10</arraytype>
		<centerX>134</centerX>
		<centerY>-16</centerY>
	</drawable>
	<drawable>
		<name>sec.xml</name>
		<arraytype>9</arraytype>
		<centerX>-200</centerX>
		<centerY>-1</centerY>
	</drawable>
	<drawable>
		<name>74.png</name>
		<rotate>1</rotate>
	</drawable>
	<drawable>
		<name>75.png</name>
		<rotate>2</rotate>
	</drawable>
	<drawable>
		<name>76.png</name>
	</drawable>






	





<drawable>
        <!--ALARM-->
        <arraytype>100</arraytype>
        <centerX>0</centerX>
        <centerY>0</centerY>
        <range>40</range>
        <cls>com.android.deskclock.DeskClock</cls>
        <pkg>com.android.deskclock</pkg>
    </drawable>







<!--1 Music at Notes-->
    <drawable>
	<arraytype>100</arraytype>
	<centerX>-111</centerX>
	<centerY>-109</centerY>
	<range>40</range>
	<cls>com.android.music.MusicBrowserActivity</cls>
	<pkg>com.android.music</pkg>
    </drawable>


<!--3 Calendar at Date-->
    <drawable>
	<arraytype>100</arraytype>
	<centerX>0</centerX>
	<centerY>147</centerY>
	<range>30</range>
	<cls>com.android.calendar.AllInOneActivity</cls>
	<pkg>com.google.android.calendar</pkg>
    </drawable>
   




<!--10 Power at Power-->
    <drawable>
	<arraytype>100</arraytype>
	<centerX>-18</centerX>
	<centerY>0</centerY>
	<range>50</range>
	<cls>com.android.settings.Settings$PowerUsageSummaryActivity</cls>
	<pkg>com.android.settings</pkg>
    </drawable>





<!--14 Sports-->
    <drawable>
	<arraytype>100</arraytype>
	<centerX>-20</centerX>
	<centerY>114</centerY>
	<range>30</range>
	<cls>it.nimarsolutions.rungpstracker.SplashActivity</cls>
        <pkg>it.nimarsolutions.rungpstracker</pkg>
    </drawable>




	
	
	  <drawable>
        <!--GOOGLE ASSISTANT-->
        <arraytype>100</arraytype>
        <centerX>121</centerX>
        <centerY>-48</centerY>
        <range>30</range>
        <cls>com.google.android.apps.googleassistant.AssistantActivity</cls>
        <pkg>com.google.android.apps.googleassistant</pkg>
    </drawable>
	
	 <drawable>
    <!--FITNESS-->
        <arraytype>100</arraytype>
        <centerX>35</centerX>
        <centerY>62</centerY>
        <range>30</range>
        <cls>com.sprots.wiiteer.fitness.module.main.ui.MainActivity</cls>
        <pkg>com.sprots.wiiteer.fitness</pkg>
    </drawable>
	


 <!-- Contacts -->
    <drawable>
        <arraytype>100</arraytype>
        <centerX>169</centerX>
        <centerY>44</centerY>
		<range>30</range>
    <cls>com.android.contacts.activities.PeopleActivity</cls>
    <pkg>com.android.contacts</pkg>
    </drawable>
	
	
	
	
	 <drawable>
    <!--WEATHER-->
        <arraytype>100</arraytype>
        <centerX>113</centerX>
        <centerY>-7</centerY>
        <range>40</range>
        <cls>com.android.watchweather.WeatherActivity</cls>
        <pkg>com.android.watchweather</pkg>
    </drawable>
	
	
	 <drawable>
    <!--heart_rate-->
       <arraytype>100</arraytype>
       <centerX>63</centerX>
       <centerY>35</centerY>
       <range>30</range>
       <cls>com.cenon.heartrate.HeartRateMonitorActivity</cls>
       <pkg>com.cenon.heartrate</pkg>
    </drawable>
	
	
	<!--17 Maps-->
    <drawable>
	<arraytype>100</arraytype>
	<centerX>5</centerX>
	<centerY>84</centerY>
	<range>40</range>
	<cls>com.google.android.maps.MapsActivity</cls>
        <pkg>com.google.android.apps.maps</pkg>
    </drawable>
	
	
	<!--16 Brightness -->
    <drawable>
	<arraytype>100</arraytype>
	<centerX>0</centerX>
	<centerY>-105</centerY>
	<range>50</range>
	<cls>com.android.systemui.settings.BrightnessDialog</cls>
	<pkg>com.android.systemui</pkg>
    </drawable>
	
</clockskin>