<?xml version="1.0" encoding="utf-8"?>
<drawables>
	<image>m_jan.png</image>
	<image>m_feb.png</image>
	<image>m_mar.png</image>
	<image>m_apr.png</image>
	<image>m_may.png</image>
	<image>m_jun.png</image>
	<image>m_jul.png</image>
	<image>m_aug.png</image>
	<image>m_sep.png</image>
	<image>m_oct.png</image>
	<image>m_nov.png</image>
	<image>m_dec.png</image>
<!--COMMENTED BY ClockSkinMaker
<metadata gui='rra' version='1.4.0.0' type='array_month' forecolor='00FF00' autoscale='1' font='DigifaceWide' fontstyle='Regular' fontsize='11.54401'>
<content>Jan</content>
<content>Feb</content>
<content>Mar</content>
<content>Apr</content>
<content>May</content>
<content>Jun</content>
<content>Jul</content>
<content>Aug</content>
<content>Sep</content>
<content>Oct</content>
<content>Nov</content>
<content>Dec</content>
</metadata>
-->
</drawables>