<?xml version="1.0" encoding="utf-8"?>
<drawables>
	<image>42_1.png</image>
	<image>43_1.png</image>
	<image>44.png</image>
	<image>45.png</image>
	<image>46.png</image>
	<image>47.png</image>
	<image>48.png</image>
	<image>49.png</image>
	<image>50.png</image>
	<image>51.png</image>
	<image>52.png</image>
	<image>53.png</image>
<!--COMMENTED BY ClockSkinMaker
<metadata gui='rra' version='1.6.0.0' type='array_battery_level' autoscale='1' font='Times New Roman' fontstyle='Regular' fontsize='7.202815'>
<content>0</content>
<content>1</content>
<content>2</content>
<content>3</content>
<content>4</content>
<content>5</content>
<content>6</content>
<content>7</content>
<content>8</content>
<content>9</content>
<content></content>
<content>%</content>
</metadata>
-->
</drawables>