<?xml version="1.0" encoding="utf-8"?>
<drawables>
	<image>sec1.png</image>
	<image>sec2.png</image>
	<image>sec3.png</image>
	<image>sec4.png</image>
	<image>sec5.png</image>
	<image>sec5.png</image>
	<image>sec4.png</image>
	<image>sec3.png</image>
	<image>sec2.png</image>
	<image>sec1.png</image>
	<image>sec5.png</image>
	<image>sec5.png</image>
<!--COMMENTED BY ClockSkinMaker
<metadata gui='rra' version='1.6.0.0' type='array_battery_level' autoscale='1' font='Times New Roman' fontstyle='Regular' fontsize='7.202815'>
<content>0</content>
<content>1</content>
<content>2</content>
<content>3</content>
<content>4</content>
<content>5</content>
<content>6</content>
<content>7</content>
<content>8</content>
<content>9</content>
<content></content>
<content>%</content>
</metadata>
-->
</drawables>