<?xml version="1.0" encoding="utf-8"?>
<clockskin>
	<drawable>
		<name>des55.png</name>
	</drawable>
	<drawable>
		<name>hm.xml</name>
		<arraytype>6</arraytype>
		<centerX>-22</centerX>
		<centerY>32</centerY>
	</drawable>
	<drawable>
		<name>wd.xml</name>
		<arraytype>5</arraytype>
		<centerX>60</centerX>
		<centerY>-65</centerY>
	</drawable>
	<drawable>
		<name>SEC.xml</name>
		<arraytype>9</arraytype>
		<centerX>114</centerX>
		<centerY>56</centerY>
	</drawable>
	<drawable>
		<name>AM&amp;PM.xml</name>
		<arraytype>6</arraytype>
		<centerX>114</centerX>
		<centerY>10</centerY>
	</drawable>
	<drawable>
		<name>DM.xml</name>
		<arraytype>2</arraytype>
		<centerX>-65</centerX>
		<centerY>-64</centerY>
	</drawable>
	<drawable>
		<name>STEP_1.xml</name>
		<arraytype>12</arraytype>
		<centerX>-38</centerX>
		<centerY>-130</centerY>
	</drawable>
	<drawable>
		<name>STEP.xml</name>
		<arraytype>13</arraytype>
		<centerX>74</centerX>
		<centerY>-130</centerY>
	</drawable>
	<drawable>
		<name>DIS_1.xml</name>
		<arraytype>60</arraytype>
		<centerX>83</centerX>
		<centerY>127</centerY>
	</drawable>
	<drawable>
		<name>DIS.xml</name>
		<arraytype>54</arraytype>
		<centerX>-41</centerX>
		<centerY>124</centerY>
	</drawable>
	<drawable>
		<name>SEC_1T.xml</name>
		<arraytype>14</arraytype>
		<centerX>134</centerX>
		<centerY>91</centerY>
	</drawable>
	<drawable>
		<name>SEC - Copy.xml</name>
		<arraytype>9</arraytype>
		<centerX>-200</centerX>
	</drawable>
	<drawable>
		<arraytype>99</arraytype>
		<centerX>-21</centerX>
		<centerY>85</centerY>
	</drawable>
	<drawable>
		<name>BATTARY.xml</name>
		<arraytype>14</arraytype>
		<centerX>200</centerX>
	</drawable>
<!--COMMENTED BY ClockSkinMaker
<metadata gui='rra' version='1.4.0.0'/>
-->
</clockskin>