<?xml version="1.0" encoding="utf-8"?>
<drawables>
	<image>nedel_sun.png</image>
	<image>nedel_mon.png</image>
	<image>nedel_tue.png</image>
	<image>nedel_wed.png</image>
	<image>nedel_thu.png</image>
	<image>nedel_fri.png</image>
	<image>nedel_sat.png</image>
<!--COMMENTED BY ClockSkinMaker
<metadata gui='rra' version='1.4.0.0' type='array_weekday' forecolor='FFFFFF' autoscale='1' font='Century Gothic' fontstyle='Bold' fontsize='19,79541'>
<content>ВСК</content>
<content>ПНД</content>
<content>ВТР</content>
<content>СРД</content>
<content>ЧТВ</content>
<content>ПТН</content>
<content>СБТ</content>
</metadata>
-->
</drawables>