<?xml version="1.0" encoding="utf-8"?>
<clockskin>
	<drawable>
		<name>Back_2.png</name>
		<rotate>3</rotate>
		<mulrotate>6</mulrotate>
	</drawable>
	<drawable>
		<name>60 ticks_lite_2.png</name>
	</drawable>
	<drawable>
		<name>Figures hatch gold.png</name>
	</drawable>
	<drawable>
		<name>Figures_dark.png</name>
	</drawable>
	<drawable>
		<name>Batt and day bases.png</name>
	</drawable>
	<drawable>
		<name>Hatch_2.png</name>
	</drawable>
	<drawable>
		<name>Batt base.png</name>
	</drawable>
	<drawable>
		<name>Batt rotate.png</name>
		<rotate>6</rotate>
		<centerY>-55</centerY>
	</drawable>
	<drawable>
		<name>A day.xml</name>
		<arraytype>4</arraytype>
		<centerX>1</centerX>
		<centerY>91</centerY>
	</drawable>
	<drawable>
		<name>Figures rings.png</name>
	</drawable>
	<drawable>
		<name>HH_green.png</name>
		<rotate>1</rotate>
	</drawable>
	<drawable>
		<name>MH_green.png</name>
		<rotate>2</rotate>
	</drawable>
	<drawable>
		<name>SH shadow .png</name>
		<rotate>10</rotate>
		<centerX>5</centerX>
		<centerY>5</centerY>
	</drawable>
	<drawable>
		<name>SH.png</name>
		<rotate>3</rotate>
	</drawable>
<!--COMMENTED BY ClockSkinMaker
<metadata gui='rra' version='2.0.0.2'/>
-->
</clockskin>