<?xml version="1.0" encoding="utf-8"?>
<clockskin>
	<drawable>
		<name>24.png</name>
		<rotate>7</rotate>
		<centerX>-1</centerX>
		<centerY>-12</centerY>
	</drawable>
	<drawable>
		<name>Figures base.png</name>
	</drawable>
	<drawable>
		<name>Figures base_2.png</name>
	</drawable>
	<drawable>
		<name>Base all.png</name>
	</drawable>
	<drawable>
		<name>Hatch.png</name>
	</drawable>
	<drawable>
		<name>Figures.png</name>
	</drawable>
	<drawable>
		<name>Ring.png</name>
	</drawable>
	<drawable>
		<name>batt day base.png</name>
		<centerY>-2</centerY>
	</drawable>
	<drawable>
		<name>batt figures.png</name>
		<centerY>-3</centerY>
	</drawable>
	<drawable>
		<name>batt rotate red.png</name>
		<rotate>6</rotate>
		<centerY>102</centerY>
	</drawable>
	<drawable>
		<name>A_day.xml</name>
		<arraytype>4</arraytype>
		<centerX>1</centerX>
		<centerY>144</centerY>
	</drawable>
	<drawable>
		<name>batt day base frame.png</name>
		<centerY>-2</centerY>
	</drawable>
	<drawable>
		<name>moon_phase.xml</name>
		<arraytype>19</arraytype>
		<centerY>-70</centerY>
	</drawable>
	<drawable>
		<name>MP frame.png</name>
		<centerY>-1</centerY>
	</drawable>
	<drawable>
		<name>HH_2.png</name>
		<rotate>1</rotate>
	</drawable>
	<drawable>
		<name>MH_2.png</name>
		<rotate>2</rotate>
	</drawable>
	<drawable>
		<name>SH.png</name>
		<rotate>3</rotate>
	</drawable>
	<drawable>
		<name>Black Mask.png</name>
	</drawable>
<!--COMMENTED BY ClockSkinMaker
<metadata gui='rra' version='2.0.0.2'/>
-->
</clockskin>