<?xml version="1.0" encoding="utf-8"?>
<clockskin>
	<drawable>
		<name>back_center-01.png</name>
	</drawable>
	<drawable>
		<name>back_shadow-01_ps.png</name>
	</drawable>
	<drawable>
		<name>back_symb-01.png</name>
	</drawable>
	<drawable>
		<name>date_LF.xml</name>
		<arraytype>4</arraytype>
		<centerX>-54</centerX>
		<centerY>-93</centerY>
	</drawable>
	<drawable>
		 <name>date_LF_HM.xml</name> 
 		<arraytype>6</arraytype> 
 		<centerX>-12</centerX> 
 		<centerY>3</centerY> 
 	</drawable>
	<drawable>
		<name>date_LF_sec.xml</name>
		<arraytype>9</arraytype>
		<centerX>58</centerX>
		<centerY>92</centerY>
	</drawable>
	<drawable>
		<name>weekday_array_LF.xml</name>
		<arraytype>5</arraytype>
		<centerX>50</centerX>
		<centerY>-97</centerY>
	</drawable>
<!--COMMENTED BY ClockSkinMaker
<metadata gui='rra' version='1.4.0.0'/>
-->
</clockskin>