<?xml version="1.0" encoding="utf-8"?>
<drawables>
	<image>HM_00-01.png</image>
	<image>HM_01-01.png</image>
	<image>HM_02-01.png</image>
	<image>HM_03-01.png</image>
	<image>HM_04-01.png</image>
	<image>HM_05-01.png</image>
	<image>HM_06-01.png</image>
	<image>HM_07-01.png</image>
	<image>HM_08-01.png</image>
	<image>HM_09-01.png</image>
	<image>Col_HM-01.png</image>
<!--COMMENTED BY ClockSkinMaker
<metadata gui='rra' version='1.4.8.0' type='array_day' forecolor='FFFFFF' autoscale='1' font='Times New Roman' fontstyle='Regular' fontsize='21.67196'>
<content>0</content>
<content>1</content>
<content>2</content>
<content>3</content>
<content>4</content>
<content>5</content>
<content>6</content>
<content>7</content>
<content>8</content>
<content>9</content>
<content>/</content>
</metadata>
-->
</drawables>