<?xml version="1.0" encoding="utf-8"?>
<clockskin>
	<drawable>
		<name>TEXT_SAN.png</name>
		<centerY>12</centerY>
	</drawable>
	<drawable>
		<name>TICKS.png</name>
	</drawable>
	<drawable>
		<name>TEXT BACK.png</name>
		<rotate>3</rotate>
		<centerY>-44</centerY>
		<mulrotate>10</mulrotate>
	</drawable>
	<drawable>
		<name>FRAMES WITH SAN.png</name>
	</drawable>
	<drawable>
		<name>FIGURES.png</name>
	</drawable>
	<drawable>
		<name>BATT DAY BASE.png</name>
		<centerY>-4</centerY>
	</drawable>
	<drawable>
		<name>Array Day.xml</name>
		<arraytype>4</arraytype>
		<centerY>155</centerY>
	</drawable>
	<drawable>
		<name>Batt rotate.png</name>
		<rotate>6</rotate>
		<centerY>113</centerY>
	</drawable>
	<drawable>
		<name>WD.xml</name>
		<arraytype>5</arraytype>
	</drawable>
	<drawable>
		<name>M.xml</name>
		<arraytype>3</arraytype>
	</drawable>
	<drawable>
		<name>LEAVES.png</name>
	</drawable>
	<drawable>
		<name>HH.png</name>
		<rotate>1</rotate>
	</drawable>
	<drawable>
		<name>MH.png</name>
		<rotate>2</rotate>
	</drawable>
	<drawable>
		<name>MH_2.png</name>
		<rotate>2</rotate>
	</drawable>
	<drawable>
		<name>SH.png</name>
		<rotate>3</rotate>
	</drawable>
<!--COMMENTED BY ClockSkinMaker
<metadata gui='rra' version='2.0.0.2'/>
-->
</clockskin>