<?xml version="1.0" encoding="utf-8"?>
<clockskin>
	<drawable>
		<name>watch_wm_01_bejing.png</name>
	</drawable>
	<drawable>
		<name>image2.png</name>
		<rotate>3</rotate>
		<mulrotate>1</mulrotate>
	</drawable>
	<drawable>
		<name>hour.xml</name>
		<arraytype>7</arraytype>
		<centerX>-70</centerX>
	</drawable>
	<drawable>
		<name>division_sign.xml</name>
		<arraytype>6</arraytype>
		<centerY>-20</centerY>
	</drawable>
	<drawable>
		<name>minute.xml</name>
		<arraytype>8</arraytype>
		<centerX>70</centerX>
	</drawable>
	<drawable>
		<name>weekday_array.xml</name>
		<arraytype>5</arraytype>
		<centerY>-95</centerY>
	</drawable>
	<drawable>
		<name>month_array.xml</name>
		<arraytype>3</arraytype>
		<centerX>57</centerX>
		<centerY>99</centerY>
	</drawable>
	<drawable>
		<name>day_array.xml</name>
		<arraytype>4</arraytype>
		<centerX>99</centerX>
		<centerY>99</centerY>
	</drawable>
	<drawable>
		<name>txt_energy.png</name>
		<centerX>-90</centerX>
		<centerY>94</centerY>
	</drawable>
	<drawable>
		<name>battery_array.xml</name>
		<arraytype>14</arraytype>
		<centerX>-90</centerX>
		<centerY>110</centerY>
	</drawable>
<!--COMMENTED BY ClockSkinMaker
<metadata gui='rra' version='1.4.0.0'/>
-->
</clockskin>