<?xml version="1.0" encoding="utf-8"?>
<clockskin>
	<drawable>
		<name>mario_array.xml</name>
		<arraytype>9</arraytype>
		<centerX>-200</centerX>
		<centerY>-1</centerY>
	</drawable>
	<drawable>
		<name>hourminute.xml</name>
		<arraytype>6</arraytype>
		<centerX>6</centerX>
		<centerY>-105</centerY>
	</drawable>
	<drawable>
		<name>second.xml</name>
		<arraytype>9</arraytype>
		<centerX>103</centerX>
		<centerY>-35</centerY>
	</drawable>
	<drawable>
		<color>1</color>
		<arraytype>99</arraytype>
		<centerX>70</centerX>
		<centerY>10</centerY>
	</drawable>
	<drawable>
		<name>month.xml</name>
		<arraytype>3</arraytype>
		<centerX>-83</centerX>
		<centerY>-35</centerY>
	</drawable>
	<drawable>
		<name>day.xml</name>
		<arraytype>4</arraytype>
		<centerX>-83</centerX>
		<centerY>5</centerY>
	</drawable>
	<drawable>
		<name>battery.xml</name>
		<arraytype>14</arraytype>
		<centerX>102</centerX>
		<centerY>137</centerY>
	</drawable>
<!--COMMENTED BY ClockSkinMaker
<metadata gui='rra' version='1.6.0.0'/>
-->
</clockskin>