<?xml version="1.0" encoding="utf-8"?>
<clockskin>
	<drawable>
		<name>Batt rotate.png</name>
		<rotate>6</rotate>
	</drawable>
	<drawable>
		<name>Base_dark.png</name>
	</drawable>
	<drawable>
		<name>Hatch.png</name>
	</drawable>
	<drawable>
		<name>Figures.png</name>
	</drawable>
	<drawable>
		<name>Frames.png</name>
	</drawable>
	<drawable>
		<name>12 STARS.png</name>
	</drawable>
	<drawable>
		<name>Day WD base_dark.png</name>
	</drawable>
	<drawable>
		<name>WD_base.png</name>
	</drawable>
	<drawable>
		<name>WD.xml</name>
		<arraytype>5</arraytype>
	</drawable>
	<drawable>
		<name>Batt indic base_dark.png</name>
	</drawable>
	<drawable>
		<name>Day.xml</name>
		<arraytype>4</arraytype>
		<centerY>111</centerY>
	</drawable>
	<drawable>
		<name>PR.png</name>
	</drawable>
	<drawable>
		<name>HH_new.png</name>
		<rotate>1</rotate>
	</drawable>
	<drawable>
		<name>MH_new.png</name>
		<rotate>2</rotate>
	</drawable>
	<drawable>
		<name>SH.png</name>
		<rotate>3</rotate>
	</drawable>
	<drawable>
		<name>center.png</name>
		<rotate>3</rotate>
	</drawable>
<!--COMMENTED BY ClockSkinMaker
<metadata gui='rra' version='2.0.0.2'/>
-->
</clockskin>