<?xml version="1.0" encoding="utf-8"?>
<clockskin>
	<drawable>
		<name>di.png</name>
	</drawable>
	<drawable>
		<name>weather_array.xml</name>
		<arraytype>10</arraytype>
		<centerY>-90</centerY>
	</drawable>
	<drawable>
		<name>h.png</name>
		<rotate>1</rotate>
	</drawable>
	<drawable>
		<name>m.png</name>
		<rotate>2</rotate>
	</drawable>
	<drawable>
		<name>s.png</name>
		<rotate>3</rotate>
	</drawable>
<!--COMMENTED BY ClockSkinMaker
<metadata gui='rra' version='1.6.0.0'/>
-->
</clockskin>