<?xml version="1.0" encoding="utf-8"?>
<clockskin>
	<drawable>
		<name>back_1.png</name>
	</drawable>
	<drawable>
		<arraytype>99</arraytype>
		<centerX>-25</centerX>
		<centerY>119</centerY>
	</drawable>
	<drawable>
		<name>dmh.png</name>
		<rotate>2</rotate>
		<centerX>86</centerX>
		<centerY>15</centerY>
	</drawable>
	<drawable>
		<name>dh.png</name>
		<rotate>7</rotate>
		<centerX>87</centerX>
		<centerY>15</centerY>
	</drawable>
	<drawable>
		<name>dh_1.png</name>
		<rotate>3</rotate>
		<centerX>-86</centerX>
		<centerY>15</centerY>
	</drawable>
	<drawable>
		<name>bh.png</name>
		<rotate>6</rotate>
		<centerY>90</centerY>
	</drawable>
	<drawable>
		<name>mh.png</name>
		<rotate>2</rotate>
	</drawable>
	<drawable>
		<name>hh.png</name>
		<rotate>1</rotate>
	</drawable>
	<drawable>
		<name>sh.png</name>
		<rotate>3</rotate>
	</drawable>
<!--COMMENTED BY ClockSkinMaker
<metadata gui='rra' version='1.4.8.0'/>
-->
</clockskin>