<?xml version="1.0" encoding="utf-8"?>
<clockskin>
	<drawable>
		<name>Second head.png</name>
		<rotate>3</rotate>
		<mulrotate>10</mulrotate>
	</drawable>
	<drawable>
		<name>BATT ROTATE RING.png</name>
		<rotate>6</rotate>
		<centerY>-3</centerY>
		<direction>2</direction>
	</drawable>
	<drawable>
		<name>Base_2.png</name>
	</drawable>
	<drawable>
		<name>Hour.xml</name>
		<arraytype>7</arraytype>
		<centerX>-58</centerX>
		<centerY>-9</centerY>
	</drawable>
	<drawable>
		<name>Minutes.xml</name>
		<arraytype>8</arraytype>
		<centerX>110</centerX>
		<centerY>-54</centerY>
	</drawable>
	<drawable>
		<name>Seconds.xml</name>
		<arraytype>9</arraytype>
		<centerX>110</centerX>
		<centerY>38</centerY>
	</drawable>
	<drawable>
		<name>WD.xml</name>
		<arraytype>5</arraytype>
		<centerY>-136</centerY>
	</drawable>
	<drawable>
		<name>MONTH.xml</name>
		<arraytype>3</arraytype>
		<centerX>-52</centerX>
		<centerY>117</centerY>
	</drawable>
	<drawable>
		<name>DAY.xml</name>
		<arraytype>4</arraytype>
		<centerX>63</centerX>
		<centerY>118</centerY>
	</drawable>
	<drawable>
		<arraytype>99</arraytype>
		<centerX>-27</centerX>
		<centerY>160</centerY>
	</drawable>
<!--COMMENTED BY ClockSkinMaker
<metadata gui='rra' version='2.0.0.2'/>
-->
</clockskin>