<?xml version="1.0" encoding="utf-8"?>
<clockskin>
	<drawable>
		<name>di.png</name>
	</drawable>
	<drawable>
		<name>day.xml</name>
		<arraytype>4</arraytype>
		<centerX>115</centerX>
	</drawable>
	<drawable>
		<name>a80d90274a614c43b31e92a19da2d5c0.png</name>
		<rotate>1</rotate>
	</drawable>
	<drawable>
		<name>a052166aa81e4adaa362d8896c5ea6a1.png</name>
		<rotate>2</rotate>
	</drawable>
	<drawable>
		<name>1e47b244e05b420bb0ec9f83f8bf9c19.png</name>
		<rotate>3</rotate>
	</drawable>
<!--COMMENTED BY ClockSkinMaker
<metadata gui='rra' version='1.6.0.0'/>
-->
</clockskin>