<?xml version="1.0" encoding="utf-8"?>
<clockskin>
	<drawable>
		<name>400a.png</name>
	</drawable>
	<drawable>
		<name>week.xml</name>
		<arraytype>5</arraytype>
		<centerX>-120</centerX>
		<centerY>69</centerY>
	</drawable>
	<drawable>
		<name>day.xml</name>
		<arraytype>4</arraytype>
		<centerX>122</centerX>
		<centerY>70</centerY>
	</drawable>
	<drawable>
		<name>batt.xml</name>
		<arraytype>14</arraytype>
		<centerX>-4</centerX>
		<centerY>-136</centerY>
	</drawable>
	<drawable>
		<name>hand.png</name>
		<rotate>1</rotate>
	</drawable>
	<drawable>
		<name>minute.png</name>
		<rotate>2</rotate>
	</drawable>
	<drawable>
		<name>second.png</name>
		<rotate>3</rotate>
	</drawable>
<!--COMMENTED BY ClockSkinMaker
<metadata gui='rra' version='1.4.0.0'/>
-->
</clockskin>