<?xml version="1.0" encoding="utf-8"?>
<drawables>
	<image>week_sun.png</image>
	<image>week_mon.png</image>
	<image>week_tue.png</image>
	<image>week_wed.png</image>
	<image>week_thu.png</image>
	<image>week_fri.png</image>
	<image>week_sat.png</image>
<!--COMMENTED BY ClockSkinMaker
<metadata gui='rra' version='1.4.0.0' type='array_weekday' autoscale='0' font='Steelfish(RUS BY LYAJKA)' fontstyle='Bold' fontsize='56,25'>
<content forecolor='CA0000'>SU</content>
<content>MO</content>
<content>TU</content>
<content>WE</content>
<content>TH</content>
<content>FR</content>
<content>SA</content>
</metadata>
-->
</drawables>