<clockskin>
    <drawable>
        <name>image1.png</name>
    </drawable>
    <drawable>
        <name>digital1.xml</name>
        <arraytype>6</arraytype>
        <centerX>-77</centerX>
        <centerY>-78</centerY>
    </drawable>
    <drawable>
        <name>digital2.xml</name>
        <arraytype>9</arraytype>
        <centerX>61</centerX>
        <centerY>-84</centerY>
    </drawable>
    <drawable>
        <name>digital3.xml</name>
        <arraytype>1</arraytype>
        <centerX>-109</centerX>
        <centerY>-19</centerY>
    </drawable>
    <drawable>
        <name>digital4.xml</name>
        <arraytype>5</arraytype>
        <centerX>-159</centerX>
        <centerY>15</centerY>
    </drawable>
</clockskin>
