<?xml version="1.0" encoding="utf-8"?>
<clockskin>
	<drawable>
		<name>fon.png</name>
	</drawable>
	<drawable>
		<name>ferrari.png</name>
		<rotate>6</rotate>
		<centerY>90</centerY>
		<mulrotate>2</mulrotate>
	</drawable>
	<drawable>
		<name>moon_phase.xml</name>
		<arraytype>19</arraytype>
		<centerX>-101</centerX>
	</drawable>
	<drawable>
		<name>hm.xml</name>
		<arraytype>6</arraytype>
		<centerX>116</centerX>
	</drawable>
	<drawable>
		<name>st.xml</name>
		<arraytype>12</arraytype>
		<centerX>99</centerX>
		<centerY>77</centerY>
	</drawable>
	<drawable>
		<name>puls.xml</name>
		<arraytype>13</arraytype>
		<centerX>-91</centerX>
		<centerY>107</centerY>
	</drawable>
	<drawable>
		<name>den.xml</name>
		<arraytype>4</arraytype>
		<centerY>-113</centerY>
	</drawable>
	<drawable>
		<name>nedel.xml</name>
		<arraytype>5</arraytype>
		<centerX>-70</centerX>
		<centerY>-110</centerY>
	</drawable>
	<drawable>
		<name>MES.xml</name>
		<arraytype>3</arraytype>
		<centerX>82</centerX>
		<centerY>-110</centerY>
	</drawable>
	<drawable>
		<name>img23663.png</name>
		<rotate>1</rotate>
	</drawable>
	<drawable>
		<name>img23664.png</name>
		<rotate>2</rotate>
	</drawable>
	<drawable>
		<name>clock_skin_second.png</name>
		<rotate>3</rotate>
	</drawable>
<!--COMMENTED BY ClockSkinMaker
<metadata gui='rra' version='1.4.0.0'/>
-->
</clockskin>