<?xml version="1.0" encoding="utf-8"?>
<drawables>
	<image>MES_jan.png</image>
	<image>MES_feb.png</image>
	<image>MES_mar.png</image>
	<image>MES_apr.png</image>
	<image>MES_may.png</image>
	<image>MES_jun.png</image>
	<image>MES_jul.png</image>
	<image>MES_aug.png</image>
	<image>MES_sep.png</image>
	<image>MES_oct.png</image>
	<image>MES_nov.png</image>
	<image>MES_dec.png</image>
<!--COMMENTED BY ClockSkinMaker
<metadata gui='rra' version='1.4.0.0' type='array_month' forecolor='FFFFFF' autoscale='1' font='Century Gothic' fontstyle='Bold' fontsize='19,79541'>
<content>ЯНВ</content>
<content>ФЕВ</content>
<content>МАР</content>
<content>АПР</content>
<content>МАЙ</content>
<content>ИЮН</content>
<content>ИЮЛ</content>
<content>АВГ</content>
<content>СЕН</content>
<content>ОКТ</content>
<content>НОЯ</content>
<content>ДЕК</content>
</metadata>
-->
</drawables>