<?xml version="1.0" encoding="utf-8"?>
<drawables>
	<image>bat01.png</image>
	<image>bat02.png</image>
	<image>bat03.png</image>
	<image>bat04.png</image>
	<image>bat05.png</image>
	<image>bat06.png</image>
	<image>bat07.png</image>
	<image>bat08.png</image>
	<image>bat09.png</image>
	<image>bat10.png</image>
	<image>bat_lead.png</image>
	<image>bat_percent.png</image>
<metadata gui='rra' version='1.6.0.0' type='array_battery_level' autoscale='1' font='Times New Roman' fontstyle='Regular' fontsize='7.202815'>
<content>0</content>
<content>1</content>
<content>2</content>
<content>3</content>
<content>4</content>
<content>5</content>
<content>6</content>
<content>7</content>
<content>8</content>
<content>9</content>
<content></content>
<content>%</content>
</metadata>
-->
</drawables>