<clockskin>
    <drawable>
        <name>image1.png</name>
    </drawable>
    <drawable>
	<name>BATTERY_1.xml</name>
	<arraytype>14</arraytype>
	<centerX>92</centerX>
	<centerY>90</centerY>
    </drawable>
    <drawable>
	<name>BATTERY.xml</name>
	<arraytype>14</arraytype>
	<centerX>203</centerX>
	<centerY>10</centerY>
    </drawable>
    <drawable>
        <name>digital1.xml</name>
        <arraytype>13</arraytype>
        <centerX>-39</centerX>
        <centerY>128</centerY>
    </drawable>
    <drawable>
        <name>digital2.xml</name>
        <arraytype>5</arraytype>
        <centerX>-39</centerX>
        <centerY>-81</centerY>
    </drawable>
    <drawable>
        <name>digital3.xml</name>
        <arraytype>6</arraytype>
        <centerX>-43</centerX>
        <centerY>-2</centerY>
    </drawable>
    <drawable>
        <name>digital4.xml</name>
        <arraytype>12</arraytype>
        <centerX>-65</centerX>
        <centerY>87</centerY>
    </drawable>
    <drawable>
        <name>digital5.xml</name>
        <arraytype>9</arraytype>
        <centerX>108</centerX>
        <centerY>-8</centerY>
    </drawable>
    <drawable>
        <name>digital6.xml</name>
        <arraytype>4</arraytype>
        <centerX>91</centerX>
        <centerY>-85</centerY>
    </drawable>
    <drawable>
        <name>image2.png</name>
        <centerX>0</centerX>
        <centerY>0</centerY>
    </drawable>
</clockskin>
