<?xml version="1.0" encoding="utf-8"?>
<clockskin>
	<drawable>
		<name>Hatch.png</name>
	</drawable>
	<drawable>
		<name>Figures_2.png</name>
	</drawable>
	<drawable>
		<name>60 ticks.png</name>
	</drawable>
	<drawable>
		<name>Day base beige.png</name>
		<centerY>2</centerY>
	</drawable>
	<drawable>
		<name>Batt and WD bases beige_2.png</name>
	</drawable>
	<drawable>
		<name>Batt and WD data black.png</name>
	</drawable>
	<drawable>
		<name>Batt and WD bases mask.png</name>
	</drawable>
	<drawable>
		<name>Batt rotate.png</name>
		<rotate>6</rotate>
		<centerX>-118</centerX>
		<centerY>-69</centerY>
		<direction>2</direction>
	</drawable>
	<drawable>
		<name>60 ticks frame.png</name>
	</drawable>
	<drawable>
		<name>Bolt heads.png</name>
		<centerY>2</centerY>
	</drawable>
	<drawable>
		<name>DAY.xml</name>
		<arraytype>4</arraytype>
		<centerY>86</centerY>
	</drawable>
	<drawable>
		<name>WD.xml</name>
		<arraytype>5</arraytype>
	</drawable>
	<drawable>
		<name>Day base beige frame.png</name>
		<centerY>2</centerY>
	</drawable>
	<drawable>
		<name>Batt and WD bases frame wight.png</name>
	</drawable>
	<drawable>
		<name>wd center.png</name>
		<centerX>118</centerX>
		<centerY>-68</centerY>
	</drawable>
	<drawable>
		<name>HH_green.png</name>
		<rotate>1</rotate>
	</drawable>
	<drawable>
		<name>MH_green.png</name>
		<rotate>2</rotate>
	</drawable>
	<drawable>
		<name>SH.png</name>
		<rotate>3</rotate>
	</drawable>
	<drawable>
		<name>center.png</name>
		<rotate>3</rotate>
	</drawable>
	<drawable>
		<name>12 ticks.png</name>
	</drawable>
<!--COMMENTED BY ClockSkinMaker
<metadata gui='rra' version='2.0.0.2'/>
-->
</clockskin>