<?xml version="1.0" encoding="utf-8"?>
<clockskin>
	<drawable>
		<name>_400a.png</name>
	</drawable>
	<drawable>
		<name>hm.xml</name>
		<arraytype>6</arraytype>
		<centerY>69</centerY>
	</drawable>
	<drawable>
		<name>W.xml</name>
		<arraytype>5</arraytype>
		<centerX>5</centerX>
		<centerY>-70</centerY>
	</drawable>
	<drawable>
		<name>d.xml</name>
		<arraytype>4</arraytype>
		<centerX>110</centerX>
	</drawable>
	<drawable>
		<name>mon.xml</name>
		<arraytype>3</arraytype>
		<centerX>-102</centerX>
	</drawable>
	<drawable>
		<name>h.png</name>
		<rotate>1</rotate>
	</drawable>
	<drawable>
		<name>h2.png</name>
		<rotate>2</rotate>
	</drawable>
	<drawable>
		<name>h3.png</name>
		<rotate>3</rotate>
	</drawable>
	<drawable>
		<arraytype>99</arraytype>
		<centerX>-19</centerX>
		<centerY>108</centerY>
	</drawable>
<!--COMMENTED BY ClockSkinMaker
<metadata gui='rra' version='1.4.0.0'/>
-->
</clockskin>