<?xml version="1.0" encoding="utf-8"?>
<drawables>
	<image>mon_jan.png</image>
	<image>mon_feb.png</image>
	<image>mon_mar.png</image>
	<image>mon_apr.png</image>
	<image>mon_may.png</image>
	<image>mon_jun.png</image>
	<image>mon_jul.png</image>
	<image>mon_aug.png</image>
	<image>mon_sep.png</image>
	<image>mon_oct.png</image>
	<image>mon_nov.png</image>
	<image>mon_dec.png</image>
<!--COMMENTED BY ClockSkinMaker
<metadata gui='rra' version='1.4.0.0' type='array_month' forecolor='FFFFFF' autoscale='0' font='Elektra' fontstyle='Bold' fontsize='36'>
<content>JAN</content>
<content>FEB</content>
<content>MAR</content>
<content>APR</content>
<content>MAY</content>
<content>JUN</content>
<content>JUL</content>
<content>AVG</content>
<content>SEP</content>
<content>OCT</content>
<content>NOV</content>
<content>DEC</content>
</metadata>
-->
</drawables>