<?xml version="1.0" encoding="utf-8"?>
<clockskin>
	<drawable>
		<name>face.png</name>
	</drawable>
	<drawable>
		<name>second.png</name>
		<rotate>3</rotate>
	</drawable>
	<drawable>
		<name>face_top.png</name>
	</drawable>
	<drawable>
		<name>hours.xml</name>
		<centerX>-60</centerX>
		<centerY>0</centerY>
		<arraytype>7</arraytype>
	</drawable>
	<drawable>
		<name>minutes.xml</name>
		<centerX>60</centerX>
		<centerY>0</centerY>
		<arraytype>8</arraytype>
	</drawable>
	<drawable>
		<name>pedometer.xml</name>
		<centerX>0</centerX>
		<centerY>100</centerY>
		<arraytype>12</arraytype>
	</drawable>
<!--COMMENTED BY ClockSkinMaker
<metadata gui='rra' version='1.4.0.0'/>
-->
</clockskin>