<?xml version="1.0" encoding="utf-8"?>
<clockskin>
	<drawable>
		<name>400a.png</name>
	</drawable>
	<drawable>
		<name>hm.xml</name>
		<arraytype>6</arraytype>
		<centerX>1</centerX>
		<centerY>119</centerY>
	</drawable>
	<drawable>
		<name>week.xml</name>
		<arraytype>5</arraytype>
		<centerX>-166</centerX>
		<centerY>19</centerY>
	</drawable>
	<drawable>
		<name>day.xml</name>
		<arraytype>4</arraytype>
		<centerX>-120</centerX>
		<centerY>19</centerY>
	</drawable>
	<drawable>
		<name>step.xml</name>
		<arraytype>12</arraytype>
		<centerX>-144</centerX>
		<centerY>-19</centerY>
	</drawable>
	<drawable>
		<name>batt.xml</name>
		<arraytype>14</arraytype>
		<centerY>-169</centerY>
	</drawable>
	<drawable>
		<name>tem.xml</name>
		<arraytype>11</arraytype>
		<centerX>-1</centerX>
		<centerY>-121</centerY>
	</drawable>
	<drawable>
		<name>3.png</name>
		<rotate>3</rotate>
		<centerX>169</centerX>
		<centerY>179</centerY>
		<mulrotate>-4</mulrotate>
	</drawable>
	<drawable>
		<name>4.png</name>
		<rotate>3</rotate>
		<centerX>-89</centerX>
		<centerY>-124</centerY>
		<mulrotate>2</mulrotate>
	</drawable>
	<drawable>
		<name>2.png</name>
		<rotate>2</rotate>
	</drawable>
	<drawable>
		<name>1.png</name>
		<rotate>1</rotate>
	</drawable>
	<drawable>
		<name>sektor0.png</name>
		<rotate>3</rotate>
		<mulrotate>14</mulrotate>
	</drawable>
<!--COMMENTED BY ClockSkinMaker
<metadata gui='rra' version='1.4.0.0'/>
-->
</clockskin>