<?xml version="1.0" encoding="utf-8"?>
<clockskin>
	<drawable>
		<name>bat.png</name>
		<rotate>6</rotate>
		<centerX>23</centerX>
		<centerY>-8</centerY>
		<angle>2</angle>
		<mulrotate>-4</mulrotate>
	</drawable>
	<drawable>
		<name>tactik.png</name>
	</drawable>
	<drawable>
		<name>w.xml</name>
		<arraytype>5</arraytype>
		<centerX>106</centerX>
	</drawable>
	<drawable>
		<name>d.xml</name>
		<arraytype>4</arraytype>
		<centerX>155</centerX>
	</drawable>
	<drawable>
		<name>bat.xml</name>
		<arraytype>14</arraytype>
		<centerX>-100</centerX>
	</drawable>
	<drawable>
		<name>HOUR_SHADOW.png</name>
		<rotate>8</rotate>
	</drawable>
	<drawable>
		<name>HOUR.png</name>
		<rotate>1</rotate>
	</drawable>
	<drawable>
		<name>MINUTE_SHADOW.png</name>
		<rotate>9</rotate>
	</drawable>
	<drawable>
		<name>MINUTE.png</name>
		<rotate>2</rotate>
	</drawable>
	<drawable>
		<name>SECOND_SHADOW.png</name>
		<rotate>10</rotate>
	</drawable>
	<drawable>
		<name>SECOND.png</name>
		<rotate>3</rotate>
	</drawable>
<!--COMMENTED BY ClockSkinMaker
<metadata gui='rra' version='1.4.0.0'/>
-->
</clockskin>