<?xml version="1.0" encoding="utf-8"?>
<drawables>
	<image>w_sun.png</image>
	<image>w_mon.png</image>
	<image>w_tue.png</image>
	<image>w_wed.png</image>
	<image>w_thu.png</image>
	<image>w_fri.png</image>
	<image>w_sat.png</image>
<!--COMMENTED BY ClockSkinMaker
<metadata gui='rra' version='1.4.0.0' type='array_weekday' autoscale='1' font='Conthrax SemiBold' fontstyle='Bold' fontsize='17,29107'>
<content forecolor='FF0000'>ВС</content>
<content>ПН</content>
<content>ВТ</content>
<content>СР</content>
<content>ЧТ</content>
<content>ПТ</content>
<content forecolor='FF0000'>СБ</content>
</metadata>
-->
</drawables>