<?xml version="1.0" encoding="utf-8"?>
<clockskin>
	<drawable>
		<name>sdg.png</name>
	</drawable>
	<drawable>
		<name>day.xml</name>
		<arraytype>4</arraytype>
		<centerX>115</centerX>
		<centerY>1</centerY>
	</drawable>
	<drawable>
		<name>dsh.png</name>
		<rotate>1</rotate>
	</drawable>
	<drawable>
		<name>asfghsfdgh.png</name>
		<rotate>2</rotate>
	</drawable>
	<drawable>
		<name>fgfhh.png</name>
		<rotate>3</rotate>
	</drawable>
<!--COMMENTED BY ClockSkinMaker
<metadata gui='rra' version='1.6.0.0'/>
-->
</clockskin>