<?xml version="1.0" encoding="utf-8"?>
<clockskin>
	<drawable>
		<name>Base.png</name>
	</drawable>
	<drawable>
		<name>Ticks hatch.png</name>
	</drawable>
	<drawable>
		<name>Numbers with stroke.png</name>
	</drawable>
	<drawable>
		<name>Ticks with stroke.png</name>
	</drawable>
	<drawable>
		<name>Figures.png</name>
	</drawable>
	<drawable>
		<name>WD DAY MONTH DATT DASE light.png</name>
	</drawable>
	<drawable>
		<name>Array Day.xml</name>
		<arraytype>4</arraytype>
		<centerY>138</centerY>
	</drawable>
	<drawable>
		<name>batt rotate.png</name>
		<rotate>6</rotate>
		<centerY>94</centerY>
	</drawable>
	<drawable>
		<name>wd rotate.png</name>
		<rotate>5</rotate>
		<centerX>-81</centerX>
		<centerY>-49</centerY>
	</drawable>
	<drawable>
		<name>Month rotate.png</name>
		<rotate>4</rotate>
		<centerX>83</centerX>
		<centerY>-49</centerY>
	</drawable>
	<drawable>
		<name>Frame.png</name>
	</drawable>
	<drawable>
		<name>HH.png</name>
		<rotate>1</rotate>
	</drawable>
	<drawable>
		<name>MH.png</name>
		<rotate>2</rotate>
	</drawable>
	<drawable>
		<name>SH.png</name>
		<rotate>3</rotate>
	</drawable>
<!--COMMENTED BY ClockSkinMaker
<metadata gui='rra' version='2.0.0.2'/>
-->
</clockskin>