<?xml version="1.0" encoding="utf-8"?>
<clockskin>
	<drawable>
		<name>fon.png</name>
	</drawable>
	<drawable>
		<name>arhour.xml</name>
		<arraytype>6</arraytype>
		<centerY>-88</centerY>
	</drawable>
	<drawable>
		<name>steps.xml</name>
		<arraytype>12</arraytype>
		<centerX>-97</centerX>
		<centerY>12</centerY>
	</drawable>
	<drawable>
		<name>heart.xml</name>
		<arraytype>13</arraytype>
		<centerX>-97</centerX>
		<centerY>-19</centerY>
	</drawable>
	<drawable>
		<name>batt.xml</name>
		<arraytype>14</arraytype>
		<centerY>109</centerY>
	</drawable>
	<drawable>
		<name>weakarr.png</name>
		<rotate>5</rotate>
		<centerX>94</centerX>
		<centerY>-2</centerY>
		<angle>14</angle>
	</drawable>
	<drawable>
		<name>mont.xml</name>
		<arraytype>3</arraytype>
		<centerX>111</centerX>
		<centerY>-1</centerY>
	</drawable>
	<drawable>
		<name>den.xml</name>
		<arraytype>4</arraytype>
		<centerX>77</centerX>
		<centerY>-5</centerY>
	</drawable>
	<drawable>
		<name>hour.png</name>
		<rotate>1</rotate>
	</drawable>
	<drawable>
		<name>minute.png</name>
		<rotate>2</rotate>
	</drawable>
	<drawable>
		<name>sekond.png</name>
		<rotate>3</rotate>
	</drawable>
<!--COMMENTED BY ClockSkinMaker
<metadata gui='rra' version='1.4.0.0'/>
-->
</clockskin>