<?xml version="1.0" encoding="utf-8"?>
<clockskin>
	<drawable>
		<name>image1.png</name>
	</drawable>
	<drawable>
		<name>digital1.xml</name>
		<arraytype>6</arraytype>
		<centerY>-127</centerY>
	</drawable>
	<drawable>
		<name>digital2.xml</name>
		<arraytype>2</arraytype>
		<centerX>-18</centerX>
		<centerY>125</centerY>
	</drawable>
	<drawable>
		<name>digital3.xml</name>
		<arraytype>11</arraytype>
		<centerX>49</centerX>
		<centerY>125</centerY>
	</drawable>
	<drawable>
		<name>digital4.xml</name>
		<arraytype>12</arraytype>
		<centerX>5</centerX>
		<centerY>159</centerY>
	</drawable>
<!--COMMENTED BY ClockSkinMaker
<metadata gui='rra' version='1.6.0.0'/>
-->
</clockskin>