<?xml version="1.0" encoding="utf-8"?>
<clockskin>
	<drawable>
		<name>Untitled-1.png</name>
	</drawable>
	<drawable>
		<name>hm_1_2_2.xml</name>
		<arraytype>6</arraytype>
		<centerX>-65</centerX>
	</drawable>
	<drawable>
		<name>hm_1_2_1.xml</name>
		<arraytype>6</arraytype>
		<centerX>34</centerX>
	</drawable>
	<drawable>
		<name>hm_1_2.xml</name>
		<arraytype>9</arraytype>
		<centerX>83</centerX>
	</drawable>
	<drawable>
		<name>tem.xml</name>
		<arraytype>11</arraytype>
		<centerX>76</centerX>
		<centerY>125</centerY>
	</drawable>
	<drawable>
		<name>step_1.xml</name>
		<arraytype>12</arraytype>
		<centerX>-67</centerX>
		<centerY>125</centerY>
	</drawable>
	<drawable>
		<name>step_2.xml</name>
		<arraytype>13</arraytype>
		<centerX>64</centerX>
		<centerY>-98</centerY>
	</drawable>
	<drawable>
		<name>step.xml</name>
		<arraytype>14</arraytype>
		<centerX>-84</centerX>
		<centerY>-96</centerY>
	</drawable>
	<drawable>
		<name>AM&amp;PM.xml</name>
		<arraytype>6</arraytype>
		<centerX>143</centerX>
		<centerY>22</centerY>
	</drawable>
	<drawable>
		<arraytype>99</arraytype>
		<centerX>-30</centerX>
		<centerY>182</centerY>
	</drawable>
<!--COMMENTED BY ClockSkinMaker
<metadata gui='rra' version='1.4.0.0'/>
-->
</clockskin>