<?xml version="1.0" encoding="utf-8"?>
<clockskin>
	<drawable>
		<name>fdgfgshhfsg.png</name>
	</drawable>
	<drawable>
		<name>digital1.xml</name>
		<arraytype>5</arraytype>
		<centerX>109</centerX>
		<centerY>-12</centerY>
	</drawable>
	<drawable>
		<name>digital2.xml</name>
		<arraytype>4</arraytype>
		<centerX>-93</centerX>
		<centerY>-13</centerY>
	</drawable>
	<drawable>
		<name>digital3.xml</name>
		<arraytype>12</arraytype>
		<centerX>-4</centerX>
		<centerY>64</centerY>
	</drawable>
	<drawable>
		<name>digital4.xml</name>
		<arraytype>13</arraytype>
		<centerX>4</centerX>
		<centerY>-107</centerY>
	</drawable>
	<drawable>
		<name>image2.png</name>
		<rotate>1</rotate>
		<mulrotate>1</mulrotate>
	</drawable>
	<drawable>
		<name>image3.png</name>
		<rotate>2</rotate>
		<mulrotate>1</mulrotate>
	</drawable>
	<drawable>
		<name>image4.png</name>
		<rotate>3</rotate>
		<mulrotate>1</mulrotate>
	</drawable>
<!--COMMENTED BY ClockSkinMaker
<metadata gui='rra' version='1.6.0.0'/>
-->
</clockskin>