<?xml version="1.0" encoding="utf-8"?>
<clockskin>
	<drawable>
		<name>6.png</name>
		<rotate>7</rotate>
		<centerY>-94</centerY>
	</drawable>
	<drawable>
		<name>4.png</name>
		<centerX>6</centerX>
		<centerY>104</centerY>
	</drawable>
	<drawable>
		<name>3.png</name>
		<rotate>3</rotate>
		<centerX>-58</centerX>
		<centerY>70</centerY>
		<direction>2</direction>
		<mulrotate>3</mulrotate>
	</drawable>
	<drawable>
		<name>2.png</name>
		<rotate>3</rotate>
		<centerX>6</centerX>
		<centerY>148</centerY>
		<mulrotate>3</mulrotate>
	</drawable>
	<drawable>
		<name>1.png</name>
		<rotate>3</rotate>
		<centerX>44</centerX>
		<centerY>54</centerY>
		<mulrotate>3</mulrotate>
		<direction>2</direction>
	</drawable>
	<drawable>
		<name>5.png</name>
	</drawable>
	<drawable>
		<name>dfdszg.png</name>
		<centerX>-2</centerX>
		<centerY>-100</centerY>
	</drawable>
	<drawable>
		<name>7_1.png</name>
		<rotate>5</rotate>
		<centerX>-97</centerX>
		<centerY>-6</centerY>
	</drawable>
	<drawable>
		<name>7.png</name>
		<rotate>13</rotate>
		<rotatemode>6</rotatemode>
		<centerX>95</centerX>
		<centerY>-5</centerY>
		<angle>270</angle>
		<startAngle>-135</startAngle>
	</drawable>
	<drawable>
		<name>h.png</name>
		<rotate>1</rotate>
	</drawable>
	<drawable>
		<name>m.png</name>
		<rotate>2</rotate>
	</drawable>
	<drawable>
		<name>s.png</name>
		<rotate>3</rotate>
	</drawable>
<!--COMMENTED BY ClockSkinMaker
<metadata gui='rra' version='1.6.0.0'/>
-->
</clockskin>