<?xml version="1.0" encoding="utf-8"?>
<drawables>
	<image>m_jan.png</image>
	<image>m_feb.png</image>
	<image>m_mar.png</image>
	<image>m_apr.png</image>
	<image>m_may.png</image>
	<image>m_jun.png</image>
	<image>m_jul.png</image>
	<image>m_aug.png</image>
	<image>m_sep.png</image>
	<image>m_oct.png</image>
	<image>m_nov.png</image>
	<image>m_dec.png</image>
<!--COMMENTED BY ClockSkinMaker
<metadata gui='rra' version='2.0.0.2' type='array_month' forecolor='FFFF00' autoscale='1' font='Times New Roman' fontstyle='Regular' fontsize='13,34746'>
<content>янв</content>
<content>фев</content>
<content>мар</content>
<content>апр</content>
<content>май</content>
<content>июн</content>
<content>июл</content>
<content>авг</content>
<content>сен</content>
<content>окт</content>
<content>ноя</content>
<content>дек</content>
</metadata>
-->
</drawables>