<clockskin>
    <drawable>
        <name>image1.png</name>
    </drawable>
    <drawable>
        <name>digital1.xml</name>
        <arraytype>13</arraytype>
        <centerX>33</centerX>
        <centerY>144</centerY>
    </drawable>
    <drawable>
        <name>digital2.xml</name>
        <arraytype>12</arraytype>
        <centerX>-21</centerX>
        <centerY>144</centerY>
    </drawable>
    <drawable>
        <name>digital3.xml</name>
        <arraytype>6</arraytype>
        <centerX>-6</centerX>
        <centerY>-19</centerY>
    </drawable>
    <drawable>
        <name>digital4.xml</name>
        <arraytype>9</arraytype>
        <centerX>-9</centerX>
        <centerY>37</centerY>
    </drawable>
    <drawable>
        <name>digital5.xml</name>
        <arraytype>5</arraytype>
        <centerX>0</centerX>
        <centerY>-68</centerY>
    </drawable>
    <drawable>
        <name>digital6.xml</name>
        <arraytype>14</arraytype>
        <centerX>-200</centerX>
        <centerY>0</centerY>
    </drawable>
    <drawable>
        <name>digital7.xml</name>
        <arraytype>14</arraytype>
        <centerX>-110</centerX>
        <centerY>88</centerY>
    </drawable>
    <drawable>
        <name>digital8.xml</name>
        <arraytype>3</arraytype>
        <centerX>-33</centerX>
        <centerY>-122</centerY>
    </drawable>
    <drawable>
        <name>digital9.xml</name>
        <arraytype>16</arraytype>
        <centerX>37</centerX>
        <centerY>-122</centerY>
    </drawable>
    <drawable>
        <name>digital10.xml</name>
        <arraytype>4</arraytype>
        <centerX>-4</centerX>
        <centerY>-92</centerY>
    </drawable>
    <drawable>
        <name>image2.png</name>
    </drawable>
    <drawable>
        <name>digital11.xml</name>
        <arraytype>6</arraytype>
        <centerX>3</centerX>
        <centerY>-112</centerY>
    </drawable>
</clockskin>
