<?xml version="1.0" encoding="utf-8"?>
<clockskin>
	<drawable>
		<name>NEW FACE.png</name>
	</drawable>
	<drawable>
		<name>HM_1.xml</name>
		<arraytype>6</arraytype>
		<centerX>-22</centerX>
		<centerY>12</centerY>
	</drawable>
	<drawable>
		<name>HM.xml</name>
		<arraytype>6</arraytype>
		<centerX>-22</centerX>
		<centerY>12</centerY>
	</drawable>
	<drawable>
		<name>steps shadw_1_1.xml</name>
		<arraytype>12</arraytype>
		<centerX>90</centerX>
		<centerY>113</centerY>
	</drawable>
	<drawable>
		<name>steps_1_1.xml</name>
		<arraytype>12</arraytype>
		<centerX>90</centerX>
		<centerY>113</centerY>
	</drawable>
	<drawable>
		<name>day1111_1.xml</name>
		<arraytype>4</arraytype>
		<centerX>-89</centerX>
		<centerY>-152</centerY>
	</drawable>
	<drawable>
		<name>month.xml</name>
		<arraytype>3</arraytype>
		<centerX>-99</centerX>
		<centerY>-125</centerY>
	</drawable>
	<drawable>
		<name>day1111.xml</name>
		<arraytype>16</arraytype>
		<centerX>-109</centerX>
		<centerY>-106</centerY>
	</drawable>
	<drawable>
		<arraytype>99</arraytype>
		<centerX>16</centerX>
		<centerY>80</centerY>
	</drawable>
	<drawable>
		<name>steps shadwsd.xml</name>
		<arraytype>9</arraytype>
		<centerX>159</centerX>
		<centerY>46</centerY>
	</drawable>
	<drawable>
		<name>steps.xml</name>
		<arraytype>9</arraytype>
		<centerX>159</centerX>
		<centerY>46</centerY>
	</drawable>
	<drawable>
		<name>batt11.xml</name>
		<arraytype>14</arraytype>
		<centerX>-70</centerX>
		<centerY>146</centerY>
	</drawable>
	<drawable>
		<name>steps shadw1.xml</name>
		<arraytype>13</arraytype>
		<centerX>90</centerX>
		<centerY>-154</centerY>
	</drawable>
	<drawable>
		<name>steps1.xml</name>
		<arraytype>13</arraytype>
		<centerX>90</centerX>
		<centerY>-154</centerY>
	</drawable>
	<drawable>
		<name>temp_1.xml</name>
		<arraytype>11</arraytype>
		<centerX>120</centerX>
		<centerY>-83</centerY>
	</drawable>
	<drawable>
		<name>temp.xml</name>
		<arraytype>11</arraytype>
		<centerX>120</centerX>
		<centerY>-83</centerY>
	</drawable>
	<drawable>
		<name>steps shadw1_1.xml</name>
		<arraytype>6</arraytype>
		<centerX>59</centerX>
		<centerY>-20</centerY>
	</drawable>
	<drawable>
		<name>steps shadw1_1_1.xml</name>
		<arraytype>6</arraytype>
		<centerX>59</centerX>
		<centerY>-20</centerY>
	</drawable>
	<drawable>
		<name>weather_array.xml</name>
		<arraytype>10</arraytype>
		<centerX>42</centerX>
		<centerY>-83</centerY>
	</drawable>
	<drawable>
		<name>moon_phase.xml</name>
		<arraytype>19</arraytype>
		<centerX>-42</centerX>
		<centerY>-165</centerY>
	</drawable>
	<drawable>
		<name>wd.xml</name>
		<arraytype>5</arraytype>
	</drawable>
	<drawable>
		<name>hand.png</name>
		<rotate>6</rotate>
		<centerX>-110</centerX>
		<centerY>140</centerY>
		<mulrotate>-2</mulrotate>
	</drawable>
	<drawable>
		<name>kaldown.xml</name>
		<arraytype>54</arraytype>
		<centerX>100</centerX>
		<centerY>-120</centerY>
	</drawable>
	<drawable>
		<name>kalup.xml</name>
		<arraytype>54</arraytype>
		<centerX>100</centerX>
		<centerY>-120</centerY>
	</drawable>
	<drawable>
		<name>dis down.xml</name>
		<arraytype>60</arraytype>
		<centerX>78</centerX>
		<centerY>153</centerY>
	</drawable>
	<drawable>
		<name>dis up.xml</name>
		<arraytype>60</arraytype>
		<centerX>78</centerX>
		<centerY>153</centerY>
	</drawable>
<!--COMMENTED BY ClockSkinMaker
<metadata gui='rra' version='1.4.0.0'/>
-->
</clockskin>