<?xml version="1.0" encoding="utf-8"?>
<drawables>
	<image>dis down_num_0.png</image>
	<image>dis down_num_1.png</image>
	<image>dis down_num_2.png</image>
	<image>dis down_num_3.png</image>
	<image>dis down_num_4.png</image>
	<image>dis down_num_5.png</image>
	<image>dis down_num_6.png</image>
	<image>dis down_num_7.png</image>
	<image>dis down_num_8.png</image>
	<image>dis down_num_9.png</image>
	<image>dis down_num_minus.png</image>
<!--COMMENTED BY ClockSkinMaker
<metadata gui='rra' version='1.4.0.0' type='array_year' forecolor='808080' autoscale='1' font='Digital Display' fontstyle='Regular' fontsize='25.09804'>
<content>8</content>
<content>8</content>
<content>8</content>
<content>8</content>
<content>8</content>
<content>8</content>
<content>8</content>
<content>8</content>
<content>8</content>
<content>8</content>
<content>.</content>
</metadata>
-->
</drawables>