<?xml version="1.0" encoding="utf-8"?>
<drawables>
	<image>HM_1_num_0.png</image>
	<image>HM_1_num_1.png</image>
	<image>HM_1_num_2.png</image>
	<image>HM_1_num_3.png</image>
	<image>HM_1_num_4.png</image>
	<image>HM_1_num_5.png</image>
	<image>HM_1_num_6.png</image>
	<image>HM_1_num_7.png</image>
	<image>HM_1_num_8.png</image>
	<image>HM_1_num_9.png</image>
	<image>HM_1_num_colon.png</image>
<!--COMMENTED BY ClockSkinMaker
<metadata gui='rra' version='1.4.0.0' type='array_hourminute' forecolor='272727' autoscale='1' font='Digital Display' fontstyle='Regular' fontsize='60.2353'>
<content>8</content>
<content>8</content>
<content>8</content>
<content>8</content>
<content>8</content>
<content>8</content>
<content>8</content>
<content>8</content>
<content>8</content>
<content>8</content>
<content>:</content>
<content></content>
<content></content>
</metadata>
-->
</drawables>