<?xml version="1.0" encoding="utf-8"?>
<drawables>
	<image>kaldown_num_0.png</image>
	<image>kaldown_num_1.png</image>
	<image>kaldown_num_2.png</image>
	<image>kaldown_num_3.png</image>
	<image>kaldown_num_4.png</image>
	<image>kaldown_num_5.png</image>
	<image>kaldown_num_6.png</image>
	<image>kaldown_num_7.png</image>
	<image>kaldown_num_8.png</image>
	<image>kaldown_num_9.png</image>
	<image>kaldown_num_minus.png</image>
<!--COMMENTED BY ClockSkinMaker
<metadata gui='rra' version='1.4.0.0' type='array_year' forecolor='C0C0C0' autoscale='1' font='Digital Display' fontstyle='Regular' fontsize='33.46406'>
<content>8</content>
<content>8</content>
<content>8</content>
<content>8</content>
<content>8</content>
<content>8</content>
<content>8</content>
<content>8</content>
<content>8</content>
<content>8</content>
<content>8</content>
</metadata>
-->
</drawables>