<?xml version="1.0" encoding="utf-8"?>
<drawables>
	<image>steps shadw_num_0_1_1.png</image>
	<image>steps shadw_num_1_1_1.png</image>
	<image>steps shadw_num_2_1_1.png</image>
	<image>steps shadw_num_3_1_1.png</image>
	<image>steps shadw_num_4_1_1.png</image>
	<image>steps shadw_num_5_1_1.png</image>
	<image>steps shadw_num_6_1_1.png</image>
	<image>steps shadw_num_7_1_1.png</image>
	<image>steps shadw_num_8_1_1.png</image>
	<image>steps shadw_num_9_1_1.png</image>
	<image>steps shadw_lead_1_1.png</image>
<!--COMMENTED BY ClockSkinMaker
<metadata gui='rra' version='1.4.0.0' type='array_steps' forecolor='C0C0C0' autoscale='1' font='Digital Display' fontstyle='Regular' fontsize='33.46406'>
<content>8</content>
<content>8</content>
<content>8</content>
<content>8</content>
<content>8</content>
<content>8</content>
<content>8</content>
<content>8</content>
<content>8</content>
<content>8</content>
<content>8</content>
</metadata>
-->
</drawables>