<?xml version="1.0" encoding="utf-8"?>
<drawables>
	<image>steps shadw1_num_0.png</image>
	<image>steps shadw1_num_1.png</image>
	<image>steps shadw1_num_2.png</image>
	<image>steps shadw1_num_3.png</image>
	<image>steps shadw1_num_4.png</image>
	<image>steps shadw1_num_5.png</image>
	<image>steps shadw1_num_6.png</image>
	<image>steps shadw1_num_7.png</image>
	<image>steps shadw1_num_8.png</image>
	<image>steps shadw1_num_9.png</image>
	<image>steps shadw1_num_colon.png</image>
<!--COMMENTED BY ClockSkinMaker
<metadata gui='rra' version='1.4.0.0' type='array_heartrate' forecolor='808080' autoscale='1' font='Digital Display' fontstyle='Regular' fontsize='13.38562'>
<content>8</content>
<content>8</content>
<content>8</content>
<content>8</content>
<content>8</content>
<content>8</content>
<content>8</content>
<content>8</content>
<content>8</content>
<content>8</content>
<content>8</content>
</metadata>
-->
</drawables>