<?xml version="1.0" encoding="utf-8"?>
<drawables>
	<image>steps shadw_num_0.png</image>
	<image>steps shadw_num_1.png</image>
	<image>steps shadw_num_2.png</image>
	<image>steps shadw_num_3.png</image>
	<image>steps shadw_num_4.png</image>
	<image>steps shadw_num_5.png</image>
	<image>steps shadw_num_6.png</image>
	<image>steps shadw_num_7.png</image>
	<image>steps shadw_num_8.png</image>
	<image>steps shadw_num_9.png</image>
	<image>steps shadw_num_colon.png</image>
<!--COMMENTED BY ClockSkinMaker
<metadata gui='rra' version='1.4.0.0' type='array_second' forecolor='1C0000' autoscale='1' font='Digital Display' fontstyle='Regular' fontsize='16.73203'>
<content>8</content>
<content>8</content>
<content>8</content>
<content>8</content>
<content>8</content>
<content>8</content>
<content>8</content>
<content>8</content>
<content>8</content>
<content>8</content>
<content>8</content>
</metadata>
-->
</drawables>