<?xml version="1.0" encoding="utf-8"?>
<drawables>
	<image>temp_1_num_0.png</image>
	<image>temp_1_num_1.png</image>
	<image>temp_1_num_2.png</image>
	<image>temp_1_num_3.png</image>
	<image>temp_1_num_4.png</image>
	<image>temp_1_num_5.png</image>
	<image>temp_1_num_6.png</image>
	<image>temp_1_num_7.png</image>
	<image>temp_1_num_8.png</image>
	<image>temp_1_num_9.png</image>
	<image>temp_1_num_minus.png</image>
	<image>temp_1_num_degree.png</image>
<!--COMMENTED BY ClockSkinMaker
<metadata gui='rra' version='1.4.0.0' type='array_temprature' forecolor='C0C0C0' autoscale='1' font='Digital Display' fontstyle='Regular' fontsize='18.75458'>
<content>8</content>
<content>8</content>
<content>8</content>
<content>8</content>
<content>8</content>
<content>8</content>
<content>8</content>
<content>8</content>
<content>8</content>
<content>8</content>
<content>-</content>
<content>°</content>
</metadata>
-->
</drawables>