<?xml version="1.0" encoding="utf-8"?>
<clockskin>
	<drawable>
		<name>se.xml</name>
		<arraytype>9</arraytype>
		<centerX>-200</centerX>
	</drawable>
	<drawable>
		<name>hm.xml</name>
		<arraytype>6</arraytype>
		<centerX>-72</centerX>
		<centerY>109</centerY>
	</drawable>
	<drawable>
		<name>step.xml</name>
		<arraytype>12</arraytype>
		<centerX>-42</centerX>
		<centerY>158</centerY>
	</drawable>
	<drawable>
		<name>day.xml</name>
		<arraytype>4</arraytype>
		<centerX>-133</centerX>
		<centerY>-74</centerY>
	</drawable>
	<drawable>
		<name>week.xml</name>
		<arraytype>5</arraytype>
		<centerX>-146</centerX>
		<centerY>-26</centerY>
	</drawable>
	<drawable>
		<name>batt.xml</name>
		<arraytype>14</arraytype>
		<centerX>-140</centerX>
		<centerY>50</centerY>
	</drawable>
<!--COMMENTED BY ClockSkinMaker
<metadata gui='rra' version='1.4.0.0'/>
-->
</clockskin>