<?xml version="1.0" encoding="utf-8"?>
<drawables>
	<image>mont_jan.png</image>
	<image>mont_feb.png</image>
	<image>mont_mar.png</image>
	<image>mont_apr.png</image>
	<image>mont_may.png</image>
	<image>mont_jun.png</image>
	<image>mont_jul.png</image>
	<image>mont_aug.png</image>
	<image>mont_sep.png</image>
	<image>mont_oct.png</image>
	<image>mont_nov.png</image>
	<image>mont_dec.png</image>
<!--COMMENTED BY ClockSkinMaker
<metadata gui='rra' version='1.4.0.0' type='array_month' forecolor='C0C0C0' autoscale='1' font='Trebuchet MS' fontstyle='Regular' fontsize='19,0689'>
<content>/01</content>
<content>/02</content>
<content>/03</content>
<content>/04</content>
<content>/05</content>
<content>/06</content>
<content>/07</content>
<content>/08</content>
<content>/09</content>
<content>/10</content>
<content>/11</content>
<content>/12</content>
</metadata>
-->
</drawables>