<?xml version="1.0" encoding="utf-8"?>
<drawables>
	<image>weekday_sun.png</image>
	<image>weekday_mon.png</image>
	<image>weekday_tue.png</image>
	<image>weekday_wed.png</image>
	<image>weekday_thu.png</image>
	<image>weekday_fri.png</image>
	<image>weekday_sat.png</image>
<!--COMMENTED BY ClockSkinMaker
<metadata gui='rra' version='1.6.0.0' type='array_weekday' autoscale='1' font='Arial Black' fontstyle='Bold' fontsize='21,89248'>
<content>SUNDAY</content>
<content>MONDAY</content>
<content>TUESDAY</content>
<content>WEDNESDAY</content>
<content>THURSDAY</content>
<content>FRIDAY</content>
<content>SATURDAY</content>
</metadata>
-->
</drawables>