<?xml version="1.0" encoding="utf-8"?>
<clockskin>
	<drawable>
		<name>di.png</name>
	</drawable>
	<drawable>
		<name>img41.png</name>
		<rotate>13</rotate>
		<rotatemode>6</rotatemode>
		<centerY>-80</centerY>
		<angle>300</angle>
		<startAngle>-120</startAngle>
	</drawable>
	<drawable>
		<name>hour.png</name>
		<rotate>1</rotate>
	</drawable>
	<drawable>
		<name>fch.png</name>
		<rotate>2</rotate>
	</drawable>
	<drawable>
		<name>cvbnv.png</name>
		<rotate>3</rotate>
		<centerY>72</centerY>
	</drawable>
<!--COMMENTED BY ClockSkinMaker
<metadata gui='rra' version='1.6.0.0'/>
-->
</clockskin>