<?xml version="1.0" encoding="utf-8"?>
<clockskin>
	<drawable>
		<name>1.png</name>
	</drawable>
	<drawable>
		<name>day.xml</name>
		<arraytype>4</arraytype>
		<centerX>142</centerX>
	</drawable>
	<drawable>
		<name>week.xml</name>
		<arraytype>5</arraytype>
		<centerX>90</centerX>
		<centerY>3</centerY>
	</drawable>
	<drawable>
		<name>e9ba75301ec94f7cb20c505d6487a274.png</name>
		<rotate>1</rotate>
	</drawable>
	<drawable>
		<name>13261088d227492dbf4cab537b67c616.png</name>
		<rotate>2</rotate>
	</drawable>
	<drawable>
		<name>d78c86beab694008b3c95ac96132bff6.png</name>
		<rotate>3</rotate>
	</drawable>
<!--COMMENTED BY ClockSkinMaker
<metadata gui='rra' version='1.6.0.0'/>
-->
</clockskin>