<?xml version="1.0" encoding="utf-8"?>
<clockskin>
	<drawable>
		<name>bg77.png</name>
	</drawable>
	<drawable>
		<name>step_1.xml</name>
		<arraytype>18</arraytype>
		<centerX>-55</centerX>
		<centerY>85</centerY>
		<colorarray>000000,0077B0</colorarray>
	</drawable>
	<drawable>
		<name>bg66.png</name>
	</drawable>
	<drawable>
		<name>step.xml</name>
		<arraytype>12</arraytype>
		<centerX>-55</centerX>
		<centerY>85</centerY>
	</drawable>
	<drawable>
		<name>rate.xml</name>
		<arraytype>13</arraytype>
		<centerX>50</centerX>
		<centerY>104</centerY>
	</drawable>
<drawable>
		<name>dis.xml</name>
		<arraytype>60</arraytype>
		<centerX>59</centerX>
		<centerY>67</centerY>
	</drawable>
	<drawable>
		<name>battery.xml</name>
		<arraytype>61</arraytype>
		<centerX>-58</centerX>
		<centerY>130</centerY>
	</drawable>
<drawable>
		<arraytype>99</arraytype>
		<centerX>-25</centerX>
		<centerY>-60</centerY>
	</drawable>
	<drawable>
		<name>h.png</name>
		<rotate>1</rotate>
	</drawable>
	<drawable>
		<name>m.png</name>
		<rotate>2</rotate>
	</drawable>
	<drawable>
		<name>s.png</name>
		<rotate>3</rotate>
	</drawable>
	<drawable>
		<name>f.png</name>
	</drawable>
<!--COMMENTED BY ClockSkinMaker
<metadata gui='rra' version='2.0.0.2'/>
-->
</clockskin>