<?xml version="1.0" encoding="utf-8"?>
<clockskin>
	<drawable>
		<name>Back.png</name>
	</drawable>
	<drawable>
		<name>A_sec.xml</name>
		<arraytype>9</arraytype>
		<centerX>-200</centerX>
	</drawable>
	<drawable>
		<name>D_sec.xml</name>
		<arraytype>9</arraytype>
		<centerX>200</centerX>
	</drawable>
	<drawable>
		<name>60 Ticks.png</name>
	</drawable>
	<drawable>
		<name>_12.png</name>
	</drawable>
	<drawable>
		<name>2_rings.png</name>
	</drawable>
	<drawable>
		<name>Hatch.png</name>
	</drawable>
	<drawable>
		<name>Figures_3.png</name>
	</drawable>
	<drawable>
		<name>Black ring.png</name>
	</drawable>
	<drawable>
		<name>DAY WD BATTLEV BASES.png</name>
	</drawable>
	<drawable>
		<name>Day.xml</name>
		<arraytype>4</arraytype>
		<centerY>148</centerY>
	</drawable>
	<drawable>
		<name>POWER RESERVE.png</name>
		<centerY>1</centerY>
	</drawable>
	<drawable>
		<name>BATT ROTATE.png</name>
		<rotate>6</rotate>
		<centerY>-1</centerY>
	</drawable>
	<drawable>
		<name>A WD.xml</name>
		<arraytype>5</arraytype>
		<centerY>4</centerY>
	</drawable>
	<drawable>
		<name>DAY WD BATTLEV FRAME.png</name>
	</drawable>
	<drawable>
		<name>S.png</name>
	</drawable>
	<drawable>
		<name>HH_green.png</name>
		<rotate>1</rotate>
	</drawable>
	<drawable>
		<name>MH_green.png</name>
		<rotate>2</rotate>
	</drawable>
	<drawable>
		<name>SH shadow .png</name>
		<rotate>10</rotate>
		<centerX>5</centerX>
		<centerY>4</centerY>
	</drawable>
	<drawable>
		<name>SH.png</name>
		<rotate>3</rotate>
	</drawable>
<!--COMMENTED BY ClockSkinMaker
<metadata gui='rra' version='2.0.0.2'/>
-->
</clockskin>