<?xml version="1.0" encoding="utf-8"?>
<clockskin>
	<drawable>
		<name>c9bd9395005a4ba6b461c5f5c834ca08.png</name>
	</drawable>
	<drawable>
		<name>day.xml</name>
		<arraytype>4</arraytype>
		<centerX>105</centerX>
	</drawable>
	<drawable>
		<name>week.xml</name>
		<arraytype>5</arraytype>
		<centerX>65</centerX>
		<centerY>1</centerY>
	</drawable>
	<drawable>
		<name>353db19e5a8a43dcb54ddac898ff0afd.png</name>
		<rotate>1</rotate>
	</drawable>
	<drawable>
		<name>fc0194de23364e7a93dcc8eebaa0355d.png</name>
		<rotate>2</rotate>
	</drawable>
	<drawable>
		<name>cc2eee6983f441c0a68c44f545f16f8e.png</name>
		<rotate>3</rotate>
	</drawable>
<!--COMMENTED BY ClockSkinMaker
<metadata gui='rra' version='1.6.0.0'/>
-->
</clockskin>