<?xml version="1.0" encoding="utf-8"?>
<clockskin>
	<drawable>
		<name>BAC.png</name>
	</drawable>
	<drawable>
		<name>clock_skin_fire.png</name>
		<rotate>3</rotate>
		<direction>1</direction>
		<mulrotate>3</mulrotate>
	</drawable>
	<drawable>
		<name>clock_skin_firemask.png</name>
		<rotate>3</rotate>
		<direction>2</direction>
		<mulrotate>2</mulrotate>
	</drawable>
	<drawable>
		<name>MAIN.png</name>
	</drawable>
	<drawable>
		<name>HM.xml</name>
		<arraytype>6</arraytype>
		<centerY>-29</centerY>
	</drawable>
	<drawable>
		<name>SEC.xml</name>
		<arraytype>9</arraytype>
		<centerX>145</centerX>
		<centerY>-42</centerY>
	</drawable>
	<drawable>
		<name>SEC_1_1.xml</name>
		<arraytype>12</arraytype>
		<centerX>-146</centerX>
		<centerY>-24</centerY>
	</drawable>
	<drawable>
		<name>SEC_1_2.xml</name>
		<arraytype>13</arraytype>
		<centerX>-91</centerX>
		<centerY>62</centerY>
	</drawable>
	<drawable>
		<name>SEC_1_3.xml</name>
		<arraytype>16</arraytype>
		<centerX>-101</centerX>
		<centerY>-90</centerY>
	</drawable>
	<drawable>
		<name>SEC_1.xml</name>
		<arraytype>4</arraytype>
		<centerX>-125</centerX>
		<centerY>-115</centerY>
	</drawable>
	<drawable>
		<name>MONTH.xml</name>
		<arraytype>3</arraytype>
		<centerX>-83</centerX>
		<centerY>-115</centerY>
	</drawable>
	<drawable>
		<name>WD.xml</name>
		<arraytype>5</arraytype>
		<centerX>-99</centerX>
		<centerY>-141</centerY>
	</drawable>
	<drawable>
		<name>AM&amp;PM.xml</name>
		<arraytype>6</arraytype>
		<centerX>144</centerX>
		<centerY>-12</centerY>
	</drawable>
	<drawable>
		<name>moon_phase.xml</name>
		<arraytype>19</arraytype>
		<centerX>94</centerX>
		<centerY>46</centerY>
	</drawable>
	<drawable>
		<name>weather_array.xml</name>
		<arraytype>10</arraytype>
		<centerX>-1</centerX>
		<centerY>-130</centerY>
	</drawable>
	<drawable>
		<arraytype>99</arraytype>
		<centerX>-28</centerX>
		<centerY>-177</centerY>
	</drawable>
	<drawable>
		<name>TEMP.xml</name>
		<arraytype>11</arraytype>
		<centerY>-91</centerY>
	</drawable>
	<drawable>
		<name>SEC_1_1_1.xml</name>
		<arraytype>14</arraytype>
		<centerX>87</centerX>
		<centerY>-94</centerY>
	</drawable>
	<drawable>
		<name>KCAL.xml</name>
		<arraytype>54</arraytype>
		<centerY>62</centerY>
	</drawable>
	<drawable>
		<name>DIS.xml</name>
		<arraytype>60</arraytype>
		<centerX>-53</centerX>
		<centerY>140</centerY>
	</drawable>
 <drawable>
        <!--ALARM-->
        <arraytype>100</arraytype>
        <centerX>143</centerX>
        <centerY>-29</centerY>
        <range>35</range>
        <cls>com.android.deskclock.DeskClock</cls>
        <pkg>com.android.deskclock</pkg>
    </drawable>

    <drawable>
        <!--PHONE-->
        <arraytype>100</arraytype>
        <centerX>170</centerX>
        <centerY>47</centerY>
        <range>30</range>
        <cls>com.android.dialer.DialtactsWearActivity</cls>
        <pkg>com.android.dialer</pkg>
    </drawable> 
	
    <drawable>
        <!--GOOGLE ASSISTANT-->
        <arraytype>100</arraytype>
        <centerX>50</centerX>
        <centerY>138</centerY>
        <range>55</range>
        <cls>com.google.android.apps.googleassistant.AssistantActivity</cls>
        <pkg>com.google.android.apps.googleassistant</pkg>
    </drawable>

    <drawable>
    <!--WEATHER-->
        <arraytype>100</arraytype>
        <centerX>-2</centerX>
        <centerY>-109</centerY>
        <range>37</range>
        <cls>com.android.watchweather.WeatherActivity</cls>
        <pkg>com.android.watchweather</pkg>
    </drawable>

    <drawable>
    <!--FITNESS-->
        <arraytype>100</arraytype>
        <centerX>0</centerX>
        <centerY>59</centerY>
        <range>30</range>
        <cls>com.sprots.wiiteer.fitness.module.main.ui.MainActivity</cls>
        <pkg>com.sprots.wiiteer.fitness</pkg>
    </drawable>

    <drawable>
    <!--heart_rate-->
       <arraytype>100</arraytype>
       <centerX>-98</centerX>
       <centerY>60</centerY>
       <range>60</range>
       <cls>com.cenon.heartrate.HeartRateMonitorActivity</cls>
       <pkg>com.cenon.heartrate</pkg>
    </drawable>



<!--1 Music at Notes-->
    <drawable>
	<arraytype>100</arraytype>
	<centerX>-131</centerX>
	<centerY>124</centerY>
	<range>30</range>
	<cls>com.android.music.MusicBrowserActivity</cls>
	<pkg>com.android.music</pkg>
    </drawable>


<!--3 Calendar at Date-->
    <drawable>
	<arraytype>100</arraytype>
	<centerX>-100</centerX>
	<centerY>-114</centerY>
	<range>30</range>
	<cls>com.android.calendar.AllInOneActivity</cls>
	<pkg>com.google.android.calendar</pkg>
    </drawable>





<!--10 Power at Power-->
    <drawable>
	<arraytype>100</arraytype>
	<centerX>97</centerX>
	<centerY>-115</centerY>
	<range>30</range>
	<cls>com.android.settings.Settings$PowerUsageSummaryActivity</cls>
	<pkg>com.android.settings</pkg>
    </drawable>



<!--13 Whatsapp-->
    <drawable>
	<arraytype>100</arraytype>
	<centerX>-2</centerX>
	<centerY>187</centerY>
	<range>30</range>
        <cls>com.whatsapp.Main</cls>
        <pkg>com.whatsapp</pkg>
    </drawable>

<!--14 Sports-->
    <drawable>
	<arraytype>100</arraytype>
	<centerX>-152</centerX>
	<centerY>-25</centerY>
	<range>30</range>
	<cls>it.nimarsolutions.rungpstracker.SplashActivity</cls>
        <pkg>it.nimarsolutions.rungpstracker</pkg>
    </drawable>

<!--15 Camera-->
    <drawable>
	<arraytype>100</arraytype>
	<centerX>129</centerX>
	<centerY>121</centerY>
	<range>30</range>
	<cls>com.android.camera.CameraLauncher</cls>
	<pkg>com.mediatek.camera</pkg>
    </drawable>

<!--16 Brightness -->
    <drawable>
	<arraytype>100</arraytype>
	<centerX>95</centerX>
	<centerY>44</centerY>
	<range>30</range>
	<cls>com.android.systemui.settings.BrightnessDialog</cls>
	<pkg>com.android.systemui</pkg>
    </drawable>

<!--17 Maps-->
    <drawable>
	<arraytype>100</arraytype>
	<centerX>-52</centerX>
	<centerY>140</centerY>
	<range>30</range>
	<cls>com.google.android.maps.MapsActivity</cls>
        <pkg>com.google.android.apps.maps</pkg>
    </drawable>
<!--mic-->
    <drawable>
	<arraytype>100</arraytype>
	<centerX>-42</centerX>
	<centerY>-172</centerY>
	<range>40</range>
	<cls>com.android.soundrecorder.SoundRecorder</cls>
	<pkg>com.android.soundrecorder</pkg>
    </drawable>

 <!-- Paramètres montre Android -->
    <drawable>
        <arraytype>100</arraytype>
        <centerX>42</centerX>
        <centerY>-169</centerY>
    <cls>com.android.settings.Settings</cls>
    <pkg>com.android.settings</pkg>
    </drawable>

 <!-- Contacts -->
    <drawable>
        <arraytype>100</arraytype>
        <centerX>-169</centerX>
        <centerY>53</centerY>
    <cls>com.android.contacts.activities.PeopleActivity</cls>
    <pkg>com.android.contacts</pkg>
    </drawable>

<!--COMMENTED BY ClockSkinMaker
<metadata gui='rra' version='1.4.0.0'/>
-->
</clockskin>