<?xml version="1.0" encoding="utf-8"?>
<clockskin>
	<drawable>
		<name>BATT ROTATE.png</name>
		<rotate>6</rotate>
	</drawable>
	<drawable>
		<name>BASE.png</name>
	</drawable>
	<drawable>
		<name>HATCH.png</name>
	</drawable>
	<drawable>
		<name>FIGURES WITH STROKE_2.png</name>
	</drawable>
	<drawable>
		<name>MONTH DAY BASE.png</name>
	</drawable>
	<drawable>
		<name>MONTH ROTATE.png</name>
		<rotate>4</rotate>
		<centerY>101</centerY>
	</drawable>
	<drawable>
		<name>DAY.xml</name>
		<arraytype>4</arraytype>
		<centerY>100</centerY>
	</drawable>
	<drawable>
		<name>Batt idic frame.png</name>
	</drawable>
	<drawable>
		<name>WD.xml</name>
		<arraytype>5</arraytype>
	</drawable>
	<drawable>
		<name>HH.png</name>
		<rotate>1</rotate>
	</drawable>
	<drawable>
		<name>MH.png</name>
		<rotate>2</rotate>
	</drawable>
	<drawable>
		<name>SH.png</name>
		<rotate>3</rotate>
	</drawable>
	<drawable>
		<name>center.png</name>
	</drawable>
<!--COMMENTED BY ClockSkinMaker
<metadata gui='rra' version='2.0.0.2'/>
-->
</clockskin>