<?xml version="1.0" encoding="utf-8"?>
<clockskin>
	<drawable>
		<name>400.png</name>
	</drawable>
	<drawable>
		<name>_shkala0.png</name>
	</drawable>
	<drawable>
		<name>d.xml</name>
		<arraytype>4</arraytype>
		<centerX>64</centerX>
		<centerY>-94</centerY>
	</drawable>
	<drawable>
		<name>st.xml</name>
		<arraytype>12</arraytype>
		<centerY>88</centerY>
	</drawable>
	<drawable>
		<name>week.xml</name>
		<arraytype>5</arraytype>
		<centerX>-49</centerX>
		<centerY>-89</centerY>
	</drawable>
	<drawable>
		<name>bt.xml</name>
		<arraytype>14</arraytype>
		<centerY>136</centerY>
	</drawable>
	<drawable>
		<name>second.png</name>
		<rotate>3</rotate>
	</drawable>
	<drawable>
		<name>_lenta.png</name>
	</drawable>
	<drawable>
		<name>hm.xml</name>
		<arraytype>6</arraytype>
	</drawable>
<!--COMMENTED BY ClockSkinMaker
<metadata gui='rra' version='1.4.0.0'/>
-->
</clockskin>