<clockskin>
    <drawable>
        <name>image1.png</name>
    </drawable>
    <drawable>
        <rotate>1</rotate>
        <mulrotate>1</mulrotate>
        <name>image2.png</name>
    </drawable>
    <drawable>
        <rotate>2</rotate>
        <mulrotate>1</mulrotate>
        <name>image3.png</name>
    </drawable>
    <drawable>
        <rotate>3</rotate>
        <mulrotate>1</mulrotate>
        <name>image4.png</name>
    </drawable>
    <drawable>
        <name>digital1.xml</name>
        <arraytype>6</arraytype>
    </drawable>
    <drawable>
        <name>digital2.xml</name>
        <arraytype>1</arraytype>
        <centerX>0</centerX>
        <centerY>45</centerY>
    </drawable>
    <drawable>
        <name>digital3.xml</name>
        <arraytype>11</arraytype>
        <centerX>0</centerX>
        <centerY>-45</centerY>
    </drawable>
</clockskin>
