<?xml version="1.0" encoding="utf-8"?>
<drawables>
	<image>Month_jan.png</image>
	<image>Month_feb.png</image>
	<image>Month_mar.png</image>
	<image>Month_apr.png</image>
	<image>Month_may.png</image>
	<image>Month_jun.png</image>
	<image>Month_jul.png</image>
	<image>Month_aug.png</image>
	<image>Month_sep.png</image>
	<image>Month_oct.png</image>
	<image>Month_nov.png</image>
	<image>Month_dec.png</image>
<!--COMMENTED BY ClockSkinMaker
<metadata gui='rra' version='1.6.0.0' type='array_month' autoscale='1' font='Times New Roman' fontstyle='Regular' fontsize='14.9081'>
<content>Jan</content>
<content>Feb</content>
<content>Mar</content>
<content>Apr</content>
<content>May</content>
<content>Jun</content>
<content>Jul</content>
<content>Aug</content>
<content>Sep</content>
<content>Oct</content>
<content>Nov</content>
<content>Dec</content>
</metadata>
-->
</drawables>