<?xml version="1.0" encoding="utf-8"?>
<clockskin>
	<drawable>
		<name>back fon.png</name>
	</drawable>
	<drawable>
		<name>bat.png</name>
		<rotate>6</rotate>
		<centerY>-32</centerY>
		<mulrotate>1</mulrotate>
	</drawable>
	<drawable>
		<name>second.png</name>
		<rotate>3</rotate>
		<angle>45</angle>
		<direction>2</direction>
	</drawable>
	<drawable>
		<name>24.png</name>
		<rotate>7</rotate>
		<centerY>-72</centerY>
	</drawable>
	<drawable>
		<name>Fon.png</name>
	</drawable>
	<drawable>
		<name>day.xml</name>
		<arraytype>4</arraytype>
		<centerX>-126</centerX>
		<centerY>-1</centerY>
	</drawable>
	<drawable>
		<name>weak.xml</name>
		<arraytype>5</arraytype>
		<centerX>-87</centerX>
		<centerY>-1</centerY>
	</drawable>
	<drawable>
		<name>watch 3.png</name>
		<rotate>1</rotate>
	</drawable>
	<drawable>
		<name>watch 8.png</name>
		<rotate>2</rotate>
	</drawable>
<!--COMMENTED BY ClockSkinMaker
<metadata gui='rra' version='1.4.0.0'/>
-->
</clockskin>