<?xml version="1.0" encoding="utf-8"?>
<drawables>
	<image>weak_sun.png</image>
	<image>weak_mon.png</image>
	<image>weak_tue.png</image>
	<image>weak_wed.png</image>
	<image>weak_thu.png</image>
	<image>weak_fri.png</image>
	<image>weak_sat.png</image>
<!--COMMENTED BY ClockSkinMaker
<metadata gui='rra' version='1.4.0.0' type='array_weekday' forecolor='FFFFFF' autoscale='0' font='Forward' fontstyle='Bold' fontsize='18,75'>
<content forecolor='FF0000'>ВС</content>
<content>ПН</content>
<content>ВТ</content>
<content>СР</content>
<content>ЧТ</content>
<content>ПТ</content>
<content forecolor='FF0000'>СБ</content>
</metadata>
-->
</drawables>