<?xml version="1.0" encoding="utf-8"?>
<clockskin>
	<drawable>
		<name>400a_.png</name>
	</drawable>
	<drawable>
		<name>day.xml</name>
		<arraytype>4</arraytype>
		<centerX>144</centerX>
	</drawable>
	<drawable>
		<name>str_bleck.png</name>
		<rotate>6</rotate>
		<centerY>104</centerY>
	</drawable>
	<drawable>
		<name>str_red.png</name>
		<rotate>3</rotate>
		<centerX>1</centerX>
		<centerY>-103</centerY>
		<mulrotate>2</mulrotate>
	</drawable>
	<drawable>
		<name>hand.png</name>
		<rotate>1</rotate>
	</drawable>
	<drawable>
		<name>minute.png</name>
		<rotate>2</rotate>
	</drawable>
	<drawable>
		<name>ten_second.png</name>
		<rotate>3</rotate>
		<centerY>11</centerY>
	</drawable>
	<drawable>
		<name>1second.png</name>
		<rotate>3</rotate>
	</drawable>
	<drawable>
		<color>1</color>
		<arraytype>99</arraytype>
		<centerX>72</centerX>
		<centerY>-36</centerY>
	</drawable>
<!--COMMENTED BY ClockSkinMaker
<metadata gui='rra' version='1.4.0.0'/>
-->
</clockskin>