<?xml version="1.0" encoding="utf-8"?>
<clockskin>
	<drawable>
		<name>image1.png</name>
	</drawable>
        <drawable>
		<name>image2.png</name>
		<rotate>3</rotate>
	</drawable>
        <drawable>
		<name>BATTERY_1.xml</name>
		<arraytype>14</arraytype>
		<centerX>203</centerX>
		<centerY>-1</centerY>
	</drawable>
        <drawable>
		<name>weekday_array.xml</name>
		<arraytype>5</arraytype>
		<centerX>-25</centerX>
		<centerY>-45</centerY>
	</drawable>
	<drawable>
		<name>D_1.xml</name>
		<arraytype>6</arraytype>
		<centerX>-2</centerX>
		<centerY>-6</centerY>
	</drawable>
	<drawable>
		<name>D1_1.xml</name>
		<arraytype>12</arraytype>
		<centerX>-4</centerX>
		<centerY>-99</centerY>
	</drawable>
	<drawable>
		<name>D1.xml</name>
		<arraytype>9</arraytype>
		<centerX>7</centerX>
		<centerY>45</centerY>
	</drawable>
        <drawable>
                <name>second.xml</name>
                <arraytype>4</arraytype>
                <centerX>65</centerX>
                <centerY>-45</centerY>
        </drawable>
<metadata gui='rra' version='1.6.0.0'/>
-->
</clockskin>