<?xml version="1.0" encoding="utf-8"?>
<clockskin>
	<drawable>
		<name>gadfg.png</name>
	</drawable>
	<drawable>
		<name>di.png</name>
		<rotate>3</rotate>
		<direction>2</direction>
		<mulrotate>5</mulrotate>
	</drawable>
	<drawable>
		<name>saff.png</name>
	</drawable>
	<drawable>
		<name>day.xml</name>
		<arraytype>4</arraytype>
		<centerX>95</centerX>
	</drawable>
	<drawable>
		<name>wed.xml</name>
		<arraytype>5</arraytype>
		<centerX>-95</centerX>
	</drawable>
	<drawable>
		<name>di2.png</name>
	</drawable>
	<drawable>
		<name>22.png</name>
		<rotate>1</rotate>
	</drawable>
	<drawable>
		<name>11.png</name>
		<rotate>2</rotate>
	</drawable>
	<drawable>
		<name>33.png</name>
		<rotate>3</rotate>
		<direction>1</direction>
	</drawable>
<!--COMMENTED BY ClockSkinMaker
<metadata gui='rra' version='1.6.0.0'/>
-->
</clockskin>