<?xml version="1.0" encoding="utf-8"?>
<clockskin>
	<drawable>
		<name>Big dlack circul pos 1_2.png</name>
	</drawable>
	<drawable>
		<name>Rotate circule pos 2_2.png</name>
		<rotate>3</rotate>
	</drawable>
	<drawable>
		<name>Second image pos 3.png</name>
	</drawable>
	<drawable>
		<name>Houers pos 4.png</name>
	</drawable>
	<drawable>
		<name>Rotate second hend_red pos 5.png</name>
		<rotate>3</rotate>
	</drawable>
	<drawable>
		<name>Mask_1.png</name>
	</drawable>
	<drawable>
		<name>Mask_2.png</name>
	</drawable>
	<drawable>
		<name>Hatch_3.png</name>
	</drawable>
	<drawable>
		<name>Mask_ring.png</name>
	</drawable>
	<drawable>
		<name>Figures.png</name>
	</drawable>
	<drawable>
		<name>Gold ring.png</name>
	</drawable>
	<drawable>
		<name>Turbillion ring.png</name>
		<centerY>15</centerY>
	</drawable>
	<drawable>
		<name>Balans_3.png</name>
		<rotate>3</rotate>
		<centerY>110</centerY>
		<mulrotate>48</mulrotate>
	</drawable>
	<drawable>
		<name>Balance Wheel__.png</name>
		<rotate>3</rotate>
		<centerY>110</centerY>
		<mulrotate>180</mulrotate>
	</drawable>
	<drawable>
		<name>Balans_2.png</name>
		<rotate>3</rotate>
		<centerY>110</centerY>
		<mulrotate>120</mulrotate>
	</drawable>
	<drawable>
		<name>Spring_blue.png</name>
		<centerY>110</centerY>
	</drawable>
	<drawable>
		<name>Flying Tourbillon_green.png</name>
		<rotate>3</rotate>
		<centerY>109</centerY>
	</drawable>
	<drawable>
		<name>Battery base.png</name>
	</drawable>
	<drawable>
		<name>Battery rotate.png</name>
		<rotate>6</rotate>
		<centerX>-1</centerX>
		<mulrotate>-2</mulrotate>
	</drawable>
	<drawable>
		<name>HH.png</name>
		<rotate>1</rotate>
	</drawable>
	<drawable>
		<name>MH.png</name>
		<rotate>2</rotate>
	</drawable>
<!--COMMENTED BY ClockSkinMaker
<metadata gui='rra' version='2.0.0.2'/>
-->
</clockskin>