<?xml version="1.0" encoding="utf-8"?>
<clockskin>
	<drawable>
		<name>Circul.png</name>
	</drawable>
	<drawable>
		<name>24.png</name>
		<rotate>7</rotate>
		<centerX>-1</centerX>
		<centerY>-51</centerY>
	</drawable>
	<drawable>
		<name>Batt rotate.png</name>
		<rotate>6</rotate>
		<centerY>32</centerY>
		<direction>2</direction>
		<mulrotate>-2</mulrotate>
	</drawable>
	<drawable>
		<name>Black back.png</name>
	</drawable>
	<drawable>
		<name>SEC RING_green.png</name>
	</drawable>
	<drawable>
		<name>minutes ring red.png</name>
	</drawable>
	<drawable>
		<name>A_sec.xml</name>
		<arraytype>9</arraytype>
		<centerX>-200</centerX>
	</drawable>
	<drawable>
		<name>B_sec.xml</name>
		<arraytype>9</arraytype>
		<centerX>200</centerX>
	</drawable>
	<drawable>
		<name>Sec_frame_BLACK.png</name>
	</drawable>
	<drawable>
		<name>12_2.png</name>
	</drawable>
	<drawable>
		<name>hOUR.xml</name>
		<arraytype>7</arraytype>
		<centerX>-94</centerX>
		<centerY>-18</centerY>
	</drawable>
	<drawable>
		<name>Minute.xml</name>
		<arraytype>8</arraytype>
		<centerX>79</centerX>
		<centerY>-11</centerY>
	</drawable>
	<drawable>
		<name>dAY.xml</name>
		<arraytype>4</arraytype>
		<centerX>-73</centerX>
		<centerY>83</centerY>
	</drawable>
	<drawable>
		<name>weekday.xml</name>
		<arraytype>5</arraytype>
		<centerY>190</centerY>
	</drawable>
	<drawable>
		<name>sh ROTATE.png</name>
		<rotate>3</rotate>
	</drawable>
	<drawable>
		<name>moon_phase.xml</name>
		<arraytype>19</arraytype>
		<centerY>-128</centerY>
	</drawable>
<!--COMMENTED BY ClockSkinMaker
<metadata gui='rra' version='2.0.0.2'/>
-->
</clockskin>