<?xml version="1.0" encoding="utf-8"?>
<clockskin>
	<drawable>
		<name>fon.png</name>
	</drawable>
	<drawable>
		<name>battery.png</name>
		<rotate>6</rotate>
		<centerX>-96</centerX>
		<direction>1</direction>
	</drawable>
	<drawable>
		<name>bat1.png</name>
		<centerX>-96</centerX>
	</drawable>
	<drawable>
		<name>weak.png</name>
		<rotate>5</rotate>
		<centerX>96</centerX>
	</drawable>
	<drawable>
		<name>bat.xml</name>
		<arraytype>14</arraytype>
		<centerX>-101</centerX>
		<centerY>-10</centerY>
	</drawable>
	<drawable>
		<name>step.xml</name>
		<arraytype>12</arraytype>
		<centerX>-96</centerX>
		<centerY>20</centerY>
	</drawable>
	<drawable>
		<name>day.xml</name>
		<arraytype>4</arraytype>
		<centerX>97</centerX>
		<centerY>-11</centerY>
	</drawable>
	<drawable>
		<name>mon.xml</name>
		<arraytype>3</arraytype>
		<centerX>96</centerX>
		<centerY>16</centerY>
	</drawable>
	<drawable>
		<name>img7553.png</name>
		<rotate>1</rotate>
	</drawable>
	<drawable>
		<name>img7554.png</name>
		<rotate>2</rotate>
	</drawable>
	<drawable>
		<name>clock_skin_second.png</name>
		<rotate>3</rotate>
	</drawable>
<!--COMMENTED BY ClockSkinMaker
<metadata gui='rra' version='1.4.0.0'/>
-->
</clockskin>