<?xml version="1.0" encoding="utf-8"?>
<clockskin>
	<drawable>
		<name>TEXT BACK.png</name>
		<rotate>3</rotate>
		<centerY>-33</centerY>
		<mulrotate>24</mulrotate>
	</drawable>
	<drawable>
		<name>ticks_WITH SAN.png</name>
	</drawable>
	<drawable>
		<name>figures.png</name>
	</drawable>
	<drawable>
		<name>wd m batt day bases_2.png</name>
	</drawable>
	<drawable>
		<name>month.xml</name>
		<arraytype>3</arraytype>
	</drawable>
	<drawable>
		<name>WEEK DAY.xml</name>
		<arraytype>5</arraytype>
	</drawable>
	<drawable>
		<name>DAY.xml</name>
		<arraytype>4</arraytype>
		<centerX>1</centerX>
		<centerY>154</centerY>
	</drawable>
	<drawable>
		<name>BATT ROTATE.png</name>
		<rotate>6</rotate>
		<centerY>113</centerY>
	</drawable>
	<drawable>
		<name>ticks_2.png</name>
	</drawable>
	<drawable>
		<name>HH_2.png</name>
		<rotate>1</rotate>
	</drawable>
	<drawable>
		<name>MH_2.png</name>
		<rotate>2</rotate>
	</drawable>
	<drawable>
		<name>SH.png</name>
		<rotate>3</rotate>
	</drawable>
<!--COMMENTED BY ClockSkinMaker
<metadata gui='rra' version='2.0.0.2'/>
-->
</clockskin>