<?xml version="1.0" encoding="utf-8"?>
<clockskin>
	<drawable>
		<name>1.png</name>
	</drawable>
	<drawable>
		<name>11.png</name>
		<rotate>3</rotate>
		<centerX>90</centerX>
		<centerY>-4</centerY>
		<mulrotate>4</mulrotate>
	</drawable>
	<drawable>
		<name>22.png</name>
		<rotate>3</rotate>
		<centerX>56</centerX>
		<centerY>64</centerY>
		<mulrotate>4</mulrotate>
	</drawable>
	<drawable>
		<name>zsxfcxgh_1.png</name>
		<rotate>3</rotate>
		<centerX>2</centerX>
		<centerY>86</centerY>
		<mulrotate>4</mulrotate>
	</drawable>
	<drawable>
		<name>zsxfcxgh.png</name>
		<rotate>3</rotate>
		<mulrotate>3</mulrotate>
	</drawable>
	<drawable>
		<name>gdrg.png</name>
		<rotate>1</rotate>
	</drawable>
	<drawable>
		<name>2.png</name>
		<rotate>2</rotate>
	</drawable>
	<drawable>
		<name>fcgfcgfdg.png</name>
		<rotate>3</rotate>
	</drawable>
<!--COMMENTED BY ClockSkinMaker
<metadata gui='rra' version='1.6.0.0'/>
-->
</clockskin>