<?xml version="1.0" encoding="utf-8"?>
<clockskin>
	<drawable>
		<name>Base_1.png</name>
	</drawable>
	<drawable>
		<name>Base_2.png</name>
	</drawable>
	<drawable>
		<name>Ticks.png</name>
	</drawable>
	<drawable>
		<name>Blue center.png</name>
	</drawable>
	<drawable>
		<name>Figures.png</name>
	</drawable>
	<drawable>
		<name>wd batt sec text.png</name>
	</drawable>
	<drawable>
		<name>wd sec batt day bases_comp.png</name>
	</drawable>
	<drawable>
		<name>SH.png</name>
		<rotate>3</rotate>
		<centerX>-1</centerX>
		<centerY>82</centerY>
	</drawable>
	<drawable>
		<name>Batt rotate.png</name>
		<rotate>6</rotate>
		<centerX>-33</centerX>
		<mulrotate>-2</mulrotate>
	</drawable>
	<drawable>
		<name>Day base.png</name>
		<centerY>-1</centerY>
	</drawable>
	<drawable>
		<name>Day array.xml</name>
		<arraytype>4</arraytype>
		<centerX>1</centerX>
		<centerY>-60</centerY>
	</drawable>
	<drawable>
		<name>WD array.xml</name>
		<arraytype>5</arraytype>
	</drawable>
	<drawable>
		<name>Blue center_frame.png</name>
	</drawable>
	<drawable>
		<name>HH.png</name>
		<rotate>1</rotate>
	</drawable>
	<drawable>
		<name>MH.png</name>
		<rotate>2</rotate>
	</drawable>
<!--COMMENTED BY ClockSkinMaker
<metadata gui='rra' version='2.0.0.2'/>
-->
</clockskin>