<?xml version="1.0" encoding="utf-8"?>
<clockskin>
	<drawable>
		<name>Back.png</name>
	</drawable>
	<drawable>
		<name>Base.png</name>
	</drawable>
	<drawable>
		<name>A sec.xml</name>
		<arraytype>9</arraytype>
		<centerX>-200</centerX>
	</drawable>
	<drawable>
		<name>B sec.xml</name>
		<arraytype>9</arraytype>
		<centerX>200</centerX>
	</drawable>
	<drawable>
		<name>12.png</name>
	</drawable>
	<drawable>
		<name>sec frame green_2.png</name>
	</drawable>
	<drawable>
		<name>Center_2.png</name>
	</drawable>
	<drawable>
		<name>HM.xml</name>
		<arraytype>6</arraytype>
		<centerY>1</centerY>
	</drawable>
	<drawable>
		<name>wd.xml</name>
		<arraytype>5</arraytype>
		<centerY>-118</centerY>
	</drawable>
	<drawable>
		<name>day.xml</name>
		<arraytype>4</arraytype>
		<centerY>124</centerY>
	</drawable>
<!--COMMENTED BY ClockSkinMaker
<metadata gui='rra' version='2.0.0.2'/>
-->
</clockskin>