<?xml version="1.0" encoding="utf-8"?>
<clockskin>
	<drawable>
		<name>se.xml</name>
		<arraytype>9</arraytype>
		<centerX>200</centerX>
	</drawable>
	<drawable>
		<name>image_day.png</name>
	</drawable>
	<drawable>
		<name>d_day.xml</name>
		<arraytype>4</arraytype>
		<centerX>-473</centerX>
		<centerY>-71</centerY>
	</drawable>
	<drawable>
		<name>d_day.xml</name>
		<arraytype>4</arraytype>
		<centerX>315</centerX>
		<centerY>-82</centerY>
	</drawable>
	<drawable>
		<name>str1_.png</name>
		<rotate>3</rotate>
		<mulrotate>2</mulrotate>
	</drawable>
	<drawable>
		<name>batt.png</name>
		<rotate>6</rotate>
	</drawable>
	<drawable>
		<name>image_batt.png</name>
	</drawable>
	<drawable>
		<name>hand.png</name>
		<rotate>1</rotate>
	</drawable>
	<drawable>
		<name>minute.png</name>
		<rotate>2</rotate>
	</drawable>
	<drawable>
		<name>second.png</name>
		<rotate>3</rotate>
	</drawable>
	<drawable>
		<arraytype>99</arraytype>
		<centerX>-20</centerX>
		<centerY>80</centerY>
	</drawable>
<!--COMMENTED BY ClockSkinMaker
<metadata gui='rra' version='1.4.0.0'/>
-->
</clockskin>