<?xml version="1.0" encoding="utf-8"?>
<drawables>
	<image>bat_1.png</image>
	<image>bat_2.png</image>
	<image>bat_3.png</image>
	<image>bat_4.png</image>
	<image>bat_5.png</image>
	<image>bat_6.png</image>
	<image>bat_7.png</image>
	<image>bat_8.png</image>
	<image>bat_9.png</image>
	<image>bat_10.png</image>
	<image>bat_lead_1.png</image>
	<image>bat_percent_1.png</image>
<metadata gui='rra' version='1.6.0.0' type='array_battery_level' autoscale='1' font='Times New Roman' fontstyle='Regular' fontsize='7.202815'>
<content>0</content>
<content>1</content>
<content>2</content>
<content>3</content>
<content>4</content>
<content>5</content>
<content>6</content>
<content>7</content>
<content>8</content>
<content>9</content>
<content></content>
<content>%</content>
</metadata>
-->
</drawables>