<?xml version="1.0" encoding="utf-8"?>
<clockskin>
	<drawable>
		<name>image1.png</name>
	</drawable>
        <drawable>
		<name>BATTERY_1.xml</name>
		<arraytype>14</arraytype>
                <centerX>200</centerX>
		<centerY>-3</centerY>
        </drawable>
        <drawable>
		<name>heartrate_array.xml</name>
		<arraytype>13</arraytype>
		<centerX>15</centerX>
		<centerY>90</centerY>
	</drawable>
        <drawable>
		<name>weekday_array.xml</name>
		<arraytype>5</arraytype>
		<centerX>15</centerX>
		<centerY>-115</centerY>
	</drawable>
	<drawable>
		<name>hour.xml</name>
		<arraytype>6</arraytype>
		<centerX>0</centerX>
		<centerY>-20</centerY>
	</drawable>
	<drawable>
		<name>steps.xml</name>
		<arraytype>12</arraytype>
		<centerX>-4</centerX>
		<centerY>120</centerY>
	</drawable>
	<drawable>
		<name>second.xml</name>
		<arraytype>9</arraytype>
		<centerX>0</centerX>
		<centerY>30</centerY>
	</drawable>
        <drawable>
                <name>data.xml</name>
                <arraytype>4</arraytype>
                <centerX>0</centerX>
                <centerY>-85</centerY>
        </drawable>
<metadata gui='rra' version='1.6.0.0'/>
-->
</clockskin>