<?xml version="1.0" encoding="utf-8"?>
<drawables>
	<image>day_sun.png</image>
	<image>day_mon.png</image>
	<image>day_tue.png</image>
	<image>day_wed.png</image>
	<image>day_thu.png</image>
	<image>day_fri.png</image>
	<image>day_sat.png</image>
<!--COMMENTED BY ClockSkinMaker
<metadata gui='rra' version='1.4.0.0' type='array_weekday' forecolor='E09436' autoscale='1' shadowcolor='000000' shadowx='1' shadowy='1' font='BankGothic Lt BT' fontstyle='Regular' fontsize='19.73832'>
<content>SUN</content>
<content>MON</content>
<content>TUE</content>
<content>WED</content>
<content>THU</content>
<content>FRI</content>
<content>SAT</content>
</metadata>
-->
</drawables>