<?xml version="1.0" encoding="utf-8"?>
<drawables>
	<image>MONTH_jan.png</image>
	<image>MONTH_feb.png</image>
	<image>MONTH_mar.png</image>
	<image>MONTH_apr.png</image>
	<image>MONTH_may.png</image>
	<image>MONTH_jun.png</image>
	<image>MONTH_jul.png</image>
	<image>MONTH_aug.png</image>
	<image>MONTH_sep.png</image>
	<image>MONTH_oct.png</image>
	<image>MONTH_nov.png</image>
	<image>MONTH_dec.png</image>
<!--COMMENTED BY ClockSkinMaker
<metadata gui='rra' version='1.4.0.0' type='array_month' forecolor='E09436' autoscale='1' shadowcolor='000000' shadowx='1' shadowy='1' font='BankGothic Lt BT' fontstyle='Regular' fontsize='23.18773'>
<content>Jan</content>
<content>Feb</content>
<content>Mar</content>
<content>Apr</content>
<content>May</content>
<content>Jun</content>
<content>Jul</content>
<content>Aug</content>
<content>Sep</content>
<content>Oct</content>
<content>Nov</content>
<content>Dec</content>
</metadata>
-->
</drawables>