<?xml version="1.0" encoding="utf-8"?>
<clockskin>
	<drawable>
		<name>Tourbillon black back.png</name>
	</drawable>
	<drawable>
		<name>center weel.png</name>
		<rotate>3</rotate>
		<centerX>-21</centerX>
		<centerY>53</centerY>
	</drawable>
	<drawable>
		<name>center 1.png</name>
		<rotate>3</rotate>
	</drawable>
	<drawable>
		<name>Base.png</name>
	</drawable>
	<drawable>
		<name>Hatch.png</name>
	</drawable>
	<drawable>
		<name>wd tour batt day bases.png</name>
	</drawable>
	<drawable>
		<name>Ball.png</name>
		<rotate>3</rotate>
		<centerY>102</centerY>
		<mulrotate>100</mulrotate>
	</drawable>
	<drawable>
		<name>Spring_blue.png</name>
		<centerY>102</centerY>
	</drawable>
	<drawable>
		<name>Tourbillon.png</name>
		<rotate>3</rotate>
		<centerY>102</centerY>
	</drawable>
	<drawable>
		<name>Tourbillon ticks.png</name>
	</drawable>
	<drawable>
		<name>Array Day.xml</name>
		<arraytype>4</arraytype>
		<centerX>91</centerX>
		<centerY>-13</centerY>
	</drawable>
	<drawable>
		<name>wd rotate.png</name>
		<rotate>5</rotate>
		<centerX>-91</centerX>
		<centerY>-53</centerY>
	</drawable>
	<drawable>
		<name>Battery rotate.png</name>
		<rotate>6</rotate>
		<centerX>89</centerX>
		<centerY>-53</centerY>
	</drawable>
	<drawable>
		<name>Hatch_2.png</name>
	</drawable>
	<drawable>
		<name>HH.png</name>
		<rotate>1</rotate>
	</drawable>
	<drawable>
		<name>MH.png</name>
		<rotate>2</rotate>
	</drawable>
	<drawable>
		<name>SH_center.png</name>
	</drawable>
<!--COMMENTED BY ClockSkinMaker
<metadata gui='rra' version='2.0.0.2'/>
-->
</clockskin>