<?xml version="1.0" encoding="utf-8"?>
<clockskin>
	<drawable>
		<name>fds.png</name>
	</drawable>
	<drawable>
		<name>week.xml</name>
		<arraytype>5</arraytype>
		<centerX>85</centerX>
		<centerY>5</centerY>
	</drawable>
	<drawable>
		<name>weather_array.xml</name>
		<arraytype>10</arraytype>
		<centerY>-60</centerY>
	</drawable>
	<drawable>
		<name>day.xml</name>
		<arraytype>4</arraytype>
		<centerX>145</centerX>
		<centerY>2</centerY>
	</drawable>
	<drawable>
		<name>12345678908d6340210fa439fb9d6c25f1b5c6821.png</name>
		<rotate>1</rotate>
	</drawable>
	<drawable>
		<name>123456789ae532f64e37c4a548ee0cb0089fb546d.png</name>
		<rotate>2</rotate>
	</drawable>
	<drawable>
		<name>123456789035635adade1430884864ba1effc3fdf.png</name>
		<rotate>3</rotate>
	</drawable>
<!--COMMENTED BY ClockSkinMaker
<metadata gui='rra' version='1.6.0.0'/>
-->
</clockskin>