<?xml version="1.0" encoding="utf-8"?>
<clockskin>
	<drawable>
		<name>BLUE BACK.png</name>
	</drawable>
	<drawable>
		<name>BATT ROTATE.png</name>
		<rotate>6</rotate>
		<direction>2</direction>
	</drawable>
	<drawable>
		<name>24.png</name>
		<rotate>7</rotate>
		<centerY>-88</centerY>
	</drawable>
	<drawable>
		<name>SH_2.png</name>
		<rotate>3</rotate>
	</drawable>
	<drawable>
		<name>BASE.png</name>
	</drawable>
	<drawable>
		<name>MONTH.xml</name>
		<arraytype>3</arraytype>
	</drawable>
	<drawable>
		<name>WD.xml</name>
		<arraytype>5</arraytype>
	</drawable>
	<drawable>
		<name>Array Day.xml</name>
		<arraytype>4</arraytype>
		<centerY>145</centerY>
	</drawable>
	<drawable>
		<name>Frame.png</name>
	</drawable>
	<drawable>
		<name>A_TEMP.xml</name>
		<arraytype>11</arraytype>
		<centerX>63</centerX>
		<centerY>-77</centerY>
	</drawable>
	<drawable>
		<name>weather_array.xml</name>
		<arraytype>10</arraytype>
		<centerX>-62</centerX>
		<centerY>-171</centerY>
	</drawable>
	<drawable>
		<name>AM_array.xml</name>
		<arraytype>6</arraytype>
		<centerY>22</centerY>
	</drawable>
	<drawable>
		<name>moon_phase.xml</name>
		<arraytype>19</arraytype>
		<centerY>-146</centerY>
	</drawable>
<!--COMMENTED BY ClockSkinMaker
<metadata gui='rra' version='2.0.0.2'/>
-->
</clockskin>