<?xml version="1.0" encoding="utf-8"?>
<clockskin>
	<drawable>
		<name>d.png</name>
	</drawable>
	<drawable>
		<name>day.xml</name>
		<arraytype>4</arraytype>
		<centerX>110</centerX>
	</drawable>
	<drawable>
		<name>94a05447548c4b72b9d25dbe032b68b6.png</name>
		<rotate>1</rotate>
	</drawable>
	<drawable>
		<name>15dbfea75e6e4a9bb0778a024ee26fdc.png</name>
		<rotate>2</rotate>
	</drawable>
	<drawable>
		<name>19447ff22b504e3f8ab63c9142c72fce.png</name>
		<rotate>3</rotate>
	</drawable>
<!--COMMENTED BY ClockSkinMaker
<metadata gui='rra' version='1.6.0.0'/>
-->
</clockskin>