<?xml version="1.0" encoding="utf-8"?>
<clockskin>
	<drawable>
		<name>2.png</name>
	</drawable>
	<drawable>
		<name>111_1.png</name>
		<rotate>3</rotate>
		<centerX>44</centerX>
		<centerY>-28</centerY>
		<direction>2</direction>
	</drawable>
	<drawable>
		<name>111.png</name>
		<rotate>3</rotate>
		<centerX>-44</centerX>
		<centerY>-28</centerY>
		<direction>2</direction>
	</drawable>
	<drawable>
		<name>222.png</name>
		<rotate>3</rotate>
		<centerX>112</centerX>
		<centerY>2</centerY>
	</drawable>
	<drawable>
		<name>222_1.png</name>
		<rotate>3</rotate>
		<centerX>-111</centerX>
		<centerY>4</centerY>
	</drawable>
	<drawable>
		<name>dfgdf_1.png</name>
		<rotate>3</rotate>
	</drawable>
	<drawable>
		<name>1234567890.png</name>
	</drawable>
	<drawable>
		<name>ymd.xml</name>
		<arraytype>1</arraytype>
		<centerX>1</centerX>
		<centerY>-86</centerY>
	</drawable>
	<drawable>
		<name>dfcxzfg.png</name>
	</drawable>
	<drawable>
		<name>w.xml</name>
		<arraytype>5</arraytype>
		<centerY>-119</centerY>
	</drawable>
	<drawable>
		<name>33.png</name>
		<rotate>3</rotate>
		<centerY>78</centerY>
	</drawable>
	<drawable>
		<name>s.xml</name>
		<arraytype>9</arraytype>
		<centerY>79</centerY>
	</drawable>
	<drawable>
		<name>h.png</name>
		<rotate>1</rotate>
	</drawable>
	<drawable>
		<name>m.png</name>
		<rotate>2</rotate>
	</drawable>
	<drawable>
		<name>s.png</name>
		<rotate>3</rotate>
	</drawable>
	<drawable>
		<name>dfgdf.png</name>
	</drawable>
<!--COMMENTED BY ClockSkinMaker
<metadata gui='rra' version='1.6.0.0'/>
-->
</clockskin>