<clockskin>
    <drawable>
        <name>image1.png</name>
    </drawable>
    <drawable>
        <name>digital1.xml</name>
        <arraytype>6</arraytype>
        <centerX>-781</centerX>
        <centerY>-61</centerY>
    </drawable>
    <drawable>
        <name>digital1.xml</name>
        <arraytype>6</arraytype>
        <centerX>-408</centerX>
        <centerY>-69</centerY>
    </drawable>
    <drawable>
        <name>digital1.xml</name>
        <arraytype>6</arraytype>
        <centerX>-30</centerX>
        <centerY>-76</centerY>
    </drawable>
    <drawable>
        <name>digital1.xml</name>
        <arraytype>6</arraytype>
        <centerX>349</centerX>
        <centerY>-82</centerY>
    </drawable>
    <drawable>
        <name>digital1.xml</name>
        <arraytype>6</arraytype>
        <centerX>722</centerX>
        <centerY>-90</centerY>
    </drawable>
    <drawable>
        <name>digital2.xml</name>
        <arraytype>9</arraytype>
        <centerX>-115</centerX>
        <centerY>-46</centerY>
    </drawable>
    <drawable>
        <name>digital2.xml</name>
        <arraytype>9</arraytype>
        <centerX>258</centerX>
        <centerY>-51</centerY>
    </drawable>
    <drawable>
        <name>digital3.xml</name>
        <arraytype>1</arraytype>
        <centerX>-1848</centerX>
        <centerY>46</centerY>
    </drawable>
    <drawable>
        <name>digital3.xml</name>
        <arraytype>1</arraytype>
        <centerX>-1462</centerX>
        <centerY>45</centerY>
    </drawable>
    <drawable>
        <name>digital3.xml</name>
        <arraytype>1</arraytype>
        <centerX>-1073</centerX>
        <centerY>44</centerY>
    </drawable>
    <drawable>
        <name>digital3.xml</name>
        <arraytype>1</arraytype>
        <centerX>-684</centerX>
        <centerY>43</centerY>
    </drawable>
    <drawable>
        <name>digital3.xml</name>
        <arraytype>1</arraytype>
        <centerX>-298</centerX>
        <centerY>42</centerY>
    </drawable>
    <drawable>
        <name>digital3.xml</name>
        <arraytype>1</arraytype>
        <centerX>90</centerX>
        <centerY>41</centerY>
    </drawable>
    <drawable>
        <name>digital3.xml</name>
        <arraytype>1</arraytype>
        <centerX>479</centerX>
        <centerY>40</centerY>
    </drawable>
    <drawable>
        <name>digital3.xml</name>
        <arraytype>1</arraytype>
        <centerX>865</centerX>
        <centerY>39</centerY>
    </drawable>
    <drawable>
        <name>digital3.xml</name>
        <arraytype>1</arraytype>
        <centerX>1251</centerX>
        <centerY>38</centerY>
    </drawable>
    <drawable>
        <name>digital3.xml</name>
        <arraytype>1</arraytype>
        <centerX>1637</centerX>
        <centerY>37</centerY>
    </drawable>
    <drawable>
        <name>digital4.xml</name>
        <arraytype>11</arraytype>
        <centerX>-440</centerX>
        <centerY>-27</centerY>
    </drawable>
    <drawable>
        <name>digital4.xml</name>
        <arraytype>11</arraytype>
        <centerX>-58</centerX>
        <centerY>-29</centerY>
    </drawable>
    <drawable>
        <name>digital4.xml</name>
        <arraytype>11</arraytype>
        <centerX>329</centerX>
        <centerY>-30</centerY>
    </drawable>
    <drawable>
        <name>digital4.xml</name>
        <arraytype>11</arraytype>
        <centerX>719</centerX>
        <centerY>-31</centerY>
    </drawable>
    <drawable>
        <name>digital5.xml</name>
        <arraytype>5</arraytype>
        <centerX>18</centerX>
        <centerY>54</centerY>
    </drawable>
</clockskin>
