<?xml version="1.0" encoding="utf-8"?>
<clockskin>
	<drawable>
		<name>lunasol.png</name>
		<rotate>3</rotate>
	</drawable>
	<drawable>
		<name>panel3.png</name>
	</drawable>
	<drawable>
		<name>giroscopo01.png</name>
		<rotate>3</rotate>
		<centerX>0</centerX>
		<centerY>0</centerY>
		<mulrotate>20</mulrotate>
		<direction>1</direction>
	</drawable>
	<drawable>
		<name>giroscopo02.png</name>
		<rotate>3</rotate>
		<centerX>0</centerX>
		<centerY>0</centerY>
		<mulrotate>40</mulrotate>
		<direction>2</direction>
	</drawable>
	<drawable>
		<name>panel2.png</name>
	</drawable>
	<drawable>
		<name>weekday_array.xml</name>
		<arraytype>5</arraytype>
		<centerX>-125</centerX>
		<centerY>14</centerY>
	</drawable>
	<drawable>
		<name>steps_array.xml</name>
		<arraytype>12</arraytype>
		<centerX>105</centerX>
		<centerY>32</centerY>
	</drawable>
	<drawable>
		<name>heart.xml</name>
		<centerX>115</centerX>
		<centerY>82</centerY>
		<arraytype>13</arraytype>
	</drawable>
	<drawable>
		<name>hour_minute_array_1.xml</name>
		<arraytype>6</arraytype>
		<centerX>-18</centerX>
		<centerY>113</centerY>
	</drawable>
	<drawable>
		<name>moon_phase.xml</name>
		<arraytype>19</arraytype>
		<centerX>35</centerX>
		<centerY>147</centerY>
	</drawable>
	<drawable>
		<name>battery_array.xml</name>
		<centerX>2</centerX>
		<centerY>-104</centerY>
		<colorarray>000000,990000</colorarray>
		<arraytype>17</arraytype>
	</drawable>
	<drawable>
		<name>segundos.xml</name>
		<centerX>49</centerX>
		<centerY>118</centerY>
		<arraytype>9</arraytype>
	</drawable>
	<drawable>
		<name>temp_array.xml</name>
		<arraytype>11</arraytype>
		<centerX>-5</centerX>
		<centerY>147</centerY>
	</drawable>
	<drawable>
		<name>hour_minute_array.xml</name>
		<arraytype>4</arraytype>
		<centerX>-86</centerX>
		<centerY>16</centerY>
	</drawable>
	<drawable>
		<name>esferatierra.png</name>
		<rotate>3</rotate>
		<centerX>-101</centerX>
		<centerY>-63</centerY>
		<mulrotate>2</mulrotate>
		<direction>2</direction>
	</drawable>
	<drawable>
		<name>tierra.png</name>
		<rotate>3</rotate>
		<centerX>-101</centerX>
		<centerY>-63</centerY>
		<mulrotate>2</mulrotate>
		<direction>2</direction>
	</drawable>
	<drawable>
		<name>esferasol.png</name>
		<rotate>3</rotate>
		<centerX>103</centerX>
		<centerY>-59</centerY>
		<mulrotate>1</mulrotate>
	</drawable>
	<drawable>
		<name>esferatierra.png</name>
		<rotate>3</rotate>
		<centerX>103</centerX>
		<centerY>-59</centerY>
		<mulrotate>2</mulrotate>
	</drawable>
	<drawable>
		<name>weather_array.xml</name>
		<arraytype>10</arraytype>
		<centerX>103</centerX>
		<centerY>-59</centerY>
	</drawable>
	<drawable>
		<name>hand_s_peq.png</name>
		<rotate>3</rotate>
		<mulrotate>1</mulrotate>
		<direction>1</direction>
	</drawable>

	<drawable>
		<name>hand_h.png</name>
		<rotate>1</rotate>
	</drawable>
	<drawable>
		<name>hand_m.png</name>
		<rotate>2</rotate>
	</drawable>
	<drawable>
		<name>hand_s_peq_2.png</name>
		<rotate>3</rotate>
		<mulrotate>1</mulrotate>
		<direction>2</direction>
	</drawable>
	<drawable>
		<name>hand_s.png</name>
		<rotate>3</rotate>
		<direction>1</direction>
	</drawable>


<!--COMMENTED BY ClockSkinMaker
<metadata gui='rra' version='1.5.0.0'/>
-->
</clockskin>