<?xml version="1.0" encoding="utf-8"?>
<drawables>
	<image>digital24_0.png</image>
	<image>digital24_1.png</image>
	<image>digital24_1.png</image>
	<image>digital24_3.png</image>
	<image>digital24_4.png</image>
	<image>digital24_5.png</image>
	<image>digital24_6.png</image>
	<image>digital24_5.png</image>
	<image>digital24_8.png</image>
	<image>digital24_9.png</image>
	<image>digital24_10.png</image>
	<image>digital24_11.png</image>
	<image>digital24_12.png</image>
	<image>digital24_13.png</image>
	<image>digital24_13.png</image>
</drawables>