<?xml version="1.0" encoding="utf-8"?>
<clockskin>
	<drawable>
		<name>BATT ROTATE.png</name>
		<rotate>6</rotate>
	</drawable>
	<drawable>
		<name>BASE.png</name>
	</drawable>
	<drawable>
		<name>FIGURES BACK_2.png</name>
	</drawable>
	<drawable>
		<name>FIGURES.png</name>
	</drawable>
	<drawable>
		<name>WD MONTH DAY BASES.png</name>
	</drawable>
	<drawable>
		<name>WD BASE.png</name>
	</drawable>
	<drawable>
		<name>MONTH BASE.png</name>
	</drawable>
	<drawable>
		<name>BATTERY LEVEL.png</name>
	</drawable>
	<drawable>
		<name>WD.xml</name>
		<arraytype>5</arraytype>
	</drawable>
	<drawable>
		<name>MONTH.xml</name>
		<arraytype>3</arraytype>
	</drawable>
	<drawable>
		<name>DAY.xml</name>
		<arraytype>4</arraytype>
		<centerX>1</centerX>
		<centerY>81</centerY>
	</drawable>
	<drawable>
		<name>HH.png</name>
		<rotate>1</rotate>
	</drawable>
	<drawable>
		<name>MH.png</name>
		<rotate>2</rotate>
	</drawable>
	<drawable>
		<name>SH_2.png</name>
		<rotate>3</rotate>
	</drawable>
	<drawable>
		<name>center.png</name>
		<rotate>3</rotate>
	</drawable>
	<drawable>
		<name>60 ticks.png</name>
	</drawable>
<!--COMMENTED BY ClockSkinMaker
<metadata gui='rra' version='2.0.0.2'/>
-->
</clockskin>