<?xml version="1.0" encoding="utf-8"?>
<clockskin>
	<drawable>
		<name>400.png</name>
	</drawable>
	<drawable>
		<name>0.png</name>
	</drawable>
	<drawable>
		<name>batt.xml</name>
		<arraytype>14</arraytype>
		<centerX>400</centerX>
	</drawable>
	<drawable>
		<name>hn.xml</name>
		<arraytype>6</arraytype>
		<centerX>3</centerX>
		<centerY>-23</centerY>
	</drawable>
	<drawable>
		<name>gold.png</name>
		<rotate>3</rotate>
	</drawable>
	<drawable>
		<name>400_d.png</name>
	</drawable>
	<drawable>
		<name>day_1.xml</name>
		<arraytype>4</arraytype>
		<centerY>-128</centerY>
	</drawable>
<!--COMMENTED BY ClockSkinMaker
<metadata gui='rra' version='1.4.0.0'/>
-->
</clockskin>