<?xml version="1.0" encoding="utf-8"?>
<clockskin>
	<drawable>
		<name>BAC.png</name>
	</drawable>
	<drawable>
		<name>clock_skin_fire.png</name>
		<rotate>3</rotate>
		<direction>1</direction>
		<mulrotate>3</mulrotate>
	</drawable>
	<drawable>
		<name>clock_skin_firemask.png</name>
		<rotate>3</rotate>
		<direction>2</direction>
		<mulrotate>2</mulrotate>
	</drawable>
	<drawable>
		<name>MAIN.png</name>
	</drawable>
	<drawable>
		<name>HM.xml</name>
		<arraytype>6</arraytype>
		<centerY>-29</centerY>
	</drawable>
	<drawable>
		<name>SEC.xml</name>
		<arraytype>9</arraytype>
		<centerX>145</centerX>
		<centerY>-42</centerY>
	</drawable>
	<drawable>
		<name>SEC_1_1.xml</name>
		<arraytype>12</arraytype>
		<centerX>-146</centerX>
		<centerY>-24</centerY>
	</drawable>
	<drawable>
		<name>SEC_1_2.xml</name>
		<arraytype>13</arraytype>
		<centerX>-91</centerX>
		<centerY>62</centerY>
	</drawable>
	<drawable>
		<name>SEC_1_3.xml</name>
		<arraytype>16</arraytype>
		<centerX>-101</centerX>
		<centerY>-90</centerY>
	</drawable>
	<drawable>
		<name>SEC_1.xml</name>
		<arraytype>4</arraytype>
		<centerX>-125</centerX>
		<centerY>-115</centerY>
	</drawable>
	<drawable>
		<name>MONTH.xml</name>
		<arraytype>3</arraytype>
		<centerX>-83</centerX>
		<centerY>-115</centerY>
	</drawable>
	<drawable>
		<name>WD.xml</name>
		<arraytype>5</arraytype>
		<centerX>-99</centerX>
		<centerY>-141</centerY>
	</drawable>
	<drawable>
		<name>AM&amp;PM.xml</name>
		<arraytype>6</arraytype>
		<centerX>144</centerX>
		<centerY>-12</centerY>
	</drawable>
	<drawable>
		<name>moon_phase.xml</name>
		<arraytype>19</arraytype>
		<centerX>94</centerX>
		<centerY>46</centerY>
	</drawable>
	<drawable>
		<name>weather_array.xml</name>
		<arraytype>10</arraytype>
		<centerX>-1</centerX>
		<centerY>-130</centerY>
	</drawable>
	<drawable>
		<arraytype>99</arraytype>
		<centerX>-28</centerX>
		<centerY>-177</centerY>
	</drawable>
	<drawable>
		<name>TEMP.xml</name>
		<arraytype>11</arraytype>
		<centerY>-91</centerY>
	</drawable>
	<drawable>
		<name>SEC_1_1_1.xml</name>
		<arraytype>14</arraytype>
		<centerX>87</centerX>
		<centerY>-94</centerY>
	</drawable>
	<drawable>
		<name>KCAL.xml</name>
		<arraytype>54</arraytype>
		<centerY>62</centerY>
	</drawable>
	<drawable>
		<name>DIS.xml</name>
		<arraytype>60</arraytype>
		<centerX>-53</centerX>
		<centerY>140</centerY>
	</drawable>
<!--COMMENTED BY ClockSkinMaker
<metadata gui='rra' version='1.4.0.0'/>
-->
</clockskin>