<?xml version="1.0" encoding="utf-8"?>
<drawables>
	<image>WD_sun.png</image>
	<image>WD_mon.png</image>
	<image>WD_tue.png</image>
	<image>WD_wed.png</image>
	<image>WD_thu.png</image>
	<image>WD_fri.png</image>
	<image>WD_sat.png</image>
<!--COMMENTED BY ClockSkinMaker
<metadata gui='rra' version='1.4.0.0' type='array_weekday' forecolor='FFFFFF' autoscale='1' font='Roboto' fontstyle='Bold' fontsize='19.99675'>
<content>Sun</content>
<content>Mon</content>
<content>Tue</content>
<content>Wed</content>
<content>Thu</content>
<content>Fri</content>
<content>Sat</content>
</metadata>
-->
</drawables>