<?xml version="1.0" encoding="utf-8"?>
<clockskin>
	<drawable>
		<name>gh0.png</name>
	</drawable>
	<drawable>
		<name>akku.png</name>
		<rotate>6</rotate>
		<centerX>-95</centerX>
		<centerY>-4</centerY>
		<mulrotate>2</mulrotate>
	</drawable>
	<drawable>
		<name>picik1.png</name>
		<rotate>3</rotate>
		<centerY>94</centerY>
	</drawable>
	<drawable>
		<name>weekday_array.xml</name>
		<arraytype>5</arraytype>
		<centerX>-1</centerX>
		<centerY>-96</centerY>
	</drawable>
	<drawable>
		<name>date_1.xml</name>
		<arraytype>6</arraytype>
		<centerX>75</centerX>
		<centerY>-29</centerY>
	</drawable>
	<drawable>
		<name>date_2.xml</name>
		<arraytype>9</arraytype>
		<centerX>124</centerX>
		<centerY>-29</centerY>
	</drawable>
	<drawable>
		<name>date.xml</name>
		<arraytype>16</arraytype>
		<centerX>91</centerX>
		<centerY>27</centerY>
	</drawable>
	<drawable>
		<name>month_array.xml</name>
		<arraytype>3</arraytype>
		<centerX>92</centerX>
		<centerY>3</centerY>
	</drawable>
	<drawable>
		<name>col.png</name>
		<centerX>108</centerX>
		<centerY>-29</centerY>
	</drawable>
	<drawable>
		<name>second25.png</name>
		<rotate>7</rotate>
	</drawable>
	<drawable>
		<name>hour70.png</name>
		<rotate>1</rotate>
		<centerX>-3</centerX>
		<centerY>5</centerY>
	</drawable>
	<drawable>
		<name>hour7.png</name>
		<rotate>1</rotate>
	</drawable>
	<drawable>
		<name>minute70.png</name>
		<rotate>2</rotate>
		<centerX>-3</centerX>
		<centerY>7</centerY>
	</drawable>
	<drawable>
		<name>minute7.png</name>
		<rotate>2</rotate>
		<centerX>-1</centerX>
	</drawable>
	<drawable>
		<name>mp0.png</name>
		<rotate>3</rotate>
		<centerX>-5</centerX>
		<centerY>9</centerY>
	</drawable>
	<drawable>
		<name>mp.png</name>
		<rotate>3</rotate>
	</drawable>
	<drawable>
		<name>gh01ss.png</name>
		<rotate>3</rotate>
		<direction>2</direction>
	</drawable>
<!--COMMENTED BY ClockSkinMaker
<metadata gui='rra' version='1.4.0.0'/>
-->
</clockskin>