<?xml version="1.0" encoding="utf-8"?>
<clockskin>
	<drawable>
		<name>clock_skin_panel.png</name>
	</drawable>
	<drawable>
		<name>clock_skin_panel3_1.png</name>
		<rotate>3</rotate>
		<direction>1</direction>
		<mulrotate>2</mulrotate>
	</drawable>
	<drawable>
		<name>clock_skin_panel3_2.png</name>
		<rotate>3</rotate>
		<direction>2</direction>
		<mulrotate>4</mulrotate>
	</drawable>
	<drawable>
		<name>clock_skin_panel3.png</name>
		<rotate>3</rotate>
		<angle>7</angle>
		<startAngle>8</startAngle>
		<direction>1</direction>
		<mulrotate>-1</mulrotate>
	</drawable>
	<drawable>
		<name>monthday_array.xml</name>
		<arraytype>2</arraytype>
		<centerX>-130</centerX>
	</drawable>
	<drawable>
		<name>step_array.xml</name>
		<arraytype>12</arraytype>
		<centerY>145</centerY>
	</drawable>
	<drawable>
		<name>heartrate_array.xml</name>
		<arraytype>13</arraytype>
		<centerY>-145</centerY>
	</drawable>
	<drawable>
		<name>temp_array.xml</name>
		<arraytype>11</arraytype>
		<centerX>155</centerX>
	</drawable>
	<drawable>
		<name>weather_array.xml</name>
		<arraytype>10</arraytype>
		<centerX>100</centerX>
	</drawable>
	<drawable>
		<arraytype>99</arraytype>
		<centerX>-20</centerX>
		<centerY>60</centerY>
	</drawable>
	<drawable>
		<name>clock_skin_hour.png</name>
		<rotate>1</rotate>
	</drawable>
	<drawable>
		<name>clock_skin_minute.png</name>
		<rotate>2</rotate>
	</drawable>
	<drawable>
		<name>clock_skin_second.png</name>
		<rotate>3</rotate>
		<direction>1</direction>
	</drawable>
<!--COMMENTED BY ClockSkinMaker
<metadata gui='rra' version='1.4.0.0'/>
-->
</clockskin>