<?xml version="1.0" encoding="utf-8"?>
<clockskin>
	<drawable>
		<name>Batt back.png</name>
	</drawable>
	<drawable>
		<name>Batt rotate.png</name>
		<rotate>6</rotate>
		<mulrotate>-2</mulrotate>
	</drawable>
	<drawable>
		<name>Back.png</name>
	</drawable>
	<drawable>
		<name>Hatch.png</name>
	</drawable>
	<drawable>
		<name>Second ticks.png</name>
	</drawable>
	<drawable>
		<name>A_sec.xml</name>
		<arraytype>9</arraytype>
		<centerX>-200</centerX>
	</drawable>
	<drawable>
		<name>B_sec.xml</name>
		<arraytype>9</arraytype>
		<centerX>200</centerX>
	</drawable>
	<drawable>
		<name>Figures_green.png</name>
		<centerX>-1</centerX>
		<centerY>1</centerY>
	</drawable>
	<drawable>
		<name>Figures.png</name>
	</drawable>
	<drawable>
		<name>Day batt month WD bases_GREEN.png</name>
	</drawable>
	<drawable>
		<name>Frames.png</name>
	</drawable>
	<drawable>
		<name>AWD.xml</name>
		<arraytype>5</arraytype>
	</drawable>
	<drawable>
		<name>A_MONTH.xml</name>
		<arraytype>3</arraytype>
	</drawable>
	<drawable>
		<name>A_DAY.xml</name>
		<arraytype>4</arraytype>
		<centerY>65</centerY>
	</drawable>
	<drawable>
		<name>HH.png</name>
		<rotate>1</rotate>
	</drawable>
	<drawable>
		<name>MH.png</name>
		<rotate>2</rotate>
	</drawable>
	<drawable>
		<name>SH.png</name>
		<rotate>3</rotate>
	</drawable>
<!--COMMENTED BY ClockSkinMaker
<metadata gui='rra' version='2.0.0.2'/>
-->
</clockskin>