<clockskin>
    <drawable>
        <name>image1.png</name>
    </drawable>
    <drawable>
        <rotate>1</rotate>
        <mulrotate>1</mulrotate>
        <centerX>-83</centerX>
        <centerY>-71</centerY>
        <name>image2.png</name>
    </drawable>
    <drawable>
        <rotate>2</rotate>
        <mulrotate>1</mulrotate>
        <centerX>-83</centerX>
        <centerY>-71</centerY>
        <name>image3.png</name>
    </drawable>
    <drawable>
        <rotate>3</rotate>
        <mulrotate>1</mulrotate>
        <centerX>-83</centerX>
        <centerY>-71</centerY>
        <name>image4.png</name>
    </drawable>
    <drawable>
        <name>digital1.xml</name>
        <arraytype>6</arraytype>
        <centerX>-7</centerX>
        <centerY>92</centerY>
    </drawable>
    <drawable>
        <name>digital2.xml</name>
        <arraytype>1</arraytype>
        <centerX>-4</centerX>
        <centerY>139</centerY>
    </drawable>
</clockskin>
