<?xml version="1.0" encoding="utf-8"?>
<clockskin>
	<drawable>
		<name>400a.png</name>
	</drawable>
	<drawable>
		<name>d_day.xml</name>
		<arraytype>4</arraytype>
		<centerX>480</centerX>
		<centerY>83</centerY>
	</drawable>
	<drawable>
		<name>d_day.xml</name>
		<arraytype>4</arraytype>
		<centerX>-309</centerX>
		<centerY>94</centerY>
	</drawable>
	<drawable>
		<name>batt.png</name>
		<rotate>6</rotate>
		<centerX>-79</centerX>
		<centerY>1</centerY>
	</drawable>
	<drawable>
		<name>strel.png</name>
		<rotate>3</rotate>
		<centerY>82</centerY>
	</drawable>
	<drawable>
		<name>strel_.png</name>
		<rotate>3</rotate>
		<centerX>3</centerX>
		<centerY>-78</centerY>
		<mulrotate>22</mulrotate>
	</drawable>
	<drawable>
		<name>hand.png</name>
		<rotate>1</rotate>
	</drawable>
	<drawable>
		<name>minute.png</name>
		<rotate>2</rotate>
	</drawable>
	<drawable>
		<name>second.png</name>
		<rotate>3</rotate>
	</drawable>
<!--COMMENTED BY ClockSkinMaker
<metadata gui='rra' version='1.4.0.0'/>
-->
</clockskin>