<?xml version="1.0" encoding="utf-8"?>
<clockskin>
	<drawable>
		<name>image11.png</name>
	</drawable>
	<drawable>
		<color>1</color>
		<arraytype>99</arraytype>
		<centerX>-22</centerX>
		<centerY>158</centerY>
	</drawable>
	<drawable>
		<name>digital1.xml</name>
		<arraytype>6</arraytype>
		<centerY>10</centerY>
	</drawable>
	<drawable>
		<name>digital2_1.xml</name>
		<arraytype>9</arraytype>
		<centerX>166</centerX>
		<centerY>-31</centerY>
	</drawable>
	<drawable>
		<name>digital3.xml</name>
		<arraytype>6</arraytype>
		<centerX>-168</centerX>
		<centerY>-38</centerY>
	</drawable>
	<drawable>
		<name>digital5.xml</name>
		<arraytype>5</arraytype>
		<centerX>-130</centerX>
		<centerY>90</centerY>
	</drawable>
	<drawable>
		<name>digital4.xml</name>
		<arraytype>14</arraytype>
		<centerX>187</centerX>
		<centerY>124</centerY>
	</drawable>
	<drawable>
		<name>digital6.xml</name>
		<arraytype>4</arraytype>
		<centerX>-60</centerX>
		<centerY>90</centerY>
	</drawable>
	<drawable>
		<name>digital7.xml</name>
		<arraytype>3</arraytype>
		<centerX>2</centerX>
		<centerY>90</centerY>
	</drawable>
	<drawable>
		<name>image6.png</name>
	</drawable>
	<drawable>
		<name>digital8.xml</name>
		<arraytype>14</arraytype>
		<centerX>-5</centerX>
		<centerY>125</centerY>
	</drawable>
	<drawable>
		<name>digital9.xml</name>
		<arraytype>10</arraytype>
		<centerX>96</centerX>
		<centerY>-84</centerY>
	</drawable>
	<drawable>
		<name>digital10.xml</name>
		<arraytype>11</arraytype>
		<centerX>70</centerX>
		<centerY>-124</centerY>
	</drawable>
	<drawable>
		<name>digital11.xml</name>
		<arraytype>12</arraytype>
		<centerX>-75</centerX>
		<centerY>-84</centerY>
	</drawable>
	<drawable>
		<name>digital12.xml</name>
		<arraytype>13</arraytype>
		<centerX>-63</centerX>
		<centerY>-121</centerY>
	</drawable>
	<drawable>
		<name>image8.png</name>
	</drawable>
	<drawable>
		<name>digital13.xml</name>
		<arraytype>10</arraytype>
		<centerX>31</centerX>
		<centerY>-86</centerY>
	</drawable>
	<drawable>
		<name>digital2.xml</name>
		<arraytype>16</arraytype>
		<centerX>112</centerX>
		<centerY>91</centerY>
	</drawable>
	<drawable>
		<name>up.png</name>
	</drawable>
	<drawable>
		<name>moon_phase.xml</name>
		<arraytype>19</arraytype>
		<centerY>-178</centerY>
	</drawable>
	<drawable>
		<name>SEC.png</name>
		<rotate>3</rotate>
	</drawable>
<!--COMMENTED BY ClockSkinMaker
<metadata gui='rra' version='1.4.0.0'/>
-->
</clockskin>