<?xml version="1.0" encoding="utf-8"?>
<clockskin>
	<drawable>
		<name>1.png</name>
	</drawable>
	<drawable>
		<name>75.png</name>
		<rotate>6</rotate>
		<centerY>86</centerY>
		<angle>-90</angle>
		<startAngle>135</startAngle>
	</drawable>
	<drawable>
		<name>steps_1_1_1.xml</name>
		<arraytype>11</arraytype>
		<centerX>97</centerX>
		<centerY>96</centerY>
	</drawable>
	<drawable>
		<name>steps_2.xml</name>
		<arraytype>7</arraytype>
		<centerX>54</centerX>
		<centerY>-10</centerY>
	</drawable>
	<drawable>
		<name>steps.xml</name>
		<arraytype>8</arraytype>
		<centerX>101</centerX>
		<centerY>-10</centerY>
	</drawable>
	<drawable>
		<name>steps_1_2.xml</name>
		<arraytype>9</arraytype>
		<centerX>144</centerX>
		<centerY>-14</centerY>
	</drawable>
	<drawable>
		<name>day.xml</name>
		<arraytype>4</arraytype>
		<centerX>95</centerX>
		<centerY>18</centerY>
	</drawable>
	<drawable>
		<name>wd.xml</name>
		<arraytype>5</arraytype>
		<centerX>51</centerX>
		<centerY>18</centerY>
	</drawable>
	<drawable>
		<name>mon.xml</name>
		<arraytype>3</arraytype>
		<centerX>136</centerX>
		<centerY>18</centerY>
	</drawable>
	<drawable>
		<name>steps_1_1.xml</name>
		<arraytype>18</arraytype>
		<centerX>-87</centerX>
		<colorarray>2A2A2A,00ef28</colorarray>
	</drawable>
	<drawable>
		<name>weather_array.xml</name>
		<arraytype>10</arraytype>
		<centerX>127</centerX>
		<centerY>52</centerY>
	</drawable>
	<drawable>
		<name>steps_1.xml</name>
		<arraytype>13</arraytype>
		<centerX>98</centerX>
		<centerY>-40</centerY>
	</drawable>
	<drawable>
		<name>moon_phase.xml</name>
		<arraytype>19</arraytype>
		<centerX>71</centerX>
		<centerY>52</centerY>
	</drawable>
	<drawable>
		<name>batt.xml</name>
		<arraytype>14</arraytype>
		<centerX>69</centerX>
		<centerY>128</centerY>
	</drawable>
	<drawable>
		<name>AM&amp;PM.xml</name>
		<arraytype>6</arraytype>
		<centerX>140</centerX>
	</drawable>
	<drawable>
		<arraytype>99</arraytype>
		<centerX>-31</centerX>
		<centerY>108</centerY>
	</drawable>
	<drawable>
		<name>kal.xml</name>
		<arraytype>54</arraytype>
		<centerY>-85</centerY>
	</drawable>
	  <drawable>
        <arraytype>56</arraytype>
        <width>10</width>
        <radius>40</radius> 
        <colorarray>2A2A2A,00ef28</colorarray>
        <startAngle>240</startAngle>
        <angle>-300</angle>
        <centerX>0</centerX>
        <centerY>-85</centerY>
    </drawable>
	<drawable>
		<name>78.png</name>
		<rotate>1</rotate>
	</drawable>
	<drawable>
		<name>77.png</name>
		<rotate>2</rotate>
	</drawable>
	<drawable>
		<name>79.png</name>
		<rotate>3</rotate>
	</drawable>



<drawable>
        <!--ALARM-->
        <arraytype>100</arraytype>
        <centerX>0</centerX>
        <centerY>0</centerY>
        <range>30</range>
        <cls>com.android.deskclock.DeskClock</cls>
        <pkg>com.android.deskclock</pkg>
    </drawable>

   <drawable>
        <!--ALARM-->
        <arraytype>100</arraytype>
        <centerX>77</centerX>
        <centerY>-12</centerY>
        <range>30</range>
        <cls>com.android.deskclock.DeskClock</cls>
        <pkg>com.android.deskclock</pkg>
    </drawable>
	
  

   

  

    <drawable>
    <!--heart_rate-->
       <arraytype>100</arraytype>
       <centerX>97</centerX>
       <centerY>-44</centerY>
       <range>30</range>
       <cls>com.cenon.heartrate.HeartRateMonitorActivity</cls>
       <pkg>com.cenon.heartrate</pkg>
    </drawable>



<!--1 Music at Notes-->
    <drawable>
	<arraytype>100</arraytype>
	<centerX>95</centerX>
	<centerY>-87</centerY>
	<range>40</range>
	<cls>com.android.music.MusicBrowserActivity</cls>
	<pkg>com.android.music</pkg>
    </drawable>


<!--3 Calendar at Date-->
    <drawable>
	<arraytype>100</arraytype>
	<centerX>96</centerX>
	<centerY>17</centerY>
	<range>30</range>
	<cls>com.android.calendar.AllInOneActivity</cls>
	<pkg>com.google.android.calendar</pkg>
    </drawable>





<!--10 Power at Power-->
    <drawable>
	<arraytype>100</arraytype>
	<centerX>0</centerX>
	<centerY>86</centerY>
	<range>30</range>
	<cls>com.android.settings.Settings$PowerUsageSummaryActivity</cls>
	<pkg>com.android.settings</pkg>
    </drawable>





<!--14 Sports-->
    <drawable>
	<arraytype>100</arraytype>
	<centerX>-91</centerX>
	<centerY>15</centerY>
	<range>40</range>
	<cls>it.nimarsolutions.rungpstracker.SplashActivity</cls>
        <pkg>it.nimarsolutions.rungpstracker</pkg>
    </drawable>




    <!--WEATHER-->
	<drawable>
        <arraytype>100</arraytype>
        <centerX>103</centerX>
        <centerY>90</centerY>
        <range>40</range>
        <cls>com.android.watchweather.WeatherActivity</cls>
        <pkg>com.android.watchweather</pkg>
    </drawable>
	
	
	  <drawable>
        <!--GOOGLE ASSISTANT-->
        <arraytype>100</arraytype>
        <centerX>-91</centerX>
        <centerY>-32</centerY>
        <range>30</range>
        <cls>com.google.android.apps.googleassistant.AssistantActivity</cls>
        <pkg>com.google.android.apps.googleassistant</pkg>
    </drawable>
	
	
	<!--16 Brightness -->
    <drawable>
	<arraytype>100</arraytype>
	<centerX>72</centerX>
	<centerY>51</centerY>
	<range>30</range>
	<cls>com.android.systemui.settings.BrightnessDialog</cls>
	<pkg>com.android.systemui</pkg>
    </drawable>


</clockskin>