<?xml version="1.0" encoding="utf-8"?>
<drawables>
	<image>mon_jan.png</image>
	<image>mon_feb.png</image>
	<image>mon_mar.png</image>
	<image>mon_apr.png</image>
	<image>mon_may.png</image>
	<image>mon_jun.png</image>
	<image>mon_jul.png</image>
	<image>mon_aug.png</image>
	<image>mon_sep.png</image>
	<image>mon_oct.png</image>
	<image>mon_nov.png</image>
	<image>mon_dec.png</image>
<!--COMMENTED BY ClockSkinMaker
<metadata gui='rra' version='1.4.0.0' type='array_month' autoscale='1' font='Alien Encounters Solid' fontstyle='Regular' fontsize='17.95213'>
<content>Jan</content>
<content>Feb</content>
<content>Mar</content>
<content>Apr</content>
<content>May</content>
<content>Jun</content>
<content>Jul</content>
<content>Aug</content>
<content>Sep</content>
<content>Oct</content>
<content>Nov</content>
<content>Dec</content>
</metadata>
-->
</drawables>