<?xml version="1.0" encoding="utf-8"?>
<drawables>
	<image>clock_skin_1_num_03_5.png</image>
	<image>clock_skin_1_num_13_3.png</image>
	<image>clock_skin_1_num_23_3.png</image>
	<image>clock_skin_1_num_33_3.png</image>
	<image>clock_skin_1_num_43_3.png</image>
	<image>clock_skin_1_num_53_3.png</image>
	<image>clock_skin_1_num_63_3.png</image>
	<image>clock_skin_1_num_73_3.png</image>
	<image>clock_skin_1_num_83_3.png</image>
	<image>clock_skin_1_num_93_3.png</image>
	<image>clock_skin_none.png</image>
	<image>clock_skin_3_percent.png</image>
</drawables>