<?xml version="1.0" encoding="utf-8"?>
<clockskin>
	<drawable>
		<name>lunasol.png</name>
		<rotate>3</rotate>
	</drawable>
	<drawable>
		<name>panel3.png</name>
	</drawable>
	<drawable>
		<name>giroscopo01.png</name>
		<rotate>3</rotate>
		<direction>1</direction>
		<mulrotate>20</mulrotate>
	</drawable>
	<drawable>
		<name>giroscopo02.png</name>
		<rotate>3</rotate>
		<direction>2</direction>
		<mulrotate>40</mulrotate>
	</drawable>
	<drawable>
		<name>panel2.png</name>
	</drawable>
	<drawable>
		<color>1</color>
		<arraytype>99</arraytype>
		<centerX>-18</centerX>
		<centerY>-128</centerY>
	</drawable>
	<drawable>
		<name>weekday_array.xml</name>
		<arraytype>5</arraytype>
		<centerX>-123</centerX>
		<centerY>14</centerY>
	</drawable>
	<drawable>
		<name>steps_array.xml</name>
		<arraytype>12</arraytype>
		<centerX>105</centerX>
		<centerY>32</centerY>
	</drawable>
	<drawable>
		<name>heart.xml</name>
		<arraytype>13</arraytype>
		<centerX>115</centerX>
		<centerY>82</centerY>
	</drawable>
	<drawable>
		<name>hour_minute_array_1.xml</name>
		<arraytype>6</arraytype>
		<centerX>-18</centerX>
		<centerY>113</centerY>
	</drawable>
	<drawable>
		<name>moon_phase.xml</name>
		<arraytype>19</arraytype>
		<centerX>35</centerX>
		<centerY>147</centerY>
	</drawable>
	<drawable>
		<name>battery_array.xml</name>
		<arraytype>17</arraytype>
		<centerX>2</centerX>
		<centerY>-104</centerY>
		<colorarray>000000,FF8040</colorarray>
	</drawable>
	<drawable>
		<name>segundos.xml</name>
		<arraytype>9</arraytype>
		<centerX>49</centerX>
		<centerY>118</centerY>
	</drawable>
	<drawable>
		<name>temp_array.xml</name>
		<arraytype>11</arraytype>
		<centerX>-5</centerX>
		<centerY>147</centerY>
	</drawable>
	<drawable>
		<name>hour_minute_array.xml</name>
		<arraytype>4</arraytype>
		<centerX>-86</centerX>
		<centerY>16</centerY>
	</drawable>
	<drawable>
		<name>esferatierra_1.png</name>
		<rotate>3</rotate>
		<centerX>-101</centerX>
		<centerY>-63</centerY>
		<direction>2</direction>
		<mulrotate>2</mulrotate>
	</drawable>
	<drawable>
		<name>tierra.png</name>
		<rotate>3</rotate>
		<centerX>-101</centerX>
		<centerY>-63</centerY>
		<direction>2</direction>
		<mulrotate>2</mulrotate>
	</drawable>
	<drawable>
		<name>esferasol.png</name>
		<rotate>3</rotate>
		<centerX>103</centerX>
		<centerY>-59</centerY>
		<mulrotate>1</mulrotate>
	</drawable>
	<drawable>
		<name>esferatierra.png</name>
		<rotate>3</rotate>
		<centerX>103</centerX>
		<centerY>-59</centerY>
		<mulrotate>2</mulrotate>
	</drawable>
	<drawable>
		<name>weather_array.xml</name>
		<arraytype>10</arraytype>
		<centerX>103</centerX>
		<centerY>-59</centerY>
	</drawable>
	<drawable>
		<name>hand_s_peq.png</name>
		<rotate>3</rotate>
		<direction>2</direction>
		<mulrotate>1</mulrotate>
	</drawable>
	<drawable>
		<name>hand_h.png</name>
		<rotate>1</rotate>
	</drawable>
	<drawable>
		<name>hand_m.png</name>
		<rotate>2</rotate>
		<direction>1</direction>
	</drawable>
	<drawable>
		<name>hand_s_peq_2.png</name>
	</drawable>
	<drawable>
		<name>hand_s.png</name>
		<rotate>3</rotate>
		<direction>1</direction>
	</drawable>

<drawable>
        <!--ALARM-->
        <arraytype>100</arraytype>
        <centerX>0</centerX>
        <centerY>112</centerY>
        <range>32</range>
        <cls>com.android.deskclock.DeskClock</cls>
        <pkg>com.android.deskclock</pkg>
    </drawable>

    <drawable>
        <!--PHONE-->
        <arraytype>100</arraytype>
        <centerX>171</centerX>
        <centerY>0</centerY>
        <range>32</range>
        <cls>com.android.dialer.DialtactsWearActivity</cls>
        <pkg>com.android.dialer</pkg>
    </drawable> 
	
    <drawable>
        <!--GOOGLE ASSISTANT-->
        <arraytype>100</arraytype>
        <centerX>0</centerX>
        <centerY>60</centerY>
        <range>55</range>
        <cls>com.google.android.apps.googleassistant.AssistantActivity</cls>
        <pkg>com.google.android.apps.googleassistant</pkg>
    </drawable>

    <drawable>
    <!--WEATHER-->
        <arraytype>100</arraytype>
        <centerX>-42</centerX>
        <centerY>149</centerY>
        <range>32</range>
        <cls>com.android.watchweather.WeatherActivity</cls>
        <pkg>com.android.watchweather</pkg>
    </drawable>

    <drawable>
    <!--FITNESS-->
        <arraytype>100</arraytype>
        <centerX>104</centerX>
        <centerY>31</centerY>
        <range>32</range>
        <cls>com.sprots.wiiteer.fitness.module.main.ui.MainActivity</cls>
        <pkg>com.sprots.wiiteer.fitness</pkg>
    </drawable>

    <drawable>
    <!--heart_rate-->
       <arraytype>100</arraytype>
       <centerX>115</centerX>
       <centerY>80</centerY>
       <range>32</range>
       <cls>com.cenon.heartrate.HeartRateMonitorActivity</cls>
       <pkg>com.cenon.heartrate</pkg>
    </drawable>



<!--1 Music at Notes-->
    <drawable>
	<arraytype>100</arraytype>
	<centerX>-107</centerX>
	<centerY>73</centerY>
	<range>32</range>
	<cls>com.android.music.MusicBrowserActivity</cls>
	<pkg>com.android.music</pkg>
    </drawable>


<!--3 Calendar at Date-->
    <drawable>
	<arraytype>100</arraytype>
	<centerX>-110</centerX>
	<centerY>16</centerY>
	<range>32</range>
	<cls>com.android.calendar.AllInOneActivity</cls>
	<pkg>com.google.android.calendar</pkg>
    </drawable>





<!--10 Power at Power-->
    <drawable>
	<arraytype>100</arraytype>
	<centerX>0</centerX>
	<centerY>-103</centerY>
	<range>32</range>
	<cls>com.android.settings.Settings$PowerUsageSummaryActivity</cls>
	<pkg>com.android.settings</pkg>
    </drawable>



<!--13 Whatsapp-->
    <drawable>
	<arraytype>100</arraytype>
	<centerX>81</centerX>
	<centerY>-135</centerY>
	<range>32</range>
        <cls>com.whatsapp.Main</cls>
        <pkg>com.whatsapp</pkg>
    </drawable>

<!--14 Sports-->
    <drawable>
	<arraytype>100</arraytype>
	<centerX>77</centerX>
	<centerY>32</centerY>
	<range>30</range>
	<cls>it.nimarsolutions.rungpstracker.SplashActivity</cls>
        <pkg>it.nimarsolutions.rungpstracker</pkg>
    </drawable>

<!--15 Camera-->
    <drawable>
	<arraytype>100</arraytype>
	<centerX>0</centerX>
	<centerY>178</centerY>
	<range>32</range>
	<cls>com.android.camera.CameraLauncher</cls>
	<pkg>com.mediatek.camera</pkg>
    </drawable>

<!--16 Brightness -->
    <drawable>
	<arraytype>100</arraytype>
	<centerX>104</centerX>
	<centerY>-61</centerY>
	<range>30</range>
	<cls>com.android.systemui.settings.BrightnessDialog</cls>
	<pkg>com.android.systemui</pkg>
    </drawable>

<!--17 Maps-->
    <drawable>
	<arraytype>100</arraytype>
	<centerX>-103</centerX>
	<centerY>-64</centerY>
	<range>30</range>
	<cls>com.google.android.maps.MapsActivity</cls>
        <pkg>com.google.android.apps.maps</pkg>
    </drawable>
<!--mic-->
    <drawable>
	<arraytype>100</arraytype>
	<centerX>0</centerX>
	<centerY>-172</centerY>
	<range>35</range>
	<cls>com.android.soundrecorder.SoundRecorder</cls>
	<pkg>com.android.soundrecorder</pkg>
    </drawable>

 <!-- Paramètres montre Android -->
    <drawable>
        <arraytype>100</arraytype>
        <centerX>-78</centerX>
        <centerY>-136</centerY>
        <range>32</range>
    <cls>com.android.settings.Settings</cls>
    <pkg>com.android.settings</pkg>
    </drawable>

 <!-- Contacts -->
    <drawable>
        <arraytype>100</arraytype>
        <centerX>-176</centerX>
        <centerY>0</centerY>
        <range>32</range>
    <cls>com.android.contacts.activities.PeopleActivity</cls>
    <pkg>com.android.contacts</pkg>
    </drawable>

<!--COMMENTED BY ClockSkinMaker
<metadata gui='rra' version='1.4.0.0'/>
-->
</clockskin>