<?xml version="1.0" encoding="utf-8"?>
<drawables>
	<image>clock_skin_1_num_03_1.png</image>
	<image>clock_skin_1_num_13_1.png</image>
	<image>clock_skin_1_num_23_1.png</image>
	<image>clock_skin_1_num_33_1.png</image>
	<image>clock_skin_1_num_43_1.png</image>
	<image>clock_skin_1_num_53_1.png</image>
	<image>clock_skin_1_num_63_1.png</image>
	<image>clock_skin_1_num_73_1.png</image>
	<image>clock_skin_1_num_83_1.png</image>
	<image>clock_skin_1_num_93_1.png</image>
	<image>clock_skin_1_num_03_2.png</image>
</drawables>