<clockskin>
    <drawable>
        <name>image1.png</name>
    </drawable>
    <drawable>
        <name>image2.png</name>
        <rotate>3</rotate>
        <mulrotate>1</mulrotate>
    </drawable>
    <drawable>
        <name>image3.png</name>
    </drawable>
    <drawable>
        <name>image4.png</name>
        <rotate>3</rotate>
        <direction>2</direction>
        <mulrotate>-1</mulrotate>
        <centerX>55</centerX>
        <centerY>55</centerY>
    </drawable>
    <drawable>
        <name>image5.png</name>
        <rotate>3</rotate>
        <direction>2</direction>
        <mulrotate>-1</mulrotate>
        <centerX>55</centerX>
        <centerY>55</centerY>
    </drawable>
    <drawable>
        <name>image6.png</name>
    </drawable>
    <drawable>
        <name>digital1.xml</name>
        <arraytype>3</arraytype>
        <centerX>114</centerX>
        <centerY>0</centerY>
    </drawable>
    <drawable>
        <name>image7.png</name>
    </drawable>
    <drawable>
        <name>digital2.xml</name>
        <arraytype>12</arraytype>
        <centerX>-44</centerX>
        <centerY>0</centerY>
    </drawable>
    <drawable>
        <name>digital3.xml</name>
        <arraytype>6</arraytype>
        <centerX>0</centerX>
        <centerY>-37</centerY>
    </drawable>
    <drawable>
        <name>image8.png</name>
    </drawable>
    <drawable>
        <name>image9.png</name>
        <rotate>3</rotate>
        <mulrotate>1</mulrotate>
    </drawable>
    <drawable>
        <name>image10.png</name>
    </drawable>
    <drawable>
        <name>digital4.xml</name>
        <arraytype>13</arraytype>
        <centerX>-23</centerX>
        <centerY>34</centerY>
    </drawable>
    <drawable>
        <name>image11.png</name>
    </drawable>
    <drawable>
        <name>digital5.xml</name>
        <arraytype>11</arraytype>
        <centerX>44</centerX>
        <centerY>-7</centerY>
    </drawable>
    <drawable>
        <name>empty.png</name>
        <rotate>6</rotate>
        <direction>2</direction>
        <mulrotate>-1</mulrotate>
    </drawable>
    <drawable>
        <name>image12.png</name>
        <rotate>6</rotate>
        <mulrotate>360</mulrotate>
    </drawable>
    <drawable>
        <name>image13.png</name>
        <rotate>2</rotate>
        <mulrotate>1</mulrotate>
        <centerX>55</centerX>
        <centerY>53</centerY>
    </drawable>
    <drawable>
        <name>image14.png</name>
        <rotate>2</rotate>
        <mulrotate>1</mulrotate>
    </drawable>
    <drawable>
        <name>image15.png</name>
        <rotate>1</rotate>
        <mulrotate>1</mulrotate>
    </drawable>
    <drawable>
        <name>image16.png</name>
    </drawable>
</clockskin>
