<?xml version="1.0" encoding="utf-8"?>
<drawables>
	<image>BAT1111_num_0.png</image>
	<image>BAT1111_num_1.png</image>
	<image>BAT1111_num_2.png</image>
	<image>BAT1111_num_3.png</image>
	<image>BAT1111_num_4.png</image>
	<image>BAT1111_num_5.png</image>
	<image>BAT1111_num_6.png</image>
	<image>BAT1111_num_7.png</image>
	<image>BAT1111_num_8.png</image>
	<image>BAT1111_num_9.png</image>
	<image>BAT1111_lead.png</image>
	<image>BAT1111_percent.png</image>
<!--COMMENTED BY ClockSkinMaker
<metadata gui='rra' version='1.4.0.0' type='array_battery_level' forecolor='C0C0C0' autoscale='1' font='Let's go Digital' fontstyle='Bold, Italic' fontsize='19.3108'>
<content>0</content>
<content>1</content>
<content>2</content>
<content>3</content>
<content>4</content>
<content>5</content>
<content>6</content>
<content>7</content>
<content>8</content>
<content>9</content>
<content></content>
<content>%</content>
</metadata>
-->
</drawables>