<?xml version="1.0" encoding="utf-8"?>
<clockskin>
	<drawable>
		<name>img6L719.png</name>
	</drawable>
	<drawable>
		<name>backmed_2.png</name>
		<rotate>3</rotate>
		<centerX>-9</centerX>
		<centerY>8</centerY>
		<direction>1</direction>
	</drawable>
	<drawable>
		<name>backmed_1.png</name>
		<rotate>3</rotate>
		<centerX>-37</centerX>
		<centerY>2</centerY>
		<direction>2</direction>
		<mulrotate>3</mulrotate>
	</drawable>
	<drawable>
		<name>backmed.png</name>
		<rotate>3</rotate>
		<mulrotate>10</mulrotate>
	</drawable>
	<drawable>
		<name>new4.png</name>
	</drawable>
	<drawable>
		<name>img2017_1.png</name>
		<rotate>1</rotate>
		<centerX>-100</centerX>
	</drawable>
	<drawable>
		<name>img2018.png</name>
		<rotate>2</rotate>
		<centerX>-100</centerX>
	</drawable>
	<drawable>
		<name>dat.xml</name>
		<arraytype>1</arraytype>
		<centerY>-107</centerY>
	</drawable>
	<drawable>
		<name>weekday.xml</name>
		<arraytype>5</arraytype>
		<centerX>108</centerX>
		<centerY>93</centerY>
	</drawable>
	<drawable>
		<name>dat_1.xml</name>
		<arraytype>6</arraytype>
		<centerX>45</centerX>
	</drawable>
	<drawable>
		<name>dat_1_11.xml</name>
		<arraytype>9</arraytype>
		<centerX>130</centerX>
		<centerY>5</centerY>
	</drawable>
	<drawable>
		<name>dat_1_1_1.xml</name>
		<arraytype>12</arraytype>
		<centerX>77</centerX>
		<centerY>-54</centerY>
	</drawable>
	<drawable>
		<name>dat_1_11_1.xml</name>
		<arraytype>13</arraytype>
		<centerX>-116</centerX>
		<centerY>95</centerY>
	</drawable>
	<drawable>
		<name>TEMP.xml</name>
		<arraytype>11</arraytype>
		<centerX>114</centerX>
		<centerY>50</centerY>
	</drawable>
	<drawable>
		<name>BAT1111f.xml</name>
		<arraytype>14</arraytype>
		<centerX>-53</centerX>
		<centerY>95</centerY>
	</drawable>
	<drawable>
		<name>MONTH.xml</name>
		<arraytype>3</arraytype>
		<centerX>34</centerX>
		<centerY>93</centerY>
	</drawable>
	<drawable>
		<name>weather_array.xml</name>
		<arraytype>10</arraytype>
		<centerX>13</centerX>
		<centerY>50</centerY>
	</drawable>
	<drawable>
		<name>moon_phase.xml</name>
		<arraytype>19</arraytype>
		<centerX>83</centerX>
		<centerY>143</centerY>
	</drawable>
	<drawable>
		<name>image4_1_1.png</name>
		<rotate>3</rotate>
		<centerX>-83</centerX>
		<centerY>143</centerY>
	</drawable>
	<drawable>
		<name>image7_1_1.png</name>
		<rotate>3</rotate>
		<centerX>-83</centerX>
		<centerY>143</centerY>
		<mulrotate>60</mulrotate>
	</drawable>
	<drawable>
		<name>image7.png</name>
		<rotate>3</rotate>
		<centerX>-28</centerX>
		<centerY>143</centerY>
		<mulrotate>30</mulrotate>
	</drawable>
	<drawable>
		<name>image4.png</name>
		<rotate>2</rotate>
		<centerX>-28</centerX>
		<centerY>143</centerY>
	</drawable>
	<drawable>
		<name>image7_1.png</name>
		<rotate>3</rotate>
		<centerX>28</centerX>
		<centerY>143</centerY>
		<mulrotate>10</mulrotate>
	</drawable>
	<drawable>
		<name>image4_1.png</name>
		<rotate>1</rotate>
		<centerX>28</centerX>
		<centerY>143</centerY>
	</drawable>
	<drawable>
		<arraytype>99</arraytype>
		<centerX>-34</centerX>
		<centerY>-152</centerY>
	</drawable>
<!--COMMENTED BY ClockSkinMaker
<metadata gui='rra' version='1.4.0.0'/>
-->
</clockskin>