<clockskin>
    <drawable>
        <name>image1.png</name>
    </drawable>
    <drawable>
        <name>digital1.xml</name>
        <arraytype>11</arraytype>
        <centerX>-130</centerX>
        <centerY>-60</centerY>
    </drawable>
    <drawable>
        <name>digital2.xml</name>
        <arraytype>12</arraytype>
        <centerX>-17</centerX>
        <centerY>-61</centerY>
    </drawable>
    <drawable>
        <rotate>5</rotate>
        <mulrotate>1</mulrotate>
        <centerX>99</centerX>
        <centerY>-74</centerY>
        <name>image2.png</name>
    </drawable>
    <drawable>
        <name>digital3.xml</name>
        <arraytype>6</arraytype>
        <centerX>-13</centerX>
        <centerY>89</centerY>
    </drawable>
    <drawable>
        <name>digital4.xml</name>
        <arraytype>9</arraytype>
        <centerX>107</centerX>
        <centerY>106</centerY>
    </drawable>
    <drawable>
        <name>digital5.xml</name>
        <arraytype>1</arraytype>
        <centerX>0</centerX>
        <centerY>143</centerY>
    </drawable>
</clockskin>
