<?xml version="1.0" encoding="utf-8"?>
<clockskin>
	<drawable>
		<name>image1.png</name>
	</drawable>
	<drawable>
		<name>digital1.xml</name>
		<arraytype>6</arraytype>
		<centerX>53</centerX>
	</drawable>
	<drawable>
		<name>digital2.xml</name>
		<arraytype>11</arraytype>
		<centerX>77</centerX>
		<centerY>159</centerY>
	</drawable>
	<drawable>
		<name>digital3.xml</name>
		<arraytype>10</arraytype>
		<centerX>82</centerX>
		<centerY>117</centerY>
	</drawable>
	<drawable>
		<name>digital4.xml</name>
		<arraytype>5</arraytype>
		<centerX>138</centerX>
		<centerY>65</centerY>
	</drawable>
	<drawable>
		<name>digital5.xml</name>
		<arraytype>14</arraytype>
		<centerX>50</centerX>
		<centerY>-165</centerY>
	</drawable>
	<drawable>
		<name>digital6.xml</name>
		<arraytype>12</arraytype>
		<centerX>48</centerX>
		<centerY>-130</centerY>
	</drawable>
	<drawable>
		<name>digital8.xml</name>
		<arraytype>1</arraytype>
		<centerX>34</centerX>
		<centerY>62</centerY>
	</drawable>
	<drawable>
		<arraytype>99</arraytype>
		<centerX>30</centerX>
		<centerY>-69</centerY>
	</drawable>
 <drawable>
        <arraytype>59</arraytype>
        <width>24</width>
        <radius>100</radius> 
        <colorarray>#ffff00,#ffff00</colorarray>
        <startAngle>90</startAngle>
        <angle>180</angle>
        <mulrotate>3</mulrotate>
        <centerX>0</centerX>
        <centerY>0</centerY>
    </drawable>
    <drawable>
        <arraytype>56</arraytype>
        <width>24</width>
        <radius>130</radius> 
        <colorarray>#06feff,#06feff</colorarray>
        <startAngle>90</startAngle>
        <angle>180</angle>
        <mulrotate>3</mulrotate>
        <centerX>0</centerX>
        <centerY>0</centerY>
    </drawable>
    <drawable>
        <arraytype>58</arraytype>
        <width>24</width>
        <radius>160</radius> 
        <colorarray>#fc0400,#fc0400</colorarray>
        <startAngle>90</startAngle>
        <angle>180</angle>
        <mulrotate>3</mulrotate>
        <centerX>0</centerX>
        <centerY>0</centerY>
    </drawable>
<drawable>
        <name>digital12.xml</name>
        <arraytype>60</arraytype>
        <centerX>30</centerX>
        <centerY>-98</centerY>
    </drawable>
</clockskin>
