<?xml version="1.0" encoding="utf-8"?>
<clockskin>
	<drawable>
		<name>di.png</name>
	</drawable>
	<drawable>
		<name>week.xml</name>
		<arraytype>5</arraytype>
		<centerX>-32</centerX>
		<centerY>-89</centerY>
	</drawable>
	<drawable>
		<name>day.xml</name>
		<arraytype>4</arraytype>
		<centerX>36</centerX>
		<centerY>-88</centerY>
	</drawable>
	<drawable>
		<name>h.png</name>
		<rotate>1</rotate>
	</drawable>
	<drawable>
		<name>m.png</name>
		<rotate>2</rotate>
	</drawable>
	<drawable>
		<name>s.png</name>
		<rotate>3</rotate>
	</drawable>
<!--COMMENTED BY ClockSkinMaker
<metadata gui='rra' version='1.6.0.0'/>
-->
</clockskin>