<?xml version="1.0" encoding="utf-8"?>
<clockskin>
	<drawable>
		<name>bg.png</name>
	</drawable>
	<drawable>
		<name>m_1.png</name>
		<rotate>2</rotate>
		<centerX>-85</centerX>
	</drawable>
	<drawable>
		<name>m_2.png</name>
		<rotate>1</rotate>
		<centerY>82</centerY>
	</drawable>
	<drawable>
		<name>m.png</name>
		<rotate>13</rotate>
		<rotatemode>6</rotatemode>
		<centerY>-81</centerY>
		<angle>300</angle>
		<startAngle>-150</startAngle>
	</drawable>
	<drawable>
		<name>week.xml</name>
		<arraytype>5</arraytype>
		<centerX>75</centerX>
	</drawable>
	<drawable>
		<name>fgb.png</name>
		<rotate>3</rotate>
	</drawable>
<!--COMMENTED BY ClockSkinMaker
<metadata gui='rra' version='1.6.0.0'/>
-->
</clockskin>