<?xml version="1.0" encoding="utf-8"?>
<clockskin>
	<drawable>
		<name>Hatch.png</name>
	</drawable>
	<drawable>
		<name>Ticks.png</name>
	</drawable>
	<drawable>
		<name>Mask.png</name>
	</drawable>
	<drawable>
		<name>Figures.png</name>
	</drawable>
	<drawable>
		<name>Figures_2.png</name>
	</drawable>
	<drawable>
		<name>WD Day Batt indic bases.png</name>
	</drawable>
	<drawable>
		<name>WD BACK.png</name>
	</drawable>
	<drawable>
		<name>WD IMAGE.png</name>
	</drawable>
	<drawable>
		<name>WD.xml</name>
		<arraytype>5</arraytype>
	</drawable>
	<drawable>
		<name>DAY BACK.png</name>
	</drawable>
	<drawable>
		<name>DAY.xml</name>
		<arraytype>4</arraytype>
		<centerY>149</centerY>
	</drawable>
	<drawable>
		<name>WD frame.png</name>
	</drawable>
	<drawable>
		<name>BATT HATCH.png</name>
	</drawable>
	<drawable>
		<name>BATT ROTATE green.png</name>
		<rotate>6</rotate>
		<centerY>104</centerY>
	</drawable>
	<drawable>
		<name>HH green.png</name>
		<rotate>1</rotate>
	</drawable>
	<drawable>
		<name>MH green.png</name>
		<rotate>2</rotate>
	</drawable>
	<drawable>
		<name>SH.png</name>
		<rotate>3</rotate>
	</drawable>
	<drawable>
		<name>Ticks_12.png</name>
	</drawable>
<!--COMMENTED BY ClockSkinMaker
<metadata gui='rra' version='2.0.0.2'/>
-->
</clockskin>