<?xml version="1.0" encoding="utf-8"?>
<clockskin>
	<drawable>
		<name>face.png</name>
	</drawable>
	<drawable>
		<name>date.xml</name>
		<centerX>0</centerX>
		<centerY>115</centerY>
		<arraytype>4</arraytype>
	</drawable>
	<drawable>
		<name>battery.xml</name>
		<centerX>76</centerX>
		<centerY>-8</centerY>
		<arraytype>14</arraytype>
	</drawable>
	<drawable>
		<name>pulse.xml</name>
		<centerX>-95</centerX>
		<centerY>-8</centerY>
		<arraytype>13</arraytype>
	</drawable>
	<drawable>
		<name>glow.png</name>
	</drawable>
	<drawable>
		<name>hour_shadow.png</name>
		<rotate>1</rotate>
		<centerY>10</centerY>
	</drawable>
	<drawable>
		<name>hour.png</name>
		<rotate>1</rotate>
	</drawable>
	<drawable>
		<name>minute_shadow.png</name>
		<rotate>2</rotate>
		<centerY>10</centerY>
	</drawable>
	<drawable>
		<name>minute.png</name>
		<rotate>2</rotate>
	</drawable>
	<drawable>
		<name>second_shadow.png</name>
		<rotate>3</rotate>
		<centerY>10</centerY>
	</drawable>
	<drawable>
		<name>second.png</name>
		<rotate>3</rotate>
	</drawable>
<!--COMMENTED BY ClockSkinMaker
<metadata gui='rra' version='1.4.0.0'/>
-->
</clockskin>