<?xml version="1.0" encoding="utf-8"?>
<clockskin>
	<drawable>
		<name>BLACK BACK.png</name>
	</drawable>
	<drawable>
		<name>BASE_BEJE_2.png</name>
	</drawable>
	<drawable>
		<name>FIGURES_BASE.png</name>
		<centerX>-1</centerX>
	</drawable>
	<drawable>
		<name>FIGURES_2.png</name>
	</drawable>
	<drawable>
		<name>WD DAY BATT MONTH BASE.png</name>
	</drawable>
	<drawable>
		<name>WD MONTH TEXT.png</name>
	</drawable>
	<drawable>
		<name>BATT ROTATE.png</name>
		<rotate>6</rotate>
		<centerY>95</centerY>
	</drawable>
	<drawable>
		<name>MONTH ROTATE.png</name>
		<rotate>4</rotate>
		<centerX>82</centerX>
		<centerY>-48</centerY>
	</drawable>
	<drawable>
		<name>WD ROTATE.png</name>
		<rotate>5</rotate>
		<centerX>-83</centerX>
		<centerY>-48</centerY>
	</drawable>
	<drawable>
		<name>A DAY.xml</name>
		<arraytype>4</arraytype>
		<centerX>1</centerX>
		<centerY>138</centerY>
	</drawable>
	<drawable>
		<name>WD DAY BATT MONTH BASE_FRAME.png</name>
	</drawable>
	<drawable>
		<name>HH.png</name>
		<rotate>1</rotate>
	</drawable>
	<drawable>
		<name>MH.png</name>
		<rotate>2</rotate>
	</drawable>
	<drawable>
		<name>SH.png</name>
		<rotate>3</rotate>
	</drawable>
	<drawable>
		<name>Big curcle.png</name>
	</drawable>
<!--COMMENTED BY ClockSkinMaker
<metadata gui='rra' version='2.0.0.2'/>
-->
</clockskin>