<?xml version="1.0" encoding="utf-8"?>
<clockskin>
	<drawable>
		<name>image1.png</name>
	</drawable>
	<drawable>
		<name>image1rr.png</name>
		<rotate>3</rotate>
	</drawable>
	<drawable>
		<name>image121.png</name>
	</drawable>
	<drawable>
		<name>image3.png</name>
		<rotate>3</rotate>
		<direction>2</direction>
		<mulrotate>1</mulrotate>
	</drawable>
	<drawable>
		<name>image2.png</name>
		<rotate>3</rotate>
		<direction>2</direction>
		<mulrotate>4</mulrotate>
	</drawable>
	<drawable>
		<name>image4_2.png</name>
		<centerX>83</centerX>
		<centerY>80</centerY>
	</drawable>
	<drawable>
		<name>image4_1.png</name>
	</drawable>
	<drawable>
		<name>image5.png</name>
	</drawable>
	<drawable>
		<name>image6.png</name>
	</drawable>
	<drawable>
		<name>image4.png</name>
		<centerX>-59</centerX>
		<centerY>24</centerY>
	</drawable>
	<drawable>
		<name>weather.xml</name>
		<arraytype>10</arraytype>
		<centerX>55</centerX>
		<centerY>-72</centerY>
	</drawable>
	<drawable>
		<name>AM&amp;PM.xml</name>
		<arraytype>6</arraytype>
		<centerX>6</centerX>
		<centerY>36</centerY>
	</drawable>
	<drawable>
		<name>digital1.xml</name>
		<arraytype>6</arraytype>
		<centerX>-4</centerX>
		<centerY>45</centerY>
	</drawable>
	<drawable>
		<name>digital2.xml</name>
		<arraytype>14</arraytype>
		<centerY>-75</centerY>
	</drawable>
	<drawable>
		<name>digital3.xml</name>
		<arraytype>11</arraytype>
		<centerX>59</centerX>
		<centerY>-47</centerY>
	</drawable>
	<drawable>
		<name>ste.xml</name>
		<arraytype>12</arraytype>
		<centerX>82</centerX>
		<centerY>4</centerY>
	</drawable>
	<drawable>
		<name>dat1.xml</name>
		<arraytype>4</arraytype>
		<centerX>-61</centerX>
		<centerY>-69</centerY>
	</drawable>
	<drawable>
		<name>ww.xml</name>
		<arraytype>5</arraytype>
		<centerX>-62</centerX>
		<centerY>-50</centerY>
	</drawable>
	<drawable>
		<name>image9.png</name>
		<rotate>1</rotate>
		<mulrotate>1</mulrotate>
	</drawable>
	<drawable>
		<name>image8.png</name>
		<rotate>2</rotate>
		<mulrotate>1</mulrotate>
	</drawable>
	<drawable>
		<name>image7.png</name>
		<rotate>3</rotate>
		<centerX>-2</centerX>
		<centerY>1</centerY>
		<direction>1</direction>
		<mulrotate>1</mulrotate>
	</drawable>
<!--COMMENTED BY ClockSkinMaker
<metadata gui='rra' version='1.4.0.0'/>
-->
</clockskin>