<?xml version="1.0" encoding="utf-8"?>
<drawables>
	<image>digital3_0w.png</image>
	<image>digital3_1w.png</image>
	<image>digital3_2w.png</image>
	<image>digital3_3w.png</image>
	<image>digital3_4w.png</image>
	<image>digital3_5w.png</image>
	<image>digital3_6w.png</image>
	<image>digital3_7w.png</image>
	<image>digital3_8w.png</image>
	<image>digital3_9w.png</image>
	<image>digital3_10w.png</image>
	<image>digital3_11w.png</image>
	<image>digital3_12w.png</image>
	<image>digital3_13w.png</image>
	<image>digital3_14w.png</image>
</drawables>