<?xml version="1.0" encoding="utf-8"?>
<drawables>
	<image>ww_sun.png</image>
	<image>ww_mon.png</image>
	<image>ww_tue.png</image>
	<image>ww_wed.png</image>
	<image>ww_thu.png</image>
	<image>ww_fri.png</image>
	<image>ww_sat.png</image>
<!--COMMENTED BY ClockSkinMaker
<metadata gui='rra' version='1.4.0.0' type='array_weekday' forecolor='008080' autoscale='1' shadowx='1' shadowy='1' font='BankGothic Lt BT' fontstyle='Regular' fontsize='20.17989'>
<content>Sun</content>
<content>Mon</content>
<content>Tue</content>
<content>Wed</content>
<content>Thu</content>
<content>Fri</content>
<content>Sat</content>
</metadata>
-->
</drawables>