<clockskin>
    <drawable>
        <name>image1.png</name>
    </drawable>
    <drawable>
        <name>digital1.xml</name>
        <arraytype>1</arraytype>
        <centerX>-32</centerX>
        <centerY>-28</centerY>
    </drawable>
    <drawable>
        <name>digital2.xml</name>
        <arraytype>5</arraytype>
        <centerX>77</centerX>
        <centerY>-28</centerY>
    </drawable>
    <drawable>
        <name>digital3.xml</name>
        <arraytype>6</arraytype>
        <centerX>-2</centerX>
        <centerY>15</centerY>
    </drawable>
</clockskin>
