<?xml version="1.0" encoding="utf-8"?>
<clockskin>
	<drawable>
		<name>24.png</name>
		<rotate>7</rotate>
		<centerX>-1</centerX>
		<centerY>-11</centerY>
	</drawable>
	<drawable>
		<name>DAY BACK.png</name>
	</drawable>
	<drawable>
		<name>Base.png</name>
	</drawable>
	<drawable>
		<name>Hatch.png</name>
	</drawable>
	<drawable>
		<name>figures.png</name>
	</drawable>
	<drawable>
		<name>Hatch_green.png</name>
	</drawable>
	<drawable>
		<name>MPh and Day frame.png</name>
	</drawable>
	<drawable>
		<name>moon_phase.xml</name>
		<arraytype>19</arraytype>
		<centerY>-71</centerY>
	</drawable>
	<drawable>
		<name>Day.xml</name>
		<arraytype>4</arraytype>
		<centerY>75</centerY>
	</drawable>
	<drawable>
		<name>HH_GREY.png</name>
		<rotate>1</rotate>
	</drawable>
	<drawable>
		<name>MH_GREY.png</name>
		<rotate>2</rotate>
	</drawable>
	<drawable>
		<name>SH.png</name>
		<rotate>3</rotate>
	</drawable>
	<drawable>
		<name>Big frame.png</name>
	</drawable>
<!--COMMENTED BY ClockSkinMaker
<metadata gui='rra' version='2.0.0.2'/>
-->
</clockskin>