<?xml version="1.0" encoding="utf-8"?>
<clockskin>
	<drawable>
		<name>BATT ROTATE.png</name>
		<rotate>6</rotate>
	</drawable>
	<drawable>
		<name>BASE.png</name>
	</drawable>
	<drawable>
		<name>WD IMAGE_2.png</name>
	</drawable>
	<drawable>
		<name>MONTH ROTATE_2.png</name>
		<rotate>4</rotate>
	</drawable>
	<drawable>
		<name>WD.xml</name>
		<arraytype>5</arraytype>
	</drawable>
	<drawable>
		<name>DAY.xml</name>
		<arraytype>4</arraytype>
		<centerY>93</centerY>
	</drawable>
	<drawable>
		<name>Hatch.png</name>
	</drawable>
	<drawable>
		<name>HH_2.png</name>
		<rotate>1</rotate>
	</drawable>
	<drawable>
		<name>MH_3.png</name>
		<rotate>2</rotate>
	</drawable>
	<drawable>
		<name>SH_2.png</name>
		<rotate>3</rotate>
	</drawable>
<!--COMMENTED BY ClockSkinMaker
<metadata gui='rra' version='2.0.0.2'/>
-->
</clockskin>