<?xml version="1.0" encoding="utf-8"?>
<clockskin>
	<drawable>
		<name>Black base.png</name>
	</drawable>
	<drawable>
		<name>Batt rotate.png</name>
		<rotate>6</rotate>
	</drawable>
	<drawable>
		<name>Ring with ticks.png</name>
	</drawable>
	<drawable>
		<name>Month base.png</name>
	</drawable>
	<drawable>
		<name>Array month.xml</name>
		<arraytype>3</arraytype>
	</drawable>
	<drawable>
		<name>WD base.png</name>
	</drawable>
	<drawable>
		<name>Array WD.xml</name>
		<arraytype>5</arraytype>
	</drawable>
	<drawable>
		<name>HM.xml</name>
		<arraytype>6</arraytype>
		<centerY>15</centerY>
	</drawable>
	<drawable>
		<name>BATT LEVEL.png</name>
	</drawable>
	<drawable>
		<name>day.xml</name>
		<arraytype>4</arraytype>
		<centerY>109</centerY>
	</drawable>
	<drawable>
		<arraytype>15</arraytype>
		<colorarray>E64A00,009D9D</colorarray>
	</drawable>
<!--COMMENTED BY ClockSkinMaker
<metadata gui='rra' version='2.0.0.2'/>
-->
</clockskin>