<?xml version="1.0" encoding="utf-8"?>
<clockskin>
	<drawable>
		<name>BASE.png</name>
	</drawable>
	<drawable>
		<name>BATT ROTATE.png</name>
		<rotate>6</rotate>
	</drawable>
	<drawable>
		<name>HATCH_2.png</name>
	</drawable>
	<drawable>
		<name>DAY AND BATT BASES.png</name>
	</drawable>
	<drawable>
		<name>WD ROTATE.png</name>
		<rotate>5</rotate>
		<direction>1</direction>
	</drawable>
	<drawable>
		<name>WD MASK.png</name>
	</drawable>
	<drawable>
		<name>12 TICKS.png</name>
	</drawable>
	<drawable>
		<name>DAY.xml</name>
		<arraytype>4</arraytype>
		<centerY>75</centerY>
	</drawable>
	<drawable>
		<name>BATT POWER.png</name>
		<centerX>-1</centerX>
		<centerY>2</centerY>
	</drawable>
	<drawable>
		<name>WD frame.png</name>
		<centerY>1</centerY>
	</drawable>
	<drawable>
		<name>HH_blue.png</name>
		<rotate>1</rotate>
	</drawable>
	<drawable>
		<name>MH_blue.png</name>
		<rotate>2</rotate>
	</drawable>
	<drawable>
		<name>SH_2.png</name>
		<rotate>3</rotate>
	</drawable>
	<drawable>
		<name>center.png</name>
		<rotate>3</rotate>
	</drawable>
<!--COMMENTED BY ClockSkinMaker
<metadata gui='rra' version='2.0.0.2'/>
-->
</clockskin>