<?xml version="1.0" encoding="utf-8"?>
<clockskin>
	<drawable>
		<name>clock_panel.png</name>
	</drawable>
	<drawable>
		<name>day.xml</name>
		<arraytype>4</arraytype>
		<centerX>67</centerX>
		<centerY>63</centerY>
	</drawable>
	<drawable>
		<name>mini_1.png</name>
		<rotate>7</rotate>
		<centerX>-2</centerX>
		<centerY>61</centerY>
	</drawable>
	<drawable>
		<name>mini_2.png</name>
		<rotate>6</rotate>
		<centerX>-65</centerX>
		<centerY>-1</centerY>
	</drawable>
	<drawable>
		<name>mini_3.png</name>
		<rotate>4</rotate>
		<centerX>62</centerX>
		<centerY>-1</centerY>
	</drawable>
	<drawable>
		<name>hour.png</name>
		<rotate>1</rotate>
	</drawable>
	<drawable>
		<name>minutes.png</name>
		<rotate>2</rotate>
	</drawable>
	<drawable>
		<name>second.png</name>
		<rotate>3</rotate>
	</drawable>
<!--COMMENTED BY ClockSkinMaker
<metadata gui='rra' version='1.5.0.0'/>
-->
</clockskin>