<?xml version="1.0" encoding="utf-8"?>
<clockskin>
	<drawable>
		<name>1dd.png</name>
	</drawable>
	<drawable>
		<name>1dr.png</name>
		<rotate>3</rotate>
	</drawable>
	<drawable>
		<name>1.png</name>
	</drawable>
	<drawable>
		<name>63.png</name>
		<rotate>6</rotate>
		<centerX>-114</centerX>
		<angle>80</angle>
		<startAngle>-155</startAngle>
	</drawable>
	<drawable>
		<name>month.xml</name>
		<arraytype>3</arraytype>
		<centerY>-104</centerY>
	</drawable>
	<drawable>
		<name>WD.xml</name>
		<arraytype>5</arraytype>
		<centerX>-2</centerX>
		<centerY>-86</centerY>
	</drawable>
	<drawable>
		<name>MD.xml</name>
		<arraytype>4</arraytype>
		<centerX>1</centerX>
		<centerY>-126</centerY>
	</drawable>
	<drawable>
		<name>H_1.xml</name>
		<arraytype>7</arraytype>
		<centerX>-49</centerX>
		<centerY>110</centerY>
	</drawable>
	<drawable>
		<name>H.xml</name>
		<arraytype>8</arraytype>
		<centerX>49</centerX>
		<centerY>110</centerY>
	</drawable>
	<drawable>
		<name>STEPS.xml</name>
		<arraytype>12</arraytype>
		<centerX>124</centerX>
		<centerY>-18</centerY>
	</drawable>
	<drawable>
		<name>KAL.xml</name>
		<arraytype>54</arraytype>
		<centerX>128</centerX>
		<centerY>-56</centerY>
	</drawable>
	<drawable>
		<name>DIS.xml</name>
		<arraytype>60</arraytype>
		<centerX>129</centerX>
		<centerY>-87</centerY>
	</drawable>
	<drawable>
		<name>weather33.xml</name>
		<arraytype>10</arraytype>
		<centerX>-6</centerX>
		<centerY>30</centerY>
	</drawable>
	<drawable>
		<name>DIS_1.xml</name>
		<arraytype>11</arraytype>
		<centerX>121</centerX>
		<centerY>19</centerY>
	</drawable>
	<drawable>
		<name>AM&amp;PM.xml</name>
		<arraytype>6</arraytype>
		<centerX>85</centerX>
		<centerY>51</centerY>
	</drawable>
	<drawable>
		<name>DIS_1_1.xml</name>
		<arraytype>14</arraytype>
		<centerX>-110</centerX>
		<centerY>-39</centerY>
	</drawable>
	<drawable>
		<name>STEPS_1.xml</name>
		<arraytype>9</arraytype>
		<centerX>110</centerX>
		<centerY>96</centerY>
	</drawable>
	<drawable>
		<arraytype>99</arraytype>
		<centerX>-143</centerX>
		<centerY>68</centerY>
	</drawable>






<drawable>
        <!--ALARM-->
        <arraytype>100</arraytype>
        <centerX>0</centerX>
        <centerY>111</centerY>
        <range>40</range>
        <cls>com.android.deskclock.DeskClock</cls>
        <pkg>com.android.deskclock</pkg>
    </drawable>





<!--1 Music at Notes-->
    <drawable>
	<arraytype>100</arraytype>
	<centerX>-141</centerX>
	<centerY>-91</centerY>
	<range>40</range>
	<cls>com.android.music.MusicBrowserActivity</cls>
	<pkg>com.android.music</pkg>
    </drawable>


<!--3 Calendar at Date-->
    <drawable>
	<arraytype>100</arraytype>
	<centerX>0</centerX>
	<centerY>-103</centerY>
	<range>50</range>
	<cls>com.android.calendar.AllInOneActivity</cls>
	<pkg>com.google.android.calendar</pkg>
    </drawable>





<!--10 Power at Power-->
    <drawable>
	<arraytype>100</arraytype>
	<centerX>-115</centerX>
	<centerY>0</centerY>
	<range>40</range>
	<cls>com.android.settings.Settings$PowerUsageSummaryActivity</cls>
	<pkg>com.android.settings</pkg>
    </drawable>





<!--14 Sports-->
    <drawable>
	<arraytype>100</arraytype>
	<centerX>58</centerX>
	<centerY>-20</centerY>
	<range>30</range>
	<cls>it.nimarsolutions.rungpstracker.SplashActivity</cls>
        <pkg>it.nimarsolutions.rungpstracker</pkg>
    </drawable>




    <!--WEATHER-->
	<drawable>
        <arraytype>100</arraytype>
        <centerX>-6</centerX>
        <centerY>30</centerY>
        <range>40</range>
        <cls>com.android.watchweather.WeatherActivity</cls>
        <pkg>com.android.watchweather</pkg>
    </drawable>
	
	
	  <drawable>
        <!--GOOGLE ASSISTANT-->
        <arraytype>100</arraytype>
        <centerX>-24</centerX>
        <centerY>162</centerY>
        <range>30</range>
        <cls>com.google.android.apps.googleassistant.AssistantActivity</cls>
        <pkg>com.google.android.apps.googleassistant</pkg>
    </drawable>
	
	 <drawable>
    <!--FITNESS-->
        <arraytype>100</arraytype>
        <centerX>84</centerX>
        <centerY>-55</centerY>
        <range>30</range>
        <cls>com.sprots.wiiteer.fitness.module.main.ui.MainActivity</cls>
        <pkg>com.sprots.wiiteer.fitness</pkg>
    </drawable>
	
	<!--17 Maps-->
    <drawable>
	<arraytype>100</arraytype>
	<centerX>96</centerX>
	<centerY>-92</centerY>
	<range>30</range>
	<cls>com.google.android.maps.MapsActivity</cls>
        <pkg>com.google.android.apps.maps</pkg>
    </drawable>

 <!-- Contacts -->
    <drawable>
        <arraytype>100</arraytype>
        <centerX>96</centerX>
        <centerY>-139</centerY>
		<range>30</range>
    <cls>com.android.contacts.activities.PeopleActivity</cls>
    <pkg>com.android.contacts</pkg>
    </drawable>
	
	
</clockskin>