<?xml version="1.0" encoding="utf-8"?>
<drawables>
	<image>2.png</image>
	<image>3.png</image>
	<image>4.png</image>
	<image>5.png</image>
	<image>6.png</image>
	<image>7.png</image>
	<image>8.png</image>
	<image>9.png</image>
	<image>10.png</image>
	<image>11.png</image>
	<image>12.png</image>
	<image>13.png</image>
<!--COMMENTED BY ClockSkinMaker
<metadata gui='rra' version='1.4.0.0' type='array_month' autoscale='1' font='Times New Roman' fontstyle='Regular' fontsize='14.9081'>
<content>Jan</content>
<content>Feb</content>
<content>Mar</content>
<content>Apr</content>
<content>May</content>
<content>Jun</content>
<content>Jul</content>
<content>Aug</content>
<content>Sep</content>
<content>Oct</content>
<content>Nov</content>
<content>Dec</content>
</metadata>
-->
</drawables>