<?xml version="1.0" encoding="utf-8"?>
<clockskin>
	<drawable>
		<name>clock_skin_panel.png</name>
	</drawable>
	<drawable>
		<name>battery_level.png</name>
	</drawable>
	<drawable>
		<name>blevel_matte.png</name>
		<rotate>6</rotate>
		<centerX>-55</centerX>
		<centerY>58</centerY>
	</drawable>
	<drawable>
		<name>hour_minute_array.xml</name>
		<arraytype>6</arraytype>
		<centerX>65</centerX>
		<centerY>52</centerY>
	</drawable>
	<drawable>
		<name>weekday_array.xml</name>
		<arraytype>5</arraytype>
		<centerX>66</centerX>
		<centerY>74</centerY>
	</drawable>
	<drawable>
		<name>month_array.xml</name>
		<arraytype>3</arraytype>
		<centerX>89</centerX>
		<centerY>-57</centerY>
	</drawable>
	<drawable>
		<name>day_array.xml</name>
		<arraytype>4</arraytype>
		<centerX>89</centerX>
		<centerY>-38</centerY>
	</drawable>
	<drawable>
		<name>battery_array.xml</name>
		<arraytype>14</arraytype>
		<centerX>-54</centerX>
		<centerY>63</centerY>
	</drawable>
	<drawable>
		<name>clock_skin_hour.png</name>
		<rotate>1</rotate>
	</drawable>
	<drawable>
		<name>clock_skin_minute.png</name>
		<rotate>2</rotate>
	</drawable>
	<drawable>
		<name>secondhand.png</name>
		<rotate>10</rotate>
	</drawable>
	<drawable>
		<name>img_top.png</name>
		<centerX>1</centerX>
	</drawable>
	<drawable>
		<name>txt_energy.png</name>
		<centerX>-55</centerX>
		<centerY>48</centerY>
	</drawable>
<!--COMMENTED BY ClockSkinMaker
<metadata gui='rra' version='1.5.0.0'/>
-->
</clockskin>