<?xml version="1.0" encoding="utf-8"?>
<clockskin>
	<drawable>
		<name>400a.png</name>
	</drawable>
	<drawable>
		<name>dig.xml</name>
		<arraytype>7</arraytype>
		<centerX>-86</centerX>
		<centerY>-31</centerY>
	</drawable>
	<drawable>
		<name>dig_1.xml</name>
		<arraytype>8</arraytype>
		<centerX>85</centerX>
		<centerY>-31</centerY>
	</drawable>
	<drawable>
		<name>week.xml</name>
		<arraytype>5</arraytype>
		<centerX>-78</centerX>
		<centerY>45</centerY>
	</drawable>
	<drawable>
		<name>day.xml</name>
		<arraytype>4</arraytype>
		<centerX>25</centerX>
		<centerY>46</centerY>
	</drawable>
	<drawable>
		<name>batt.xml</name>
		<arraytype>14</arraytype>
		<centerX>104</centerX>
		<centerY>46</centerY>
	</drawable>
<!--COMMENTED BY ClockSkinMaker
<metadata gui='rra' version='1.4.0.0'/>
-->
</clockskin>