<?xml version="1.0" encoding="utf-8"?>
<drawables>
	<image>week_sun.png</image>
	<image>week_mon.png</image>
	<image>week_tue.png</image>
	<image>week_wed.png</image>
	<image>week_thu.png</image>
	<image>week_fri.png</image>
	<image>week_sat.png</image>
<!--COMMENTED BY ClockSkinMaker
<metadata gui='rra' version='1.4.0.0' type='array_weekday' forecolor='E2E2E2' autoscale='0' font='Enigmatic Unicode' fontstyle='Regular' fontsize='20,25'>
<content>Sunday</content>
<content>Monday</content>
<content>Tuesday</content>
<content>Wednesday</content>
<content>Thursday</content>
<content>Friday</content>
<content>Saturday</content>
</metadata>
-->
</drawables>