<?xml version="1.0" encoding="utf-8"?>
<clockskin>
	<drawable>
		<name>Base_2.png</name>
	</drawable>
	<drawable>
		<name>12 Ticks.png</name>
	</drawable>
	<drawable>
		<name>DAY.xml</name>
		<arraytype>4</arraytype>
		<centerX>1</centerX>
		<centerY>75</centerY>
	</drawable>
	<drawable>
		<name>WEEKDAY.xml</name>
		<arraytype>5</arraytype>
	</drawable>
	<drawable>
		<name>MONTH.xml</name>
		<arraytype>3</arraytype>
	</drawable>
	<drawable>
		<name>12 Ticks_2.png</name>
	</drawable>
	<drawable>
		<name>BATT TEXT.png</name>
		<centerY>1</centerY>
	</drawable>
	<drawable>
		<name>Batt rotate.png</name>
		<rotate>6</rotate>
	</drawable>
	<drawable>
		<name>HH_blue.png</name>
		<rotate>1</rotate>
	</drawable>
	<drawable>
		<name>MH_blue.png</name>
		<rotate>2</rotate>
	</drawable>
	<drawable>
		<name>SH_2.png</name>
		<rotate>3</rotate>
	</drawable>
	<drawable>
		<name>center.png</name>
		<rotate>3</rotate>
	</drawable>
	<drawable>
		<name>12 Ticks_3.png</name>
	</drawable>
<!--COMMENTED BY ClockSkinMaker
<metadata gui='rra' version='2.0.0.2'/>
-->
</clockskin>