<?xml version="1.0" encoding="utf-8"?>
<clockskin>
	<drawable>
		<name>Untitleo-1.png</name>
		<rotate>3</rotate>
	</drawable>
	<drawable>
		<name>Untitled-2.png</name>
	</drawable>
	<drawable>
		<name>h_2.xml</name>
		<arraytype>7</arraytype>
		<centerY>-65</centerY>
	</drawable>
	<drawable>
		<name>h.xml</name>
		<arraytype>8</arraytype>
		<centerY>65</centerY>
	</drawable>
	<drawable>
		<name>yy_1_1_1.xml</name>
		<arraytype>12</arraytype>
		<centerY>160</centerY>
	</drawable>
	<drawable>
		<name>wd.xml</name>
		<arraytype>5</arraytype>
		<centerX>-160</centerX>
		<centerY>-10</centerY>
	</drawable>
	<drawable>
		<name>mon.xml</name>
		<arraytype>3</arraytype>
		<centerX>-172</centerX>
		<centerY>16</centerY>
	</drawable>
	<drawable>
		<name>yy.xml</name>
		<arraytype>16</arraytype>
		<centerX>-128</centerX>
		<centerY>16</centerY>
	</drawable>
	<drawable>
		<name>yy_1.xml</name>
		<arraytype>4</arraytype>
		<centerX>-127</centerX>
		<centerY>-10</centerY>
	</drawable>
	<drawable>
		<arraytype>99</arraytype>
		<centerX>-24</centerX>
		<centerY>-124</centerY>
	</drawable>
	<drawable>
		<name>yy_1_1_2.xml</name>
		<arraytype>14</arraytype>
		<centerX>155</centerX>
		<centerY>12</centerY>
	</drawable>
	<drawable>
		<name>yy_1_1.xml</name>
		<arraytype>13</arraytype>
		<centerY>-157</centerY>
	</drawable>
<!--COMMENTED BY ClockSkinMaker
<metadata gui='rra' version='1.4.0.0'/>
-->
</clockskin>