<?xml version="1.0" encoding="utf-8"?>
<clockskin>
	<drawable>
		<name>img866.png</name>
	</drawable>
	<drawable>
		<name>up.png</name>
	</drawable>
	<drawable>
		<name>dist.xml</name>
		<arraytype>60</arraytype>
		<centerX>60</centerX>
		<centerY>54</centerY>
	</drawable>
	<drawable>
		<name>steps.xml</name>
		<arraytype>12</arraytype>
		<centerX>-39</centerX>
		<centerY>92</centerY>
	</drawable>
	<drawable>
		<name>heratreat.xml</name>
		<arraytype>13</arraytype>
		<centerX>44</centerX>
		<centerY>92</centerY>
	</drawable>
	<drawable>
		<name>weather_array.xml</name>
		<arraytype>10</arraytype>
		<centerX>-79</centerX>
		<centerY>-72</centerY>
	</drawable>
	<drawable>
		<name>hm_1_1_1_1_4.xml</name>
		<arraytype>14</arraytype>
		<centerX>4</centerX>
		<centerY>-113</centerY>
	</drawable>
	<drawable>
		<name>kcal.xml</name>
		<arraytype>54</arraytype>
		<centerX>-62</centerX>
		<centerY>51</centerY>
	</drawable>
	<drawable>
		<name>dist_1_1_1.xml</name>
		<arraytype>1</arraytype>
		<centerY>-45</centerY>
	</drawable>
	<drawable>
		<name>dist_1_1.xml</name>
		<arraytype>11</arraytype>
		<centerX>86</centerX>
		<centerY>-73</centerY>
	</drawable>
	<drawable>
		<name>00000.png</name>
	</drawable>
	<drawable>
		<name>Untitled-1.png</name>
		<rotate>3</rotate>
		<direction>2</direction>
		<mulrotate>2</mulrotate>
	</drawable>
	<drawable>
		<name>img710ee.png</name>
		<rotate>3</rotate>
		<direction>1</direction>
		<mulrotate>4</mulrotate>
	</drawable>
	<drawable>
		<name>img1288.png</name>
		<rotate>3</rotate>
		<direction>2</direction>
	</drawable>
	<drawable>
		<name>hm_1.xml</name>
		<arraytype>6</arraytype>
		<centerX>-48</centerX>
		<centerY>2</centerY>
	</drawable>
	<drawable>
		<name>hm.xml</name>
		<arraytype>9</arraytype>
		<centerX>92</centerX>
		<centerY>2</centerY>
	</drawable>
	<drawable>
		<color>1</color>
		<arraytype>99</arraytype>
		<centerX>-26</centerX>
		<centerY>150</centerY>
	</drawable>
<!--COMMENTED BY ClockSkinMaker
<metadata gui='rra' version='1.4.0.0'/>
-->
</clockskin>