<?xml version="1.0" encoding="utf-8"?>
<drawables>
	<image>hm_num_0_1.png</image>
	<image>hm_num_1_1.png</image>
	<image>hm_num_2_1.png</image>
	<image>hm_num_3_1.png</image>
	<image>hm_num_4_1.png</image>
	<image>hm_num_5_1.png</image>
	<image>hm_num_6_1.png</image>
	<image>hm_num_7_1.png</image>
	<image>hm_num_8_1.png</image>
	<image>hm_num_9_1.png</image>
	<image>hm_num_colon_1.png</image>
<!--COMMENTED BY ClockSkinMaker
<metadata gui='rra' version='1.4.0.0' type='array_hourminute' forecolor='FF9900' autoscale='1' font='Digital-7' fontstyle='Regular' fontsize='75.89697'>
<content>0</content>
<content>1</content>
<content>2</content>
<content>3</content>
<content>4</content>
<content>5</content>
<content>6</content>
<content>7</content>
<content>8</content>
<content>9</content>
<content>:</content>
<content></content>
<content></content>
</metadata>
-->
</drawables>