<?xml version="1.0" encoding="utf-8"?>
<drawables>
	<image>hm_1_1_1_num_0_2_1.png</image>
	<image>hm_1_1_1_num_1_2_1.png</image>
	<image>hm_1_1_1_num_2_2_1.png</image>
	<image>hm_1_1_1_num_3_2_1.png</image>
	<image>hm_1_1_1_num_4_2_1.png</image>
	<image>hm_1_1_1_num_5_2_1.png</image>
	<image>hm_1_1_1_num_6_2_1.png</image>
	<image>hm_1_1_1_num_7_2_1.png</image>
	<image>hm_1_1_1_num_8_2_1.png</image>
	<image>hm_1_1_1_num_9_2_1.png</image>
	<image>hm_1_1_1_lead_2_1.png</image>
<!--COMMENTED BY ClockSkinMaker
<metadata gui='rra' version='1.4.0.0' type='array_steps' forecolor='FF9900' autoscale='1' font='Digital-7' fontstyle='Regular' fontsize='19.03847'>
<content>0</content>
<content>1</content>
<content>2</content>
<content>3</content>
<content>4</content>
<content>5</content>
<content>6</content>
<content>7</content>
<content>8</content>
<content>9</content>
<content></content>
</metadata>
-->
</drawables>