<?xml version="1.0" encoding="utf-8"?>
<clockskin>
	<drawable>
		<name>Base pink.png</name>
	</drawable>
	<drawable>
		<name>BATT BASE.png</name>
		<centerY>-6</centerY>
	</drawable>
	<drawable>
		<name>LOGO.png</name>
		<centerX>77</centerX>
		<centerY>15</centerY>
	</drawable>
	<drawable>
		<name>AUTOMATIC.png</name>
		<centerX>-70</centerX>
		<centerY>35</centerY>
	</drawable>
	<drawable>
		<name>day base.png</name>
		<centerX>-10</centerX>
		<centerY>22</centerY>
	</drawable>
	<drawable>
		<name>Day.xml</name>
		<arraytype>4</arraytype>
		<centerX>2</centerX>
		<centerY>79</centerY>
	</drawable>
	<drawable>
		<name>BATT ROTATE.png</name>
		<rotate>6</rotate>
		<centerY>-49</centerY>
	</drawable>
	<drawable>
		<name>HH_green.png</name>
		<rotate>1</rotate>
	</drawable>
	<drawable>
		<name>MH_green.png</name>
		<rotate>2</rotate>
	</drawable>
	<drawable>
		<name>SH shadow .png</name>
		<rotate>10</rotate>
		<centerX>5</centerX>
		<centerY>5</centerY>
	</drawable>
	<drawable>
		<name>SH.png</name>
		<rotate>3</rotate>
	</drawable>
<!--COMMENTED BY ClockSkinMaker
<metadata gui='rra' version='2.0.0.2'/>
-->
</clockskin>