<clockskin>
    <drawable>
        <rotate>3</rotate>
        <mulrotate>2</mulrotate>
        <name>anim.png</name>
    </drawable>
    <drawable>
        <rotate>3</rotate>
        <mulrotate>3</mulrotate>
        <name>anim2.png</name>
    </drawable>
    <drawable>
        <rotate>3</rotate>
        <mulrotate>4</mulrotate>
        <name>anim1.png</name>
    </drawable>
    <drawable>
        <name>body.png</name>
    </drawable>
	<drawable>
		<name>weekday_array.xml</name>
		<arraytype>5</arraytype>
		<centerX>0</centerX>
		<centerY>-70</centerY>
	</drawable>
	<drawable>
		<name>month_array.xml</name>
		<arraytype>3</arraytype>
		<centerX>56</centerX>
		<centerY>-33</centerY>
	</drawable>
	<drawable>
		<name>day_array.xml</name>
		<arraytype>4</arraytype>
		<centerX>20</centerX>
		<centerY>-35</centerY>
	</drawable>
	<drawable>
		<name>hm.xml</name>
		<arraytype>6</arraytype>
                <centerX>0</centerX>
		<centerY>0</centerY>
	</drawable>
	<drawable>
		<name>battery.xml</name>
		<arraytype>12</arraytype>
		<centerX>0</centerX>
		<centerY>35</centerY>
	</drawable>
	<drawable>
		<name>battery.xml</name>
		<arraytype>14</arraytype>
		<centerX>0</centerX>
		<centerY>55</centerY>
	</drawable>
    <drawable>
        <rotate>3</rotate>
        <mulrotate>1</mulrotate>
        <name>second.png</name>
    </drawable>
</clockskin>
