<clockskin>
    <drawable>
        <name>image1.png</name>
    </drawable>
    <drawable>
        <name>digital1.xml</name>
        <arraytype>14</arraytype>
        <centerX>-99</centerX>
        <centerY>83</centerY>
    </drawable>
    <drawable>
        <name>digital2.xml</name>
        <arraytype>2</arraytype>
        <centerX>50</centerX>
        <centerY>-74</centerY>
    </drawable>
    <drawable>
        <name>digital3.xml</name>
        <arraytype>5</arraytype>
        <centerX>-74</centerX>
        <centerY>-74</centerY>
    </drawable>
    <drawable>
        <name>image2.png</name>
    </drawable>
    <drawable>
        <name>digital4.xml</name>
        <arraytype>9</arraytype>
        <centerX>-200</centerX>
        <centerY>81</centerY>
    </drawable>
    <drawable>
        <name>digital5.xml</name>
        <arraytype>9</arraytype>
        <centerX>200</centerX>
        <centerY>81</centerY>
    </drawable>
    <drawable>
        <name>digital6.xml</name>
        <arraytype>7</arraytype>
        <centerX>-85</centerX>
        <centerY>0</centerY>
    </drawable>
    <drawable>
        <name>digital7.xml</name>
        <arraytype>8</arraytype>
        <centerX>85</centerX>
        <centerY>0</centerY>
    </drawable>
    <drawable>
        <name>digital8.xml</name>
        <arraytype>9</arraytype>
        <centerX>85</centerX>
        <centerY>83</centerY>
    </drawable>
    <drawable>
        <name>image3.png</name>
    </drawable>
    <drawable>
        <rotate>2</rotate>
        <mulrotate>1</mulrotate>
        <name>image4.png</name>
    </drawable>
    <drawable>
        <rotate>1</rotate>
        <mulrotate>1</mulrotate>
        <name>image5.png</name>
    </drawable>
    <drawable>
        <name>image6.png</name>
    </drawable>
</clockskin>
