<?xml version="1.0" encoding="utf-8"?>
<clockskin> 
	<drawable>
		<name>clock_skin_panel.png</name>
	</drawable>
	<drawable>
		<name>fox.png</name>
	</drawable>
<!--	<drawable>
		<name>R1.png</name>
		<rotate>3</rotate>
		<direction>1</direction>
	</drawable>
	<drawable>
		<name>R2.png</name>
		<rotate>3</rotate>
		<direction>2</direction>
	</drawable>
	<drawable>
		<name>R3.png</name>
		<rotate>10</rotate>
		<direction>1</direction>
	</drawable>-->
	<drawable>
		<name>num_array.xml</name>
<!--		<centerX>-25</centerX> -->
		<centerY>-100</centerY> <!-- 80 -->
		<arraytype>4</arraytype>
	</drawable>
	<drawable>
		<name>month_array.xml</name>
<!--		<centerX>25</centerX> -->
		<centerY>-75</centerY> <!-- 81 -->
		<arraytype>3</arraytype>
	</drawable>
	<drawable>
		<name>weekday_array.xml</name>
		<centerX>90</centerX>
		<arraytype>5</arraytype>
	</drawable>
	<drawable>
		<name>num_array.xml</name>
		<centerX>-10</centerX>
		<centerY>105</centerY>
		<arraytype>14</arraytype>
	</drawable>
	<drawable>
		<name>battery.png</name>
<!--		<centerX>-153</centerX> -->
		<centerY>75</centerY>
	</drawable>
	<drawable>
		<centerX>-20</centerX>
		<centerY>60</centerY>
		<arraytype>99</arraytype>
	</drawable>
	<drawable>
		<name>TEMPO.xml</name>
		<arraytype>10</arraytype>
		<centerX>-105</centerX>
<!--		<centerY>-13</centerY> -->
	</drawable>
	<drawable>
		<name>Temp.xml</name>
		<arraytype>11</arraytype>
		<centerX>-65</centerX>
<!--		<centerY>23</centerY> -->
	</drawable>
	<drawable>
		<name>clock_skin_hour.png</name>
		<rotate>1</rotate>
	</drawable>
	<drawable>
		<name>clock_skin_minute.png</name>
		<rotate>2</rotate>
	</drawable>
	<drawable>
		<name>clock_skin_second.png</name>
		<rotate>3</rotate>
	</drawable>
</clockskin>

