<?xml version="1.0" encoding="utf-8"?>
<drawables> 
	<image>clock_skin_month_gen.png</image>
	<image>clock_skin_month_feb.png</image>
	<image>clock_skin_month_mar.png</image>
	<image>clock_skin_month_apr.png</image>
	<image>clock_skin_month_mag.png</image>
	<image>clock_skin_month_giu.png</image>
	<image>clock_skin_month_lug.png</image>
	<image>clock_skin_month_ago.png</image>
	<image>clock_skin_month_set.png</image>
	<image>clock_skin_month_ott.png</image>
	<image>clock_skin_month_nov.png</image>
	<image>clock_skin_month_dic.png</image>
</drawables>