<?xml version="1.0" encoding="utf-8"?>
<clockskin>
	<drawable>
		<name>WD IMAGES_MASK.png</name>
	</drawable>
	<drawable>
		<name>HATCH.png</name>
	</drawable>
	<drawable>
		<name>BASE.png</name>
	</drawable>
	<drawable>
		<name>TICKS.png</name>
	</drawable>
	<drawable>
		<name>FIGURES.png</name>
	</drawable>
	<drawable>
		<name>WD IMAGES.png</name>
	</drawable>
	<drawable>
		<name>WD_ARRAY.xml</name>
		<arraytype>5</arraytype>
	</drawable>
	<drawable>
		<name>A_day.xml</name>
		<arraytype>4</arraytype>
		<centerY>148</centerY>
	</drawable>
	<drawable>
		<name>Batt rotate.png</name>
		<rotate>6</rotate>
		<direction>2</direction>
		<mulrotate>-2</mulrotate>
	</drawable>
	<drawable>
		<name>HH green.png</name>
		<rotate>1</rotate>
	</drawable>
	<drawable>
		<name>MH green.png</name>
		<rotate>2</rotate>
	</drawable>
	<drawable>
		<name>SH shadow.png</name>
		<rotate>10</rotate>
		<centerX>5</centerX>
		<centerY>6</centerY>
	</drawable>
	<drawable>
		<name>SH blue.png</name>
		<rotate>3</rotate>
	</drawable>
<!--COMMENTED BY ClockSkinMaker
<metadata gui='rra' version='2.0.0.2'/>
-->
</clockskin>