<?xml version="1.0" encoding="utf-8"?>
<clockskin>
	<drawable>
		<name>Untitled-1.png</name>
	</drawable>
  <drawable>
        <arraytype>56</arraytype>
        <width>12</width>
        <radius>40</radius> 
        <colorarray>#ff0000,#ff0000</colorarray>
        <startAngle>200</startAngle>
        <angle>-221</angle>
        <centerX>-104</centerX>
        <centerY>88</centerY>
    </drawable>
<drawable>
        <arraytype>56</arraytype>
        <width>18</width>
        <radius>52</radius> 
        <colorarray>#de7a08,#de7a08</colorarray>
        <startAngle>155</startAngle>
        <angle>229</angle>
        <centerX>-55</centerX>
        <centerY>-94</centerY>
    </drawable>
  <drawable>
        <arraytype>59</arraytype>
        <width>12</width>
        <radius>40</radius> 
        <colorarray>#f6ff00,#f6ff00</colorarray>
        <startAngle>-21</startAngle>
        <angle>222</angle>
        <centerX>102</centerX>
        <centerY>88</centerY>
    </drawable>
<drawable>
		<name>FRONT.png</name>
	</drawable>
  
 <drawable>
        <arraytype>58</arraytype>
        <width>17</width>
        <radius>52</radius> 
        <colorarray>#08de21,#08de21</colorarray>
        <startAngle>-22</startAngle>
        <angle>224</angle>
        <centerX>-2</centerX>
        <centerY>95</centerY>
    </drawable>
	<drawable>
		<name>FRONT2.png</name>
	</drawable>
	<drawable>
		<name>hm.xml</name>
		<arraytype>6</arraytype>
	</drawable>
	<drawable>
		<name>sec1.xml</name>
		<arraytype>9</arraytype>
		<centerX>140</centerX>
	</drawable>
	<drawable>
		<name>moon_phase.xml</name>
		<arraytype>19</arraytype>
		<centerX>56</centerX>
		<centerY>-129</centerY>
	</drawable>
	<drawable>
		<name>sec1_1.xml</name>
		<arraytype>13</arraytype>
		<centerX>79</centerX>
		<centerY>-83</centerY>
	</drawable>
	<drawable>
		<name>sec1_1_1_2.xml</name>
		<arraytype>12</arraytype>
		<centerX>-54</centerX>
		<centerY>-87</centerY>
	</drawable>
	<drawable>
		<name>sec1_1_1_1.xml</name>
		<arraytype>14</arraytype>
		<centerX>-12</centerX>
		<centerY>92</centerY>
	</drawable>
	<drawable>
		<name>sec1_1_1_35.xml</name>
		<arraytype>4</arraytype>
		<centerX>22</centerX>
		<centerY>56</centerY>
	</drawable>
	<drawable>
		<name>month.xml</name>
		<arraytype>3</arraytype>
		<centerX>70</centerX>
		<centerY>56</centerY>
	</drawable>
	<drawable>
		<name>sec1_1_1.xml</name>
		<arraytype>16</arraytype>
		<centerX>134</centerX>
		<centerY>56</centerY>
	</drawable>
	<drawable>
		<name>tem.xml</name>
		<arraytype>11</arraytype>
		<centerX>-88</centerX>
		<centerY>56</centerY>
	</drawable>
	<drawable>
		<name>weather_array.xml</name>
		<arraytype>10</arraytype>
		<centerX>-142</centerX>
		<centerY>55</centerY>
	</drawable>
	<drawable>
		<name>AM&amp;PM.xml</name>
		<arraytype>6</arraytype>
		<centerX>-144</centerX>
	</drawable>
	<drawable>
		<name>KCAL.xml</name>
		<arraytype>54</arraytype>
		<centerX>-105</centerX>
		<centerY>83</centerY>
	</drawable>
	<drawable>
		<name>KM.xml</name>
		<arraytype>60</arraytype>
		<centerX>103</centerX>
		<centerY>83</centerY>
	</drawable>
	<drawable>
		<name>HERAT.xml</name>
		<arraytype>6</arraytype>
		<centerX>126</centerX>
		<centerY>-89</centerY>
	</drawable>
	<drawable>
		<arraytype>99</arraytype>
		<centerX>-30</centerX>
		<centerY>36</centerY>
	</drawable>
<drawable>
		<name>wd.xml</name>
		<arraytype>5</arraytype>
		
	</drawable>
    
  
<!--COMMENTED BY ClockSkinMaker
<metadata gui='rra' version='1.4.0.0'/>
-->
</clockskin>