<?xml version="1.0" encoding="utf-8"?>
<drawables>
	<image>sec1_1_1_num_0_4.png</image>
	<image>sec1_1_1_num_1_4.png</image>
	<image>sec1_1_1_num_2_4.png</image>
	<image>sec1_1_1_num_3_4.png</image>
	<image>sec1_1_1_num_4_4.png</image>
	<image>sec1_1_1_num_5_4.png</image>
	<image>sec1_1_1_num_6_4.png</image>
	<image>sec1_1_1_num_7_4.png</image>
	<image>sec1_1_1_num_8_4.png</image>
	<image>sec1_1_1_num_9_4.png</image>
	<image>sec1_1_1_num_minus.png</image>
<!--COMMENTED BY ClockSkinMaker
<metadata gui='rra' version='1.4.0.0' type='array_year' autoscale='1' font='BankGothic Lt BT' fontstyle='Regular' fontsize='21.57304'>
<content>0</content>
<content>1</content>
<content>2</content>
<content>3</content>
<content>4</content>
<content>5</content>
<content>6</content>
<content>7</content>
<content>8</content>
<content>9</content>
<content>:</content>
</metadata>
-->
</drawables>