<?xml version="1.0" encoding="utf-8"?>
<clockskin>
	<drawable>
		<name>ground.png</name>
	</drawable>
	<drawable>
		<name>batt_1_1.xml</name>
		<arraytype>6</arraytype>
		<centerY>-89</centerY>
	</drawable>
	<drawable>
		<name>batt_1_2.xml</name>
		<arraytype>12</arraytype>
		<centerX>-60</centerX>
		<centerY>-25</centerY>
	</drawable>
	<drawable>
		<name>batt_2.xml</name>
		<arraytype>14</arraytype>
		<centerX>-89</centerX>
		<centerY>59</centerY>
	</drawable>
	<drawable>
		<name>batt_1_3.xml</name>
		<arraytype>9</arraytype>
		<centerX>99</centerX>
		<centerY>-80</centerY>
	</drawable>
	<drawable>
		<name>AM&amp;PM.xml</name>
		<arraytype>6</arraytype>
		<centerX>-105</centerX>
		<centerY>-77</centerY>
	</drawable>
	<drawable>
		<name>batt_1_2_1.xml</name>
		<arraytype>1</arraytype>
		<centerY>-131</centerY>
	</drawable>
	<drawable>
		<name>batt_1_2_1_1.xml</name>
		<arraytype>11</arraytype>
		<centerX>20</centerX>
		<centerY>32</centerY>
	</drawable>
	<drawable>
		<name>weather_array - text.xml</name>
		<arraytype>10</arraytype>
		<centerX>18</centerX>
		<centerY>66</centerY>
	</drawable>
	<drawable>
		<name>weather_array.xml</name>
		<arraytype>10</arraytype>
		<centerX>100</centerX>
		<centerY>44</centerY>
	</drawable>
	<drawable>
		<name>moon_phase.xml</name>
		<arraytype>19</arraytype>
		<centerX>66</centerX>
		<centerY>124</centerY>
	</drawable>
	<drawable>
		<name>wwwday.xml</name>
		<arraytype>5</arraytype>
		<centerY>-152</centerY>
	</drawable>
	<drawable>
		<name>batt.xml</name>
		<arraytype>13</arraytype>
		<centerX>-27</centerX>
		<centerY>132</centerY>
	</drawable>
	<drawable>
		<color>1</color>
		<arraytype>99</arraytype>
		<centerX>72</centerX>
		<centerY>89</centerY>
	</drawable>
	<drawable>
		<name>uppp.png</name>
	</drawable>
<!--COMMENTED BY ClockSkinMaker
<metadata gui='rra' version='1.4.0.0'/>
-->
</clockskin>