<?xml version="1.0" encoding="utf-8"?>
<drawables>
	<image>wwwday_sun.png</image>
	<image>wwwday_mon.png</image>
	<image>wwwday_tue.png</image>
	<image>wwwday_wed.png</image>
	<image>wwwday_thu.png</image>
	<image>wwwday_fri.png</image>
	<image>wwwday_sat.png</image>
<!--COMMENTED BY ClockSkinMaker
<metadata gui='rra' version='1.4.0.0' type='array_weekday' autoscale='1' font='Bebas Neue' fontstyle='Regular' fontsize='15.24778'>
<content>Sunday</content>
<content>Monday</content>
<content>Tuesday</content>
<content>Wednesday</content>
<content>Thursday</content>
<content>Friday</content>
<content>Saturday</content>
</metadata>
-->
</drawables>