<?xml version="1.0" encoding="utf-8"?>
<clockskin>
	<drawable>
		<name>image1.png</name>
	</drawable>
	<drawable>
		<name>digital1.xml</name>
		<arraytype>5</arraytype>
		<centerX>-41</centerX>
		<centerY>-100</centerY>
	</drawable>
  <drawable>
        <arraytype>58</arraytype>
        <width>8</width>
        <radius>168</radius> 
        <colorarray>#57d2ff,#57d2ff</colorarray>
        <startAngle>138</startAngle>
        <angle>84</angle>
        <mulrotate>3</mulrotate>
        <centerX>0</centerX>
        <centerY>0</centerY>
    </drawable>
    <drawable>
        <arraytype>56</arraytype>
        <width>8</width>
        <radius>168</radius> 
        <colorarray>#57d2ff,#57d2ff</colorarray>
        <startAngle>42</startAngle>
        <angle>-84</angle>
        <mulrotate>3</mulrotate>
        <centerX>0</centerX>
        <centerY>0</centerY>
    </drawable>
 <drawable>
        <name>digital12.xml</name>
        <arraytype>60</arraytype>
        <centerX>55</centerX>
        <centerY>137</centerY>
    </drawable>
	<drawable>
		<name>digital2.xml</name>
		<arraytype>4</arraytype>
		<centerX>8</centerX>
		<centerY>-100</centerY>
	</drawable>
	<drawable>
		<name>digital3.xml</name>
		<arraytype>3</arraytype>
		<centerX>54</centerX>
		<centerY>-100</centerY>
	</drawable>
	<drawable>
		<name>digital4.xml</name>
		<arraytype>14</arraytype>
		<centerX>-142</centerX>
		<centerY>47</centerY>
	</drawable>
	<drawable>
		<name>digital5.xml</name>
		<arraytype>9</arraytype>
		<centerX>141</centerX>
		<centerY>27</centerY>
	</drawable>
	<drawable>
		<name>digital6.xml</name>
		<arraytype>7</arraytype>
		<centerX>-58</centerX>
	</drawable>
	<drawable>
		<name>digital7.xml</name>
		<arraytype>8</arraytype>
		<centerX>67</centerX>
		<centerY>7</centerY>
	</drawable>
	<drawable>
		<name>digital8.xml</name>
		<arraytype>11</arraytype>
		<centerX>-43</centerX>
		<centerY>92</centerY>
	</drawable>
	<drawable>
		<name>digital9.xml</name>
		<arraytype>10</arraytype>
		<centerX>-100</centerX>
		<centerY>90</centerY>
	</drawable>
	<drawable>
		<name>digital10.xml</name>
		<arraytype>12</arraytype>
		<centerX>-58</centerX>
		<centerY>137</centerY>
	</drawable>
	<drawable>
		<name>digital11.xml</name>
		<arraytype>13</arraytype>
		<centerX>88</centerX>
		<centerY>93</centerY>
	</drawable>
	<drawable>
		<arraytype>99</arraytype>
		<centerX>-27</centerX>
		<centerY>161</centerY>
	</drawable>
	<drawable>
		<name>Untitled-ggg1.png</name>
	</drawable>
	<drawable>
		<name>image2.png</name>
		<rotate>3</rotate>
		<mulrotate>1</mulrotate>
	</drawable>
	<drawable>
		<name>sec.xml</name>
		<arraytype>9</arraytype>
		<centerX>200</centerX>
	</drawable>
	<drawable>
		<name>yyyyy.png</name>
	</drawable>
<!--COMMENTED BY ClockSkinMaker
<metadata gui='rra' version='1.4.0.0'/>
-->
</clockskin>