<?xml version="1.0" encoding="utf-8"?>
<clockskin>
	<drawable>
		<name>image1.png</name>
	</drawable>
	<drawable>
		<name>digital1.xml</name>
		<arraytype>12</arraytype>
		<centerX>2</centerX>
		<centerY>114</centerY>
	</drawable>
	<drawable>
		<name>image2.png</name>
		<rotate>2</rotate>
		<centerX>-82</centerX>
		<centerY>-34</centerY>
		<mulrotate>1</mulrotate>
	</drawable>
	<drawable>
		<name>image2_1.png</name>
		<rotate>3</rotate>
		<centerX>78</centerX>
		<centerY>-37</centerY>
		<mulrotate>1</mulrotate>
	</drawable>
	<drawable>
		<name>image4.png</name>
		<rotate>1</rotate>
	</drawable>
	<drawable>
		<name>image5.png</name>
		<rotate>2</rotate>
		<mulrotate>1</mulrotate>
	</drawable>
	<drawable>
		<name>image6.png</name>
		<rotate>3</rotate>
		<mulrotate>1</mulrotate>
	</drawable>
<!--COMMENTED BY ClockSkinMaker
<metadata gui='rra' version='1.6.0.0'/>
-->
</clockskin>