<?xml version="1.0" encoding="utf-8"?>
<clockskin>
	<drawable>
		<name>Back.png</name>
		<rotate>3</rotate>
		<mulrotate>9</mulrotate>
	</drawable>
	<drawable>
		<name>Figures_2.png</name>
	</drawable>
	<drawable>
		<name>Batt rotate.png</name>
		<rotate>6</rotate>
	</drawable>
	<drawable>
		<name>Batt WD and Day bases_3.png</name>
	</drawable>
	<drawable>
		<name>Array day.xml</name>
		<arraytype>4</arraytype>
		<centerY>104</centerY>
	</drawable>
	<drawable>
		<name>60 Ticks.png</name>
	</drawable>
	<drawable>
		<name>WD.png</name>
	</drawable>
	<drawable>
		<name>Array WD.xml</name>
		<arraytype>5</arraytype>
	</drawable>
	<drawable>
		<name>HH_2.png</name>
		<rotate>1</rotate>
	</drawable>
	<drawable>
		<name>MH_2.png</name>
		<rotate>2</rotate>
	</drawable>
	<drawable>
		<name>SH shadow .png</name>
		<rotate>10</rotate>
		<centerX>6</centerX>
		<centerY>6</centerY>
	</drawable>
	<drawable>
		<name>SH.png</name>
		<rotate>3</rotate>
	</drawable>
<!--COMMENTED BY ClockSkinMaker
<metadata gui='rra' version='2.0.0.2'/>
-->
</clockskin>