<?xml version="1.0" encoding="utf-8"?>
<clockskin>
	<drawable>
		<name>img30591.png</name>
	</drawable>
	<drawable>
		<name>hm_1.xml</name>
		<arraytype>6</arraytype>
		<centerX>-38</centerX>
		<centerY>94</centerY>
	</drawable>
	<drawable>
		<name>day.xml</name>
		<arraytype>5</arraytype>
		<centerY>70</centerY>
	</drawable>
	<drawable>
		<name>DAY_11_22.xml</name>
		<arraytype>4</arraytype>
		<centerX>-71</centerX>
		<centerY>123</centerY>
	</drawable>
	<drawable>
		<name>DAY_11_3.xml</name>
		<arraytype>16</arraytype>
		<centerX>55</centerX>
		<centerY>123</centerY>
	</drawable>
	<drawable>
		<name>MONTH.xml</name>
		<arraytype>3</arraytype>
		<centerX>-18</centerX>
		<centerY>123</centerY>
	</drawable>
	<drawable>
		<name>DAY_1181215.xml</name>
		<arraytype>13</arraytype>
		<centerX>-84</centerX>
		<centerY>23</centerY>
	</drawable>
	<drawable>
		<name>AM&amp;PM.xml</name>
		<arraytype>6</arraytype>
		<centerX>76</centerX>
		<centerY>96</centerY>
	</drawable>
	<drawable>
		<name>TEMP.xml</name>
		<arraytype>11</arraytype>
		<centerX>112</centerX>
		<centerY>38</centerY>
	</drawable>
	<drawable>
		<name>BATT1111.xml</name>
		<arraytype>14</arraytype>
		<centerX>-84</centerX>
		<centerY>-95</centerY>
	</drawable>
	<drawable>
		<color>1</color>
		<arraytype>99</arraytype>
		<centerX>-26</centerX>
		<centerY>146</centerY>
	</drawable>
	<drawable>
		<name>weather_array.xml</name>
		<arraytype>10</arraytype>
		<centerX>113</centerX>
		<centerY>-22</centerY>
	</drawable>
	<drawable>
		<name>moon_phase.xml</name>
		<arraytype>19</arraytype>
		<centerX>80</centerX>
		<centerY>-101</centerY>
	</drawable>
	<drawable>
		<name>st.xml</name>
		<arraytype>18</arraytype>
		<centerX>-99</centerX>
		<centerY>-1</centerY>
		<colorarray>FFFFFF,21017E</colorarray>
	</drawable>
	<drawable>
		<name>eee.png</name>
	</drawable>
	<drawable>
		<name>24H.png</name>
		<rotate>3</rotate>
		<centerY>-117</centerY>
	</drawable>
	<drawable>
		<name>img2017.png</name>
		<rotate>1</rotate>
	</drawable>
	<drawable>
		<name>img2018.png</name>
		<rotate>2</rotate>
	</drawable>
	<drawable>
		<name>img3040.png</name>
		<rotate>3</rotate>
	</drawable>
	<drawable>
		<name>img3042.png</name>
	</drawable>
	<drawable>
		<name>img3059r.png</name>
	</drawable>

<!--1 Music at Notes-->
    <drawable>
	<arraytype>100</arraytype>
	<centerX>-126</centerX>
	<centerY>-135</centerY>
	<range>30</range>
	<cls>com.android.music.MusicBrowserActivity</cls>
	<pkg>com.android.music</pkg>
    </drawable>

<!--3 Calendar at Date-->
    <drawable>
	<arraytype>100</arraytype>
	<centerX>0</centerX>
	<centerY>123</centerY>
	<range>30</range>
	<cls>com.android.calendar.AllInOneActivity</cls>
	<pkg>com.google.android.calendar</pkg>
    </drawable>

<!--5 Alarm at Digiclock-->
    <drawable>
	<arraytype>100</arraytype>
	<centerX>77</centerX>
	<centerY>97</centerY>
	<range>30</range>
	<cls>com.android.deskclock.DeskClock</cls>
	<pkg>com.android.deskclock</pkg>
    </drawable>
<!--6 Weather at Temperature-->
    <drawable>
	<arraytype>100</arraytype>
	<centerX>116</centerX>
	<centerY>-23</centerY>
	<range>30</range>
	<cls>com.android.watchweather.WeatherActivity</cls>
	<pkg>com.android.watchweather</pkg>
    </drawable>
<!--7 Contacts at Phone-->
    <drawable>
	<arraytype>100</arraytype>
	<centerX>127</centerX>
	<centerY>135</centerY>
	<range>30</range>
	<cls>com.android.dialer.DialtactsWearActivity</cls>
	<pkg>com.android.dialer</pkg>
    </drawable>


<!--10 Power at Power-->
    <drawable>
	<arraytype>100</arraytype>
	<centerX>-82</centerX>
	<centerY>-105</centerY>
	<range>30</range>
	<cls>com.android.settings.Settings$PowerUsageSummaryActivity</cls>
	<pkg>com.android.settings</pkg>
    </drawable>


<!--12 Heartrate at Heartrate-->
    <drawable>
	<arraytype>100</arraytype>
	<centerX>-117</centerX>
	<centerY>26</centerY>
	<range>30</range>
	<cls>com.cenon.heartrate.HeartRateMonitorActivity</cls>
	<pkg>com.cenon.heartrate</pkg>
    </drawable>
<!--13 Whatsapp at Messages-->
    <drawable>
	<arraytype>100</arraytype>
	<centerX>128</centerX>
	<centerY>-132</centerY>
	<range>30</range>
        <cls>com.whatsapp.Main</cls>
        <pkg>com.whatsapp</pkg>
    </drawable>
<!--14 Sports at Steps-->
    <drawable>
	<arraytype>100</arraytype>
	<centerX>-98</centerX>
	<centerY>-30</centerY>
	<range>30</range>
	<cls>it.nimarsolutions.rungpstracker.SplashActivity</cls>
        <pkg>it.nimarsolutions.rungpstracker</pkg>
    </drawable>
<!--15 Camera at Camera-->
    <drawable>
	<arraytype>100</arraytype>
	<centerX>-127</centerX>
	<centerY>135</centerY>
	<range>30</range>
	<cls>com.android.camera.CameraLauncher</cls>
	<pkg>com.mediatek.camera</pkg>
    </drawable>
<!--16 Brightness at Moon-->
    <drawable>
	<arraytype>100</arraytype>
	<centerX>81</centerX>
	<centerY>-102</centerY>
	<range>30</range>
	<cls>com.android.systemui.settings.BrightnessDialog</cls>
	<pkg>com.android.systemui</pkg>
    </drawable>

<!--18 Google at G-->
    <drawable>
	<arraytype>100</arraytype>
	<centerX>0</centerX>
	<centerY>-48</centerY>
	<range>30</range>
	<cls>com.google.android.apps.googleassistant.AssistantActivity</cls>
        <pkg>com.google.android.apps.googleassistant</pkg>
    </drawable>
<!--COMMENTED BY ClockSkinMaker
<metadata gui='rra' version='1.4.0.0'/>
-->
</clockskin>