<clockskin>
    <drawable>
        <name>image1.png</name>
    </drawable>
    <drawable>
        <name>image2.png</name>
        <rotate>3</rotate>
        <mulrotate>5</mulrotate>
        <centerX>-101</centerX>
        <centerY>59</centerY>
    </drawable>
    <drawable>
        <name>digital1.xml</name>
        <arraytype>9</arraytype>
        <centerX>-199</centerX>
        <centerY>1</centerY>
    </drawable>
    <drawable>
        <name>digital2.xml</name>
        <arraytype>4</arraytype>
        <centerX>-101</centerX>
        <centerY>62</centerY>
    </drawable>
    <drawable>
        <name>digital3.xml</name>
        <arraytype>13</arraytype>
        <centerX>91</centerX>
        <centerY>27</centerY>
    </drawable>
    <drawable>
        <name>digital4.xml</name>
        <arraytype>12</arraytype>
        <centerX>-15</centerX>
        <centerY>76</centerY>
    </drawable>
    <drawable>
        <name>digital5.xml</name>
        <arraytype>1</arraytype>
        <centerX>0</centerX>
        <centerY>-130</centerY>
    </drawable>
    <drawable>
        <name>digital6.xml</name>
        <arraytype>7</arraytype>
        <centerX>-90</centerX>
        <centerY>-33</centerY>
    </drawable>
    <drawable>
        <name>digital7.xml</name>
        <arraytype>8</arraytype>
        <centerX>0</centerX>
        <centerY>-39</centerY>
    </drawable>
    <drawable>
        <name>digital8.xml</name>
        <arraytype>9</arraytype>
        <centerX>88</centerX>
        <centerY>-24</centerY>
    </drawable>
    <drawable>
        <name>digital9.xml</name>
        <arraytype>14</arraytype>
        <centerX>200</centerX>
        <centerY>0</centerY>
    </drawable>
    <drawable>
        <name>image3.png</name>
        <rotate>3</rotate>
        <direction>2</direction>
        <mulrotate>1</mulrotate>
    </drawable>
    <drawable>
        <name>digital10.xml</name>
        <arraytype>5</arraytype>
        <centerX>0</centerX>
        <centerY>-113</centerY>
    </drawable>
</clockskin>
