<clockskin>
    <drawable>
        <name>image1.png</name>
    </drawable>
    <drawable>
        <rotate>3</rotate>
        <mulrotate>2</mulrotate>
        <name>image2.png</name>
    </drawable>
    <drawable>
        <rotate>3</rotate>
        <direction>2</direction>
        <mulrotate>1</mulrotate>
        <name>image3.png</name>
    </drawable>
    <drawable>
        <name>digital1.xml</name>
        <arraytype>1</arraytype>
        <centerX>-1684</centerX>
        <centerY>-118</centerY>
    </drawable>
    <drawable>
        <name>digital1.xml</name>
        <arraytype>1</arraytype>
        <centerX>-1294</centerX>
        <centerY>-108</centerY>
    </drawable>
    <drawable>
        <name>digital1.xml</name>
        <arraytype>1</arraytype>
        <centerX>-903</centerX>
        <centerY>-101</centerY>
    </drawable>
    <drawable>
        <name>digital1.xml</name>
        <arraytype>1</arraytype>
        <centerX>-511</centerX>
        <centerY>-93</centerY>
    </drawable>
    <drawable>
        <name>digital1.xml</name>
        <arraytype>1</arraytype>
        <centerX>-121</centerX>
        <centerY>-83</centerY>
    </drawable>
    <drawable>
        <name>digital1.xml</name>
        <arraytype>1</arraytype>
        <centerX>270</centerX>
        <centerY>-75</centerY>
    </drawable>
    <drawable>
        <name>digital1.xml</name>
        <arraytype>1</arraytype>
        <centerX>662</centerX>
        <centerY>-67</centerY>
    </drawable>
    <drawable>
        <name>digital1.xml</name>
        <arraytype>1</arraytype>
        <centerX>1052</centerX>
        <centerY>-58</centerY>
    </drawable>
    <drawable>
        <name>digital1.xml</name>
        <arraytype>1</arraytype>
        <centerX>1442</centerX>
        <centerY>-48</centerY>
    </drawable>
    <drawable>
        <name>digital1.xml</name>
        <arraytype>1</arraytype>
        <centerX>1831</centerX>
        <centerY>-39</centerY>
    </drawable>
    <drawable>
        <name>digital2.xml</name>
        <arraytype>4</arraytype>
        <centerX>163</centerX>
        <centerY>1</centerY>
    </drawable>
    <drawable>
        <name>digital3.xml</name>
        <arraytype>6</arraytype>
        <centerX>-839</centerX>
        <centerY>88</centerY>
    </drawable>
    <drawable>
        <name>digital3.xml</name>
        <arraytype>6</arraytype>
        <centerX>-444</centerX>
        <centerY>103</centerY>
    </drawable>
    <drawable>
        <name>digital3.xml</name>
        <arraytype>6</arraytype>
        <centerX>-49</centerX>
        <centerY>115</centerY>
    </drawable>
    <drawable>
        <name>digital3.xml</name>
        <arraytype>6</arraytype>
        <centerX>347</centerX>
        <centerY>128</centerY>
    </drawable>
    <drawable>
        <name>digital3.xml</name>
        <arraytype>6</arraytype>
        <centerX>742</centerX>
        <centerY>143</centerY>
    </drawable>
    <drawable>
        <name>digital4.xml</name>
        <arraytype>5</arraytype>
        <centerX>-39</centerX>
        <centerY>-127</centerY>
    </drawable>
    <drawable>
        <rotate>1</rotate>
        <mulrotate>1</mulrotate>
        <name>image4.png</name>
    </drawable>
    <drawable>
        <rotate>2</rotate>
        <mulrotate>1</mulrotate>
        <name>image5.png</name>
    </drawable>
    <drawable>
        <rotate>3</rotate>
        <direction>1</direction>
        <mulrotate>1</mulrotate>
        <name>image6.png</name>
    </drawable>
</clockskin>
