<?xml version="1.0" encoding="utf-8"?>
<clockskin>
	<drawable>
		<name>2.png</name>
	</drawable>
	<drawable>
		<name>h.png</name>
		<rotate>1</rotate>
	</drawable>
	<drawable>
		<name>m.png</name>
		<rotate>2</rotate>
	</drawable>
	<drawable>
		<name>s.png</name>
		<rotate>3</rotate>
	</drawable>
	<drawable>
		<name>1.png</name>
	</drawable>
	<drawable>
		<name>s.xml</name>
		<arraytype>9</arraytype>
	</drawable>
<!--COMMENTED BY ClockSkinMaker
<metadata gui='rra' version='1.6.0.0'/>
-->
</clockskin>