<?xml version="1.0" encoding="utf-8"?>
<clockskin>
	<drawable>
		<name>CWF_Watch_Face.png</name>
	</drawable>
	<drawable>
		<name>Cool Watch Faces.png</name>
		<centerY>-86</centerY>
	</drawable>
	<drawable>
		<name>month_array.xml</name>
		<arraytype>3</arraytype>
		<centerX>-98</centerX>
		<centerY>1</centerY>
	</drawable>
	<drawable>
		<name>day_array.xml</name>
		<arraytype>4</arraytype>
		<centerX>-56</centerX>
		<centerY>2</centerY>
	</drawable>
	<drawable>
		<name>Hours 002.png</name>
		<rotate>1</rotate>
	</drawable>
	<drawable>
		<name>Minutes002.png</name>
		<rotate>2</rotate>
	</drawable>
	<drawable>
		<name>Seconds Hands.png</name>
		<rotate>3</rotate>
	</drawable>
<!--COMMENTED BY ClockSkinMaker
<metadata gui='rra' version='1.4.0.0'/>
-->
</clockskin>