<?xml version="1.0" encoding="utf-8"?>
<drawables>
	<image>CoolWatchFaces_num_0.png</image>
	<image>CoolWatchFaces_num_1.png</image>
	<image>CoolWatchFaces_num_2.png</image>
	<image>CoolWatchFaces_num_3.png</image>
	<image>CoolWatchFaces_num_4.png</image>
	<image>CoolWatchFaces_num_5.png</image>
	<image>CoolWatchFaces_num_6.png</image>
	<image>CoolWatchFaces_num_7.png</image>
	<image>CoolWatchFaces_num_8.png</image>
	<image>CoolWatchFaces_num_9.png</image>
	<image>CoolWatchFaces_num_minus.png</image>
<!--COMMENTED BY ClockSkinMaker
<metadata gui='rra' version='1.4.0.0' type='array_year' forecolor='FFFFFF' autoscale='1' font='Times New Roman' fontstyle='Bold' fontsize='72'>
<content></content>
<content></content>
<content></content>
<content></content>
<content></content>
<content></content>
<content></content>
<content></content>
<content></content>
<content></content>
<content></content>
</metadata>
-->
</drawables>