<?xml version="1.0" encoding="utf-8"?>
<drawables>
	<image>clock_skin_month_jan.png</image>
	<image>clock_skin_month_feb.png</image>
	<image>clock_skin_month_mar.png</image>
	<image>clock_skin_month_apr.png</image>
	<image>clock_skin_month_may.png</image>
	<image>clock_skin_month_jun.png</image>
	<image>clock_skin_month_jul.png</image>
	<image>clock_skin_month_aug.png</image>
	<image>clock_skin_month_sep.png</image>
	<image>clock_skin_month_oct.png</image>
	<image>clock_skin_month_nov.png</image>
	<image>clock_skin_month_dec.png</image>
</drawables>