<?xml version="1.0" encoding="utf-8"?>
<clockskin>
	<drawable>
		<name>fon.png</name>
	</drawable>
	<drawable>
		<name>h.xml</name>
		<arraytype>7</arraytype>
		<centerX>-113</centerX>
		<centerY>-5</centerY>
	</drawable>
	<drawable>
		<name>m.xml</name>
		<arraytype>8</arraytype>
		<centerX>65</centerX>
		<centerY>-6</centerY>
	</drawable>
	<drawable>
		<name>h_num_colon.png</name>
		<centerX>-15</centerX>
		<centerY>-9</centerY>
	</drawable>
	<drawable>
		<name>s.xml</name>
		<arraytype>9</arraytype>
		<centerX>170</centerX>
	</drawable>
	<drawable>
		<name>st.xml</name>
		<arraytype>12</arraytype>
		<centerX>96</centerX>
		<centerY>116</centerY>
	</drawable>
	<drawable>
		<name>b.xml</name>
		<arraytype>14</arraytype>
		<centerX>-85</centerX>
		<centerY>117</centerY>
	</drawable>
	<drawable>
		<name>d.xml</name>
		<arraytype>4</arraytype>
		<centerY>-159</centerY>
	</drawable>
	<drawable>
		<name>m_1.xml</name>
		<arraytype>3</arraytype>
		<centerY>-114</centerY>
	</drawable>
	<drawable>
		<name>w.xml</name>
		<arraytype>5</arraytype>
		<centerY>-77</centerY>
	</drawable>
<!--COMMENTED BY ClockSkinMaker
<metadata gui='rra' version='1.4.0.0'/>
-->
</clockskin>