<?xml version="1.0" encoding="utf-8"?>
<drawables>
	<image>h_num_0.png</image>
	<image>h_num_1.png</image>
	<image>h_num_2.png</image>
	<image>h_num_3.png</image>
	<image>h_num_4.png</image>
	<image>h_num_5.png</image>
	<image>h_num_6.png</image>
	<image>h_num_7.png</image>
	<image>h_num_8.png</image>
	<image>h_num_9.png</image>
	<image>h_num_colon_1.png</image>
<!--COMMENTED BY ClockSkinMaker
<metadata gui='rra' version='1.4.0.0' type='array_hour' forecolor='F93C13' autoscale='0' shadowcolor='000000' shadowx='2' shadowy='2' font='Conthrax SemiBold' fontstyle='Bold' fontsize='66'>
<content>0</content>
<content>1</content>
<content>2</content>
<content>3</content>
<content>4</content>
<content>5</content>
<content>6</content>
<content>7</content>
<content>8</content>
<content>9</content>
<content>:</content>
</metadata>
-->
</drawables>