<?xml version="1.0" encoding="utf-8"?>
<drawables>
	<image>m_1_jan.png</image>
	<image>m_1_feb.png</image>
	<image>m_1_mar.png</image>
	<image>m_1_apr.png</image>
	<image>m_1_may.png</image>
	<image>m_1_jun.png</image>
	<image>m_1_jul.png</image>
	<image>m_1_aug.png</image>
	<image>m_1_sep.png</image>
	<image>m_1_oct.png</image>
	<image>m_1_nov.png</image>
	<image>m_1_dec.png</image>
<!--COMMENTED BY ClockSkinMaker
<metadata gui='rra' version='1.4.0.0' type='array_month' forecolor='FFFFFF' autoscale='1' shadowcolor='000000' shadowx='2' shadowy='2' font='Conthrax SemiBold' fontstyle='Bold' fontsize='22,15418'>
<content>ЯНВАРЯ</content>
<content>ФЕВРАЛЯ</content>
<content>МАРТА</content>
<content>АПРЕЛЯ</content>
<content>МАЯ</content>
<content>ИЮНЯ</content>
<content>ИЮЛЯ</content>
<content>АВГУСТА</content>
<content>СЕНТЯБРЯ</content>
<content>ОКТЯБРЯ</content>
<content>НОЯБРЯ</content>
<content>ДЕКАБРЯ</content>
</metadata>
-->
</drawables>