<?xml version="1.0" encoding="utf-8"?>
<drawables>
	<image>w_sun.png</image>
	<image>w_mon.png</image>
	<image>w_tue.png</image>
	<image>w_wed.png</image>
	<image>w_thu.png</image>
	<image>w_fri.png</image>
	<image>w_sat.png</image>
<!--COMMENTED BY ClockSkinMaker
<metadata gui='rra' version='1.4.0.0' type='array_weekday' forecolor='FFFFFF' autoscale='1' font='Conthrax SemiBold' fontstyle='Bold' fontsize='11,88761'>
<content>Вс</content>
<content>Пн</content>
<content>Вт</content>
<content>Ср</content>
<content>Чт</content>
<content>Пт</content>
<content>Сб</content>
</metadata>
-->
</drawables>