<?xml version="1.0" encoding="utf-8"?>
<clockskin>
	<drawable>
		<name>Back.png</name>
	</drawable>
	<drawable>
		<name>SEC RING_blue.png</name>
	</drawable>
	<drawable>
		<name>SEC RING_green.png</name>
	</drawable>
	<drawable>
		<name>A_sec.xml</name>
		<arraytype>9</arraytype>
		<centerX>-200</centerX>
	</drawable>
	<drawable>
		<name>B_sec.xml</name>
		<arraytype>9</arraytype>
		<centerX>200</centerX>
	</drawable>
	<drawable>
		<name>12.png</name>
	</drawable>
	<drawable>
		<name>Sec_frame_BLACK.png</name>
	</drawable>
	<drawable>
		<name>Batt rotate.png</name>
		<rotate>6</rotate>
		<centerY>-10</centerY>
		<direction>2</direction>
		<mulrotate>-2</mulrotate>
	</drawable>
	<drawable>
		<name>Hatch orig_with batt bar.png</name>
	</drawable>
	<drawable>
		<name>DAY ARRAY.xml</name>
		<arraytype>4</arraytype>
		<centerY>-132</centerY>
	</drawable>
	<drawable>
		<name>WD Array.xml</name>
		<arraytype>5</arraytype>
	</drawable>
	<drawable>
		<name>MONTH ARRAY.xml</name>
		<arraytype>3</arraytype>
	</drawable>
	<drawable>
		<name>Ticks.png</name>
	</drawable>
	<drawable>
		<name>Frames.png</name>
	</drawable>
	<drawable>
		<name>ARRAY hm.xml</name>
		<arraytype>6</arraytype>
		<centerX>1</centerX>
		<centerY>35</centerY>
	</drawable>
	<drawable>
		<name>BATT LEVEL TEXT.png</name>
		<centerX>-1</centerX>
	</drawable>
<!--COMMENTED BY ClockSkinMaker
<metadata gui='rra' version='2.0.0.2'/>
-->
</clockskin>