<?xml version="1.0" encoding="utf-8"?>
<clockskin>
	<drawable>
		<name>night.png</name>
		<rotate>8</rotate>
		<centerY>80</centerY>
	</drawable>
	<drawable>
		<name>panel.png</name>
	</drawable>
	<drawable>
		<name>day.xml</name>
		<arraytype>4</arraytype>
		<centerX>100</centerX>
	</drawable>
	<drawable>
		<name>g_0015.png</name>
		<centerY>-70</centerY>
	</drawable>
	<drawable>
		<name>hour.png</name>
		<rotate>1</rotate>
	</drawable>
	<drawable>
		<name>minute.png</name>
		<rotate>2</rotate>
	</drawable>
	<drawable>
		<name>second.png</name>
		<rotate>3</rotate>
	</drawable>
<!--COMMENTED BY ClockSkinMaker
<metadata gui='rra' version='1.6.0.0'/>
-->
</clockskin>