<?xml version="1.0" encoding="utf-8"?>
<clockskin>
	<drawable>
		<name>Tourb back.png</name>
		<centerY>84</centerY>
	</drawable>
	<drawable>
		<name>center weel.png</name>
		<rotate>3</rotate>
		<centerY>49</centerY>
	</drawable>
	<drawable>
		<name>Base.png</name>
	</drawable>
	<drawable>
		<name>Ring.png</name>
	</drawable>
	<drawable>
		<name>Figures.png</name>
	</drawable>
	<drawable>
		<name>Ticks.png</name>
	</drawable>
	<drawable>
		<name>Hatch.png</name>
	</drawable>
	<drawable>
		<name>wd month tourb bases.png</name>
	</drawable>
	<drawable>
		<name>Rings.png</name>
	</drawable>
	<drawable>
		<name>WD and Month.png</name>
	</drawable>
	<drawable>
		<name>center 1.png</name>
		<rotate>3</rotate>
		<centerY>107</centerY>
	</drawable>
	<drawable>
		<name>Ball.png</name>
		<rotate>3</rotate>
		<centerY>109</centerY>
		<mulrotate>120</mulrotate>
	</drawable>
	<drawable>
		<name>Ball_2.png</name>
		<rotate>3</rotate>
		<centerY>107</centerY>
		<mulrotate>160</mulrotate>
	</drawable>
	<drawable>
		<name>Spring_blue.png</name>
		<rotate>3</rotate>
		<centerY>107</centerY>
	</drawable>
	<drawable>
		<name>Tourbillon.png</name>
		<rotate>3</rotate>
		<centerX>1</centerX>
		<centerY>107</centerY>
	</drawable>
	<drawable>
		<name>weekday.xml</name>
		<arraytype>5</arraytype>
	</drawable>
	<drawable>
		<name>Month.xml</name>
		<arraytype>3</arraytype>
	</drawable>
	<drawable>
		<name>DAY.xml</name>
		<arraytype>4</arraytype>
		<centerX>95</centerX>
		<centerY>-53</centerY>
	</drawable>
	<drawable>
		<name>BATT LEVEL.xml</name>
		<arraytype>14</arraytype>
		<centerX>-96</centerX>
		<centerY>-53</centerY>
	</drawable>
	<drawable>
		<name>HH.png</name>
		<rotate>1</rotate>
	</drawable>
	<drawable>
		<name>MH.png</name>
		<rotate>2</rotate>
	</drawable>
<!--COMMENTED BY ClockSkinMaker
<metadata gui='rra' version='2.0.0.2'/>
-->
</clockskin>