<?xml version="1.0" encoding="utf-8"?>
<clockskin>
	<drawable>
		<name>bg.png</name>
	</drawable>
	<drawable>
		<name>power.png</name>
		<centerX>81</centerX>
		<centerY>-116</centerY>
	</drawable>
	<drawable>
		<name>step_3.xml</name>
		<arraytype>14</arraytype>
		<centerX>84</centerX>
		<centerY>-90</centerY>
	</drawable>
	<drawable>
		<name>temp.xml</name>
		<arraytype>11</arraytype>
		<centerX>-81</centerX>
		<centerY>-88</centerY>
	</drawable>
	<drawable>
		<name>weather_array.xml</name>
		<arraytype>10</arraytype>
		<centerX>-85</centerX>
		<centerY>-117</centerY>
	</drawable>
	<drawable>
		<name>moon_phase.xml</name>
		<arraytype>19</arraytype>
		<centerX>-3</centerX>
		<centerY>-72</centerY>
	</drawable>
	<drawable>
		<name>itineraire-png-respecter-votre-destination-initiale-1200.png</name>
		<centerX>90</centerX>
		<centerY>124</centerY>
	</drawable>
	<drawable>
		<name>dist.xml</name>
		<arraytype>60</arraytype>
		<centerX>92</centerX>
		<centerY>97</centerY>
	</drawable>
	<drawable>
		<name>calorie_289345.png</name>
		<centerX>-90</centerX>
		<centerY>123</centerY>
	</drawable>
	<drawable>
		<name>step.xml</name>
		<arraytype>54</arraytype>
		<centerX>-88</centerX>
		<centerY>97</centerY>
	</drawable>
	<drawable>
		<arraytype>99</arraytype>
		<centerX>-25</centerX>
		<centerY>-137</centerY>
	</drawable>
	<drawable>
		<name>w.xml</name>
		<arraytype>5</arraytype>
		<centerX>90</centerX>
		<centerY>-5</centerY>
	</drawable>
	<drawable>
		<name>f.png</name>
	</drawable>
	<drawable>
		<name>rate_1.xml</name>
		<arraytype>13</arraytype>
		<centerX>-86</centerX>
		<centerY>-1</centerY>
	</drawable>
	<drawable>
		<name>step_1.xml</name>
		<arraytype>12</arraytype>
		<centerY>91</centerY>
	</drawable>
	<drawable>
		<name>hm.xml</name>
		<arraytype>6</arraytype>
		<centerX>90</centerX>
		<centerY>9</centerY>
	</drawable>
	<drawable>
		<name>m.xml</name>
		<arraytype>2</arraytype>
		<centerX>91</centerX>
		<centerY>-19</centerY>
	</drawable>
	<drawable>
		<name>h.png</name>
		<rotate>1</rotate>
	</drawable>
	<drawable>
		<name>m.png</name>
		<rotate>2</rotate>
	</drawable>
	<drawable>
		<name>s.png</name>
		<rotate>3</rotate>
	</drawable>
<!--COMMENTED BY ClockSkinMaker
<metadata gui='rra' version='2.0.0.2'/>
-->
</clockskin>