<?xml version="1.0" encoding="utf-8"?>
<drawables>
	<image>e_num_0_2.png</image>
	<image>e_num_1_2.png</image>
	<image>e_num_2_2.png</image>
	<image>e_num_3_2.png</image>
	<image>e_num_4_2.png</image>
	<image>e_num_5_2.png</image>
	<image>e_num_6_2.png</image>
	<image>e_num_7_2.png</image>
	<image>e_num_8_2.png</image>
	<image>e_num_9_2.png</image>
	<image>e_num_colon.png</image>
<!--COMMENTED BY ClockSkinMaker
<metadata gui='rra' version='1.6.0.0' type='array_hourminute' autoscale='1' font='Times New Roman' fontstyle='Regular' fontsize='10.79789'>
<content>0</content>
<content>1</content>
<content>2</content>
<content>3</content>
<content>4</content>
<content>5</content>
<content>6</content>
<content>7</content>
<content>8</content>
<content>9</content>
<content>:</content>
<content></content>
<content></content>
</metadata>
-->
</drawables>