<?xml version="1.0" encoding="utf-8"?>
<clockskin>
	<drawable>
		<name>face.png</name>
	</drawable>
	<drawable>
		<name>month.xml</name>
		<centerX>-44</centerX>
		<centerY>124</centerY>
		<arraytype>3</arraytype>
	</drawable>
	<drawable>
		<name>date.xml</name>
		<centerX>53</centerX>
		<centerY>124</centerY>
		<arraytype>4</arraytype>
	</drawable>
	<drawable>
		<name>hours.xml</name>
		<centerX>-69</centerX>
		<centerY>78</centerY>
		<arraytype>7</arraytype>
	</drawable>
	<drawable>
		<name>minutes.xml</name>
		<centerX>0</centerX>
		<centerY>78</centerY>
		<arraytype>8</arraytype>
	</drawable>
	<drawable>
		<name>seconds.xml</name>
		<centerX>69</centerX>
		<centerY>78</centerY>
		<arraytype>9</arraytype>
	</drawable>
	<drawable>
		<name>hour_shadow.png</name>
		<rotate>1</rotate>
		<centerY>10</centerY>
	</drawable>
	<drawable>
		<name>hour.png</name>
		<rotate>1</rotate>
	</drawable>
	<drawable>
		<name>minute_shadow.png</name>
		<rotate>2</rotate>
		<centerY>10</centerY>
	</drawable>
	<drawable>
		<name>minute.png</name>
		<rotate>2</rotate>
	</drawable>
	
<!--COMMENTED BY ClockSkinMaker
<metadata gui='rra' version='1.4.0.0'/>
-->
</clockskin>