<?xml version="1.0" encoding="utf-8"?>
<clockskin>
	<drawable>
		<name>image1.png</name>
	</drawable>
	<drawable>
		<name>image2.png</name>
		<rotate>3</rotate>
		<mulrotate>1</mulrotate>
	</drawable>
	<drawable>
		<name>digital1.xml</name>
		<arraytype>13</arraytype>
		<centerX>-32</centerX>
		<centerY>-93</centerY>
	</drawable>
	<drawable>
		<name>digital2.xml</name>
		<arraytype>12</arraytype>
		<centerX>36</centerX>
		<centerY>-94</centerY>
	</drawable>
	<drawable>
		<name>digital3.xml</name>
		<arraytype>9</arraytype>
	</drawable>
	<drawable>
		<name>digital4.xml</name>
		<arraytype>6</arraytype>
		<centerX>117</centerX>
	</drawable>
	<drawable>
		<name>digital5.xml</name>
		<arraytype>2</arraytype>
		<centerX>129</centerX>
		<centerY>31</centerY>
	</drawable>
<!--COMMENTED BY ClockSkinMaker
<metadata gui='rra' version='1.6.0.0'/>
-->
</clockskin>