<?xml version="1.0" encoding="utf-8"?>
<clockskin>
	<drawable>
		<name>jhgkhb.png</name>
		<centerX>1</centerX>
	</drawable>
	<drawable>
		<name>vbjmbcjncb.png</name>
		<rotate>3</rotate>
		<centerX>107</centerX>
		<centerY>18</centerY>
	</drawable>
	<drawable>
		<name>vbvcxn.png</name>
		<rotate>3</rotate>
		<centerX>8</centerX>
		<centerY>114</centerY>
	</drawable>
	<drawable>
		<name>cvnxcvb.png</name>
		<rotate>3</rotate>
		<centerX>46</centerX>
		<centerY>76</centerY>
	</drawable>
	<drawable>
		<name>gnhjcvbmj.png</name>
		<rotate>3</rotate>
		<centerX>32</centerX>
		<centerY>32</centerY>
	</drawable>
	<drawable>
		<name>dfhfgh.png</name>
	</drawable>
	<drawable>
		<name>dfjhj.png</name>
		<rotate>1</rotate>
	</drawable>
	<drawable>
		<name>ghfghj.png</name>
		<rotate>2</rotate>
	</drawable>
<!--COMMENTED BY ClockSkinMaker
<metadata gui='rra' version='1.6.0.0'/>
-->
</clockskin>