<?xml version="1.0" encoding="utf-8"?>
<clockskin>
	<drawable>
		<name>Sec ring bw.png</name>
		<rotate>3</rotate>
	</drawable>
	<drawable>
		<name>Sec ring.png</name>
		<rotate>3</rotate>
	</drawable>
	<drawable>
		<name>Batt rotate.png</name>
		<rotate>6</rotate>
		<mulrotate>-2</mulrotate>
	</drawable>
	<drawable>
		<name>Base.png</name>
	</drawable>
	<drawable>
		<name>Array WD.xml</name>
		<arraytype>5</arraytype>
	</drawable>
	<drawable>
		<name>Array month.xml</name>
		<arraytype>3</arraytype>
	</drawable>
	<drawable>
		<name>Array day.xml</name>
		<arraytype>4</arraytype>
		<centerY>78</centerY>
	</drawable>
	<drawable>
		<name>Array HM.xml</name>
		<arraytype>6</arraytype>
		<centerY>-28</centerY>
	</drawable>
<!--COMMENTED BY ClockSkinMaker
<metadata gui='rra' version='2.0.0.2'/>
-->
</clockskin>