<?xml version="1.0" encoding="UTF-8" standalone="no"?>
<clockskin>
<drawable>
<name>clock_skin_panel.png</name>
</drawable>
<drawable>
<name>monthday_array.xml</name>
<centerX>-130</centerX>
<arraytype>2</arraytype>
</drawable>
<drawable>
<name>step_array.xml</name>
<centerX>0</centerX>
<centerY>145</centerY>
<arraytype>12</arraytype>
</drawable>
<drawable>
<name>heartrate_array.xml</name>
<centerX>0</centerX>
<centerY>-145</centerY>
<arraytype>13</arraytype>
</drawable>
<drawable>
<name>temp_array.xml</name>
<centerX>155</centerX>
<arraytype>11</arraytype>
</drawable>
<drawable>
<name>weather_array.xml</name>
<centerX>100</centerX>
<arraytype>10</arraytype>
</drawable>
<drawable>
<centerX>-20</centerX>
<centerY>60</centerY>
<arraytype>99</arraytype>
</drawable>
<drawable>
<name>clock_skin_hour.png</name>
<rotate>1</rotate>
</drawable>
<drawable>
<name>clock_skin_minute.png</name>
<rotate>2</rotate>
</drawable>
<drawable>
<name>clock_skin_second.png</name>
<rotate>3</rotate>
</drawable>
</clockskin>