<?xml version="1.0" encoding="utf-8"?>
<drawables>
	<image>A WD_sun.png</image>
	<image>A WD_mon.png</image>
	<image>A WD_tue.png</image>
	<image>A WD_wed.png</image>
	<image>A WD_thu.png</image>
	<image>A WD_fri.png</image>
	<image>A WD_sat.png</image>
<!--COMMENTED BY ClockSkinMaker
<metadata gui='rra' version='2.0.0.2' type='array_weekday' forecolor='FF8040' autoscale='1' font='Times New Roman' fontstyle='Regular' fontsize='16.32957'>
<content>Вс</content>
<content>Пн</content>
<content>Вт</content>
<content>Ср</content>
<content>Чт</content>
<content>Пт</content>
<content>Сб</content>
</metadata>
-->
</drawables>