<?xml version="1.0" encoding="utf-8"?>
<clockskin>
	<drawable>
		<name>BATT ROT LEFT.png</name>
		<rotate>6</rotate>
		<centerX>39</centerX>
		<centerY>-7</centerY>
		<mulrotate>-4</mulrotate>
	</drawable>
	<drawable>
		<name>BATT ROT RIGHT.png</name>
		<rotate>6</rotate>
		<centerX>-39</centerX>
		<centerY>-7</centerY>
		<direction>2</direction>
		<mulrotate>-4</mulrotate>
	</drawable>
	<drawable>
		<name>Base.png</name>
	</drawable>
	<drawable>
		<name>Hatch_2.png</name>
	</drawable>
	<drawable>
		<name>Hatch.png</name>
	</drawable>
	<drawable>
		<name>Ticks.png</name>
	</drawable>
	<drawable>
		<name>FIGURES.png</name>
	</drawable>
	<drawable>
		<name>FIGURES_2.png</name>
	</drawable>
	<drawable>
		<name>Array month.xml</name>
		<arraytype>3</arraytype>
	</drawable>
	<drawable>
		<name>Array WD.xml</name>
		<arraytype>5</arraytype>
	</drawable>
	<drawable>
		<name>Array Day.xml</name>
		<arraytype>4</arraytype>
		<centerY>146</centerY>
	</drawable>
	<drawable>
		<name>HH.png</name>
		<rotate>1</rotate>
		<centerY>-34</centerY>
	</drawable>
	<drawable>
		<name>MH.png</name>
		<rotate>2</rotate>
		<centerY>-34</centerY>
	</drawable>
	<drawable>
		<name>SH.png</name>
		<rotate>3</rotate>
		<centerY>-34</centerY>
	</drawable>
	<drawable>
		<name>BATT INDIC FRAME_W.png</name>
	</drawable>
<!--COMMENTED BY ClockSkinMaker
<metadata gui='rra' version='2.0.0.2'/>
-->
</clockskin>