<?xml version="1.0" encoding="utf-8"?>
<clockskin>
	<drawable>
		<name>sfgsdfhg.png</name>
	</drawable>
	<drawable>
		<name>h_1_1.xml</name>
		<arraytype>6</arraytype>
		<centerX>-33</centerX>
		<centerY>122</centerY>
	</drawable>
	<drawable>
		<name>h_1_2.xml</name>
		<arraytype>9</arraytype>
		<centerX>57</centerX>
		<centerY>121</centerY>
	</drawable>
	<drawable>
		<name>week.xml</name>
		<arraytype>5</arraytype>
		<centerX>2</centerX>
		<centerY>-48</centerY>
	</drawable>
	<drawable>
		<name>dfhs.png</name>
		<rotate>3</rotate>
		<centerX>-108</centerX>
		<centerY>-28</centerY>
		<mulrotate>6</mulrotate>
	</drawable>
	<drawable>
		<name>dfgsh_1.png</name>
		<rotate>3</rotate>
		<centerX>68</centerX>
		<centerY>-168</centerY>
		<mulrotate>7</mulrotate>
	</drawable>
	<drawable>
		<name>dfgsh_2.png</name>
		<rotate>3</rotate>
		<centerX>-104</centerX>
		<centerY>50</centerY>
		<mulrotate>7</mulrotate>
	</drawable>
	<drawable>
		<name>dfgsh_3.png</name>
		<rotate>3</rotate>
		<centerX>154</centerX>
		<centerY>-23</centerY>
		<mulrotate>7</mulrotate>
	</drawable>
	<drawable>
		<name>dfgsh.png</name>
		<rotate>3</rotate>
		<centerX>149</centerX>
		<centerY>90</centerY>
		<mulrotate>6</mulrotate>
	</drawable>
	<drawable>
		<name>jfkjd_1.png</name>
		<rotate>3</rotate>
		<centerX>-25</centerX>
		<centerY>-150</centerY>
		<mulrotate>7</mulrotate>
	</drawable>
	<drawable>
		<name>jfkjd_2.png</name>
		<rotate>3</rotate>
		<centerX>-105</centerX>
		<centerY>-30</centerY>
		<mulrotate>7</mulrotate>
	</drawable>
	<drawable>
		<name>jfkjd_3.png</name>
		<rotate>3</rotate>
		<centerX>-155</centerX>
		<centerY>107</centerY>
		<mulrotate>7</mulrotate>
	</drawable>
	<drawable>
		<name>jfkjd_4.png</name>
		<rotate>3</rotate>
		<centerX>97</centerX>
		<centerY>58</centerY>
		<mulrotate>7</mulrotate>
	</drawable>
	<drawable>
		<name>jfkjd_5.png</name>
		<rotate>3</rotate>
		<centerX>186</centerX>
		<centerY>27</centerY>
		<mulrotate>7</mulrotate>
	</drawable>
	<drawable>
		<name>jfkjd.png</name>
		<rotate>3</rotate>
		<centerX>-162</centerX>
		<centerY>62</centerY>
		<mulrotate>6</mulrotate>
	</drawable>
<!--COMMENTED BY ClockSkinMaker
<metadata gui='rra' version='1.6.0.0'/>
-->
</clockskin>