<?xml version="1.0" encoding="utf-8"?>
<drawables>
	<image>Month array_jan.png</image>
	<image>Month array_feb.png</image>
	<image>Month array_mar.png</image>
	<image>Month array_apr.png</image>
	<image>Month array_may.png</image>
	<image>Month array_jun.png</image>
	<image>Month array_jul.png</image>
	<image>Month array_aug.png</image>
	<image>Month array_sep.png</image>
	<image>Month array_oct.png</image>
	<image>Month array_nov.png</image>
	<image>Month array_dec.png</image>
<!--COMMENTED BY ClockSkinMaker
<metadata gui='rra' version='2.0.0.2' type='array_month' forecolor='C0C0C0' autoscale='1' font='Times New Roman' fontstyle='Regular' fontsize='13.34746'>
<content>янв</content>
<content>фев</content>
<content>мар</content>
<content>апр</content>
<content>май</content>
<content>июн</content>
<content>июл</content>
<content>авг</content>
<content>сен</content>
<content>окт</content>
<content>ноя</content>
<content>дек</content>
</metadata>
-->
</drawables>