<?xml version="1.0" encoding="utf-8"?>
<clockskin>
	<drawable>
		<name>400a.png</name>
	</drawable>
	<drawable>
		<name>hm.xml</name>
		<arraytype>6</arraytype>
		<centerX>-2</centerX>
		<centerY>-7</centerY>
	</drawable>
	<drawable>
		<name>st.xml</name>
		<arraytype>12</arraytype>
		<centerX>-85</centerX>
		<centerY>75</centerY>
	</drawable>
	<drawable>
		<name>batt.xml</name>
		<arraytype>14</arraytype>
		<centerX>98</centerX>
		<centerY>75</centerY>
	</drawable>
	<drawable>
		<name>Wd.xml</name>
		<arraytype>5</arraytype>
		<centerX>90</centerX>
		<centerY>-90</centerY>
	</drawable>
	<drawable>
		<name>temp.xml</name>
		<arraytype>11</arraytype>
		<centerX>14</centerX>
		<centerY>75</centerY>
	</drawable>
	<drawable>
		<name>md.xml</name>
		<arraytype>2</arraytype>
		<centerX>-73</centerX>
		<centerY>-90</centerY>
	</drawable>
	<drawable>
		<name>_zv.png</name>
		<centerX>18</centerX>
		<centerY>-85</centerY>
	</drawable>
<!--COMMENTED BY ClockSkinMaker
<metadata gui='rra' version='1.4.0.0'/>
-->
</clockskin>