<?xml version="1.0" encoding="utf-8"?>
<drawables>
	<image>Wd_sun.png</image>
	<image>Wd_mon.png</image>
	<image>Wd_tue.png</image>
	<image>Wd_wed.png</image>
	<image>Wd_thu.png</image>
	<image>Wd_fri.png</image>
	<image>Wd_sat.png</image>
<!--COMMENTED BY ClockSkinMaker
<metadata gui='rra' version='1.4.0.0' type='array_weekday' forecolor='0080FF' autoscale='0' font='Arial Narrow' fontstyle='Bold' fontsize='36'>
<content>SUN</content>
<content>MON</content>
<content>TUE</content>
<content>WED</content>
<content>THU</content>
<content>FRI</content>
<content>SAT</content>
</metadata>
-->
</drawables>