<?xml version="1.0" encoding="utf-8"?>
<clockskin>
	<drawable>
		<name>bg.png</name>
	</drawable>
	<drawable>
		<name>1_1.png</name>
		<rotate>3</rotate>
		<centerX>-77</centerX>
		<centerY>53</centerY>
		<direction>1</direction>
		<mulrotate>7</mulrotate>
	</drawable>
	<drawable>
		<name>zsfdgsfg.png</name>
		<rotate>3</rotate>
		<centerX>8</centerX>
		<centerY>30</centerY>
		<direction>2</direction>
	</drawable>
	<drawable>
		<name>2.png</name>
		<rotate>3</rotate>
		<centerX>96</centerX>
		<centerY>-87</centerY>
		<direction>2</direction>
	</drawable>
	<drawable>
		<name>sdgdsfgh.png</name>
		<rotate>3</rotate>
		<centerX>89</centerX>
		<centerY>-78</centerY>
	</drawable>
	<drawable>
		<name>1.png</name>
		<rotate>3</rotate>
		<centerX>51</centerX>
		<centerY>-46</centerY>
	</drawable>
	<drawable>
		<name>3.png</name>
		<rotate>3</rotate>
		<centerX>48</centerX>
		<centerY>-44</centerY>
		<mulrotate>6</mulrotate>
	</drawable>
	<drawable>
		<name>sdgxcfg.png</name>
	</drawable>
	<drawable>
		<name>zdfhgdgfh.png</name>
		<rotate>6</rotate>
		<centerX>-80</centerX>
		<centerY>55</centerY>
		<startAngle>330</startAngle>
		<mulrotate>-1</mulrotate>
	</drawable>
	<drawable>
		<name>h.png</name>
		<rotate>1</rotate>
	</drawable>
	<drawable>
		<name>m.png</name>
		<rotate>2</rotate>
	</drawable>
	<drawable>
		<name>s.png</name>
		<rotate>3</rotate>
		<direction>1</direction>
	</drawable>
<!--COMMENTED BY ClockSkinMaker
<metadata gui='rra' version='2.0.0.2'/>
-->
</clockskin>