<?xml version="1.0" encoding="utf-8"?>
<clockskin>
	<drawable>
		<name>sdgf.png</name>
	</drawable>
	<drawable>
		<name>fsdaf.png</name>
		<rotate>1</rotate>
	</drawable>
	<drawable>
		<name>sd.png</name>
		<rotate>2</rotate>
	</drawable>
	<drawable>
		<name>asgg.png</name>
		<rotate>3</rotate>
	</drawable>
	<drawable>
		<name>fdsgdfhgsdf.png</name>
		<rotate>3</rotate>
		<direction>2</direction>
		<mulrotate>5</mulrotate>
	</drawable>
<!--COMMENTED BY ClockSkinMaker
<metadata gui='rra' version='1.6.0.0'/>
-->
</clockskin>