<?xml version="1.0" encoding="utf-8"?>
<clockskin>
	<drawable>
		<name>ffsfsd.png</name>
	</drawable>
	<drawable>
		<name>gagg.png</name>
		<rotate>3</rotate>
	</drawable>
	<drawable>
		<name>aff_1.png</name>
		<rotate>3</rotate>
		<centerX>81</centerX>
		<centerY>102</centerY>
		<mulrotate>6</mulrotate>
	</drawable>
	<drawable>
		<name>aff_3.png</name>
		<rotate>3</rotate>
		<centerX>-59</centerX>
		<centerY>163</centerY>
		<direction>2</direction>
		<mulrotate>7</mulrotate>
	</drawable>
	<drawable>
		<name>dfsf.png</name>
	</drawable>
	<drawable>
		<name>aff.png</name>
		<rotate>3</rotate>
		<centerX>-106</centerX>
		<centerY>267</centerY>
		<mulrotate>5</mulrotate>
	</drawable>
	<drawable>
		<name>1_1.xml</name>
		<arraytype>6</arraytype>
	</drawable>
	<drawable>
		<name>1.xml</name>
		<arraytype>9</arraytype>
		<centerX>-1</centerX>
		<centerY>50</centerY>
	</drawable>
	<drawable>
		<name>sdhh_1.png</name>
		<rotate>3</rotate>
		<centerX>85</centerX>
		<centerY>209</centerY>
		<direction>2</direction>
		<mulrotate>7</mulrotate>
	</drawable>
	<drawable>
		<name>aff_2.png</name>
		<rotate>3</rotate>
		<centerX>-87</centerX>
		<centerY>44</centerY>
		<mulrotate>6</mulrotate>
	</drawable>
	<drawable>
		<name>sdhh.png</name>
		<rotate>3</rotate>
		<centerX>-8</centerX>
		<centerY>292</centerY>
	</drawable>
<!--COMMENTED BY ClockSkinMaker
<metadata gui='rra' version='1.6.0.0'/>
-->
</clockskin>