<?xml version="1.0" encoding="utf-8"?>
<clockskin>
	<drawable>
		<name>Back_2.png</name>
	</drawable>
	<drawable>
		<name>Back.png</name>
	</drawable>
	<drawable>
		<name>Hatch with hole.png</name>
	</drawable>
	<drawable>
		<name>Figures_5.png</name>
	</drawable>
	<drawable>
		<name>Figures_2.png</name>
	</drawable>
	<drawable>
		<name>Batt and day bases.png</name>
	</drawable>
	<drawable>
		<name>Array day.xml</name>
		<arraytype>4</arraytype>
		<centerY>95</centerY>
	</drawable>
	<drawable>
		<name>BATT ROTATE.png</name>
		<rotate>6</rotate>
		<centerX>-1</centerX>
		<centerY>-46</centerY>
	</drawable>
	<drawable>
		<name>Batt indicator frame.png</name>
		<centerX>-1</centerX>
		<centerY>-6</centerY>
	</drawable>
	<drawable>
		<name>S.png</name>
	</drawable>
	<drawable>
		<name>HH_green.png</name>
		<rotate>1</rotate>
	</drawable>
	<drawable>
		<name>MH_green.png</name>
		<rotate>2</rotate>
	</drawable>
	<drawable>
		<name>SH.png</name>
		<rotate>3</rotate>
	</drawable>
	<drawable>
		<name>SH shadow .png</name>
		<rotate>10</rotate>
		<centerX>5</centerX>
		<centerY>5</centerY>
	</drawable>
	<drawable>
		<name>30 ticks.png</name>
	</drawable>
	<drawable>
		<name>mask.png</name>
	</drawable>
	<drawable>
		<name>30 ticks frame.png</name>
	</drawable>
<!--COMMENTED BY ClockSkinMaker
<metadata gui='rra' version='2.0.0.2'/>
-->
</clockskin>