<?xml version="1.0" encoding="utf-8"?>
<clockskin>
	<drawable>
		<name>clock_skin_panel4NBbbbb.png</name>
	</drawable>
	<drawable>
		<arraytype>15</arraytype>
		<colorarray>FFFF00,000000</colorarray>
	</drawable>
	<drawable>
		<name>clock_skin_panel4NB.png</name>
	</drawable>
	<drawable>
		<name>steps1.png</name>
		<centerX>155</centerX>
		<centerY>-55</centerY>
	</drawable>
	<drawable>
		<name>01jdgd.png</name>
		<centerX>-155</centerX>
		<centerY>-54</centerY>
	</drawable>
	<drawable>
		<name>14.png</name>
		<rotate>1</rotate>
	</drawable>
	<drawable>
		<name>24.png</name>
		<rotate>2</rotate>
	</drawable>
	<drawable>
		<name>34.png</name>
		<rotate>3</rotate>
	</drawable>
	<drawable>
		<name>weekday_array.xml</name>
		<arraytype>5</arraytype>
		<centerY>164</centerY>
	</drawable>
	<drawable>
		<name>day_array.xml</name>
		<arraytype>1</arraytype>
		<centerY>60</centerY>
	</drawable>
	<drawable>
		<name>small_array_1.xml</name>
		<arraytype>13</arraytype>
		<centerX>-155</centerX>
		<centerY>-25</centerY>
	</drawable>
	<drawable>
		<name>small_array_2.xml</name>
		<arraytype>12</arraytype>
		<centerX>152</centerX>
		<centerY>-25</centerY>
	</drawable>
	<drawable>
		<name>temp_array.xml</name>
		<arraytype>11</arraytype>
		<centerX>110</centerX>
		<centerY>-94</centerY>
	</drawable>
	<drawable>
		<name>weather_array.xml</name>
		<arraytype>10</arraytype>
		<centerX>110</centerX>
		<centerY>-125</centerY>
	</drawable>
	<drawable>
		<name>big_array_1.xml</name>
		<arraytype>7</arraytype>
		<centerX>-46</centerX>
		<centerY>110</centerY>
	</drawable>
	<drawable>
		<name>clock_skin_2_num_colon.png</name>
		<centerY>110</centerY>
	</drawable>
	<drawable>
		<name>big_array.xml</name>
		<arraytype>8</arraytype>
		<centerX>47</centerX>
		<centerY>110</centerY>
	</drawable>
	<drawable>
		<name>small_array.xml</name>
		<arraytype>9</arraytype>
		<centerX>105</centerX>
		<centerY>95</centerY>
	</drawable>
	<drawable>
		<name>battery_array .xml</name>
		<arraytype>14</arraytype>
		<centerX>-110</centerX>
		<centerY>95</centerY>
	</drawable>
	<drawable>
		<name>i1.png</name>
	</drawable>
<!--COMMENTED BY ClockSkinMaker
<metadata gui='rra' version='1.4.0.0'/>
-->
</clockskin>