<?xml version="1.0" encoding="utf-8"?>
<clockskin>
	<drawable>
		<name>image1.png</name>
	</drawable>
	<drawable>
		<name>digital1.xml</name>
		<arraytype>6</arraytype>
		<centerY>115</centerY>
	</drawable>
	<drawable>
		<name>digital2.xml</name>
		<arraytype>1</arraytype>
		<centerX>-26</centerX>
		<centerY>55</centerY>
	</drawable>
	<drawable>
		<name>digital3.xml</name>
		<arraytype>11</arraytype>
		<centerX>73</centerX>
		<centerY>54</centerY>
	</drawable>
<!--COMMENTED BY ClockSkinMaker
<metadata gui='rra' version='1.6.0.0'/>
-->
</clockskin>