<?xml version="1.0" encoding="utf-8"?>
<clockskin>
	<drawable>
		<name>sdgsfd.png</name>
	</drawable>
	<drawable>
		<name>t_1.xml</name>
		<arraytype>11</arraytype>
		<centerX>-36</centerX>
		<centerY>-80</centerY>
	</drawable>
	<drawable>
		<name>t.xml</name>
		<arraytype>13</arraytype>
		<centerX>92</centerX>
		<centerY>53</centerY>
	</drawable>
	<drawable>
		<name>ss.xml</name>
		<arraytype>12</arraytype>
		<centerX>-87</centerX>
		<centerY>-15</centerY>
	</drawable>
	<drawable>
		<name>w.xml</name>
		<arraytype>5</arraytype>
		<centerX>-40</centerX>
		<centerY>56</centerY>
	</drawable>
	<drawable>
		<name>sffa.xml</name>
		<arraytype>2</arraytype>
		<centerX>1</centerX>
		<centerY>116</centerY>
	</drawable>
	<drawable>
		<name>fsgfdsh.png</name>
		<rotate>3</rotate>
		<centerX>76</centerX>
		<centerY>-42</centerY>
	</drawable>
	<drawable>
		<name>1.png</name>
		<rotate>1</rotate>
	</drawable>
	<drawable>
		<name>3.png</name>
		<rotate>2</rotate>
	</drawable>
	<drawable>
		<name>2.png</name>
		<rotate>3</rotate>
	</drawable>
<!--COMMENTED BY ClockSkinMaker
<metadata gui='rra' version='1.6.0.0'/>
-->
</clockskin>