<clockskin>
    <drawable>
        <name>image1.png</name>
    </drawable>
    <drawable>
        <name>digital1.xml</name>
        <arraytype>14</arraytype>
        <centerX>-485</centerX>
        <centerY>-58</centerY>
    </drawable>
    <drawable>
        <name>digital2.xml</name>
        <arraytype>14</arraytype>
        <centerX>-85</centerX>
        <centerY>-58</centerY>
    </drawable>
    <drawable>
        <name>digital3.xml</name>
        <arraytype>14</arraytype>
        <centerX>315</centerX>
        <centerY>-58</centerY>
    </drawable>
    <drawable>
        <name>digital4.xml</name>
        <arraytype>9</arraytype>
        <centerX>-112</centerX>
        <centerY>-56</centerY>
    </drawable>
    <drawable>
        <name>digital5.xml</name>
        <arraytype>9</arraytype>
        <centerX>288</centerX>
        <centerY>-56</centerY>
    </drawable>
    <drawable>
        <name>digital6.xml</name>
        <arraytype>7</arraytype>
        <centerX>-110</centerX>
        <centerY>-58</centerY>
    </drawable>
    <drawable>
        <name>digital7.xml</name>
        <arraytype>7</arraytype>
        <centerX>290</centerX>
        <centerY>-58</centerY>
    </drawable>
    <drawable>
        <name>image2.png</name>
    </drawable>
    <drawable>
        <name>digital8.xml</name>
        <arraytype>4</arraytype>
        <centerX>98</centerX>
        <centerY>48</centerY>
    </drawable>
    <drawable>
        <name>digital9.xml</name>
        <arraytype>5</arraytype>
        <centerX>98</centerX>
        <centerY>83</centerY>
    </drawable>
    <drawable>
        <name>digital10.xml</name>
        <arraytype>3</arraytype>
        <centerX>98</centerX>
        <centerY>112</centerY>
    </drawable>
    <drawable>
        <name>digital11.xml</name>
        <arraytype>6</arraytype>
        <centerX>-49</centerX>
        <centerY>46</centerY>
    </drawable>
    <drawable>
        <name>digital12.xml</name>
        <arraytype>12</arraytype>
        <centerX>-47</centerX>
        <centerY>89</centerY>
    </drawable>
    <drawable>
        <name>digital13.xml</name>
        <arraytype>13</arraytype>
        <centerX>7</centerX>
        <centerY>114</centerY>
    </drawable>
    <drawable>
        <name>image3.png</name>
    </drawable>
    <drawable>
        <rotate>1</rotate>
        <mulrotate>1</mulrotate>
        <centerX>13</centerX>
        <centerY>2</centerY>
        <name>image4.png</name>
    </drawable>
    <drawable>
        <rotate>1</rotate>
        <mulrotate>1</mulrotate>
        <centerX>3</centerX>
        <centerY>3</centerY>
        <name>image5.png</name>
    </drawable>
    <drawable>
        <rotate>2</rotate>
        <mulrotate>1</mulrotate>
        <centerX>10</centerX>
        <centerY>1</centerY>
        <name>image6.png</name>
    </drawable>
    <drawable>
        <rotate>2</rotate>
        <mulrotate>1</mulrotate>
        <name>image7.png</name>
    </drawable>
</clockskin>
