<?xml version="1.0" encoding="utf-8"?>
<drawables>
     <image>digital11_0.png</image>
     <image>digital11_1.png</image>
     <image>digital11_2.png</image>
     <image>digital11_3.png</image>
     <image>digital11_4.png</image>
     <image>digital11_5.png</image>
     <image>digital11_6.png</image>
     <image>digital11_7.png</image>
     <image>digital11_8.png</image>
     <image>digital11_9.png</image>
     <image>digital11_10.png</image>
     <image>digital11_11.png</image>
     <image>digital11_12.png</image>
</drawables>
