<clockskin>
    <drawable>
        <name>image1.png</name>
    </drawable>
    <drawable>
        <name>digital1.xml</name>
        <arraytype>6</arraytype>
        <centerX>1</centerX>
        <centerY>125</centerY>
    </drawable>
    <drawable>
        <name>digital2.xml</name>
        <arraytype>5</arraytype>
        <centerX>-24</centerX>
        <centerY>155</centerY>
    </drawable>
    <drawable>
        <name>digital3.xml</name>
        <arraytype>11</arraytype>
        <centerX>27</centerX>
        <centerY>155</centerY>
    </drawable>
    <drawable>
        <name>digital4.xml</name>
        <arraytype>1</arraytype>
        <centerX>3</centerX>
        <centerY>176</centerY>
    </drawable>
</clockskin>
