<?xml version="1.0" encoding="utf-8"?>
<clockskin>
	<drawable>
		<name>SEC RING_blue.png</name>
	</drawable>
	<drawable>
		<name>Blue back.png</name>
	</drawable>
	<drawable>
		<name>SEC RING_green.png</name>
	</drawable>
	<drawable>
		<name>A_sec.xml</name>
		<arraytype>9</arraytype>
		<centerX>-200</centerX>
	</drawable>
	<drawable>
		<name>B_sec.xml</name>
		<arraytype>9</arraytype>
		<centerX>200</centerX>
	</drawable>
	<drawable>
		<name>12.png</name>
	</drawable>
	<drawable>
		<name>Sec_frame_BLACK.png</name>
	</drawable>
	<drawable>
		<name>Batt rotate.png</name>
		<rotate>6</rotate>
		<mulrotate>-2</mulrotate>
	</drawable>
	<drawable>
		<name>Hatch blue.png</name>
	</drawable>
	<drawable>
		<name>Frames with mask.png</name>
	</drawable>
	<drawable>
		<name>Frames.png</name>
	</drawable>
	<drawable>
		<name>Ticks.png</name>
	</drawable>
	<drawable>
		<name>FIGURES.png</name>
	</drawable>
	<drawable>
		<name>DAY ARRAY.xml</name>
		<arraytype>4</arraytype>
		<centerX>1</centerX>
		<centerY>130</centerY>
	</drawable>
	<drawable>
		<name>MONTH ARRAY.xml</name>
		<arraytype>3</arraytype>
		<centerX>19</centerX>
		<centerY>25</centerY>
	</drawable>
	<drawable>
		<name>WD Array.xml</name>
		<arraytype>5</arraytype>
		<centerX>171</centerX>
		<centerY>25</centerY>
	</drawable>
	<drawable>
		<name>BATT LEVEL TEXT.png</name>
		<centerY>2</centerY>
	</drawable>
	<drawable>
		<name>m wd FRAME.png</name>
	</drawable>
	<drawable>
		<name>HH_GREY.png</name>
		<rotate>1</rotate>
	</drawable>
	<drawable>
		<name>MH_GREY.png</name>
		<rotate>2</rotate>
	</drawable>
	<drawable>
		<name>SH.png</name>
		<rotate>3</rotate>
	</drawable>
<!--COMMENTED BY ClockSkinMaker
<metadata gui='rra' version='2.0.0.2'/>
-->
</clockskin>