<?xml version="1.0" encoding="utf-8"?>
<drawables>
	<image>weekday_array_sun.png</image>
	<image>weekday_array_mon.png</image>
	<image>weekday_array_tue.png</image>
	<image>weekday_array_wed.png</image>
	<image>weekday_array_thu.png</image>
	<image>weekday_array_fri.png</image>
	<image>weekday_array_sat.png</image>
<!--COMMENTED BY ClockSkinMaker
<metadata gui='rra' version='1.4.0.0' type='array_weekday' autoscale='1' font='Digital' fontstyle='Regular' fontsize='18.12704'>
<content>SUN</content>
<content>MON</content>
<content>TUE</content>
<content>WED</content>
<content>THU</content>
<content>FRI</content>
<content>SAT</content>
</metadata>
-->
</drawables>