<?xml version="1.0" encoding="utf-8"?>
<clockskin>
	<drawable>
		<name>watch_panel.png</name>
	</drawable>
	<drawable>
		<name>hour.png</name>
		<rotate>1</rotate>
	</drawable>
	<drawable>
		<name>minute.png</name>
		<rotate>2</rotate>
	</drawable>
	<drawable>
		<name>second.png</name>
		<rotate>3</rotate>
	</drawable>
	<drawable>
		<name>monthday.xml</name>
		<arraytype>2</arraytype>
		<centerY>98</centerY>
	</drawable>
	<drawable>
		<name>batterylevel.xml</name>
		<arraytype>14</arraytype>
		<centerX>-71</centerX>
	</drawable>
	<drawable>
		<name>batteryicon.png</name>
		<centerX>-118</centerX>
		<centerY>-4</centerY>
	</drawable>
<!--COMMENTED BY ClockSkinMaker
<metadata gui='rra' version='1.5.0.0'/>
-->
</clockskin>