<?xml version="1.0" encoding="utf-8"?>
<clockskin>
	<drawable>
		<name>24.png</name>
		<rotate>7</rotate>
		<centerX>-1</centerX>
		<centerY>-2</centerY>
	</drawable>
	<drawable>
		<name>Day back.png</name>
	</drawable>
	<drawable>
		<name>Day.xml</name>
		<arraytype>4</arraytype>
		<centerY>65</centerY>
	</drawable>
	<drawable>
		<name>moon_phase.xml</name>
		<arraytype>19</arraytype>
		<centerY>-63</centerY>
	</drawable>
	<drawable>
		<name>Minutes ticks_green.png</name>
	</drawable>
	<drawable>
		<name>Hatch_green.png</name>
	</drawable>
	<drawable>
		<name>Figures.png</name>
	</drawable>
	<drawable>
		<name>HH.png</name>
		<rotate>1</rotate>
	</drawable>
	<drawable>
		<name>MH.png</name>
		<rotate>2</rotate>
	</drawable>
	<drawable>
		<name>SH.png</name>
		<rotate>3</rotate>
	</drawable>
<!--COMMENTED BY ClockSkinMaker
<metadata gui='rra' version='2.0.0.2'/>
-->
</clockskin>