<?xml version="1.0" encoding="utf-8"?>
<clockskin>
	<drawable>
		<name>400c.png</name>
	</drawable>
	<drawable>
		<name>se.xml</name>
		<arraytype>9</arraytype>
		<centerX>-200</centerX>
	</drawable>
	<drawable>
		<name>day.xml</name>
		<arraytype>4</arraytype>
		<centerX>156</centerX>
		<centerY>1</centerY>
	</drawable>
	<drawable>
		<name>batt.png</name>
		<rotate>6</rotate>
	</drawable>
	<drawable>
		<name>hand.png</name>
		<rotate>1</rotate>
	</drawable>
	<drawable>
		<name>minute.png</name>
		<rotate>2</rotate>
	</drawable>
	<drawable>
		<name>second.png</name>
		<rotate>3</rotate>
	</drawable>
<!--COMMENTED BY ClockSkinMaker
<metadata gui='rra' version='1.4.0.0'/>
-->
</clockskin>