<?xml version="1.0" encoding="utf-8"?>
<clockskin>
	<drawable>
		<name>Base_2.png</name>
	</drawable>
	<drawable>
		<name>Batt rotate.png</name>
		<rotate>6</rotate>
		<centerY>-2</centerY>
	</drawable>
	<drawable>
		<name>Ticks_2.png</name>
	</drawable>
	<drawable>
		<name>batt day wd bases_2.png</name>
	</drawable>
	<drawable>
		<name>Array Day.xml</name>
		<arraytype>4</arraytype>
		<centerY>75</centerY>
	</drawable>
	<drawable>
		<name>A_WD.xml</name>
		<arraytype>5</arraytype>
	</drawable>
	<drawable>
		<name>frame.png</name>
	</drawable>
	<drawable>
		<name>HH_2.png</name>
		<rotate>1</rotate>
	</drawable>
	<drawable>
		<name>Center_big.png</name>
		<rotate>1</rotate>
	</drawable>
	<drawable>
		<name>MH_2.png</name>
		<rotate>2</rotate>
	</drawable>
	<drawable>
		<name>SH.png</name>
		<rotate>3</rotate>
	</drawable>
	<drawable>
		<name>Center.png</name>
		<rotate>3</rotate>
	</drawable>
<!--COMMENTED BY ClockSkinMaker
<metadata gui='rra' version='2.0.0.2'/>
-->
</clockskin>