<?xml version="1.0" encoding="utf-8"?>
<clockskin>
	<drawable>
		<name>hatch.png</name>
	</drawable>
	<drawable>
		<name>Mask_GREEN.png</name>
	</drawable>
	<drawable>
		<name>Mask.png</name>
	</drawable>
	<drawable>
		<name>Base.png</name>
	</drawable>
	<drawable>
		<name>Figures.png</name>
	</drawable>
	<drawable>
		<name>m wd day batt indic bases.png</name>
	</drawable>
	<drawable>
		<name>Batt indic text.png</name>
	</drawable>
	<drawable>
		<name>MONTH ARRAY.xml</name>
		<arraytype>3</arraytype>
	</drawable>
	<drawable>
		<name>WD array.xml</name>
		<arraytype>5</arraytype>
	</drawable>
	<drawable>
		<name>DAY ARRAY.xml</name>
		<arraytype>4</arraytype>
		<centerY>87</centerY>
	</drawable>
	<drawable>
		<name>BATT ROTATE.png</name>
		<rotate>6</rotate>
		<centerX>-1</centerX>
		<mulrotate>-2</mulrotate>
	</drawable>
	<drawable>
		<name>HH green.png</name>
		<rotate>1</rotate>
	</drawable>
	<drawable>
		<name>MH green.png</name>
		<rotate>2</rotate>
	</drawable>
	<drawable>
		<name>SH blue-red.png</name>
		<rotate>3</rotate>
	</drawable>
<!--COMMENTED BY ClockSkinMaker
<metadata gui='rra' version='2.0.0.2'/>
-->
</clockskin>