<?xml version="1.0" encoding="utf-8"?>
<clockskin>
	<drawable>
		<name>400a.png</name>
	</drawable>
	<drawable>
		<name>h_m.xml</name>
		<arraytype>6</arraytype>
		<centerX>56</centerX>
		<centerY>93</centerY>
	</drawable>
	<drawable>
		<name>wed.xml</name>
		<arraytype>5</arraytype>
		<centerX>120</centerX>
		<centerY>24</centerY>
	</drawable>
	<drawable>
		<name>DAY.xml</name>
		<arraytype>4</arraytype>
		<centerX>142</centerX>
		<centerY>-37</centerY>
	</drawable>
	<drawable>
		<name>second.png</name>
		<rotate>3</rotate>
	</drawable>
	<drawable>
		<arraytype>99</arraytype>
		<centerX>77</centerX>
		<centerY>-85</centerY>
	</drawable>
<!--COMMENTED BY ClockSkinMaker
<metadata gui='rra' version='1.4.0.0'/>
-->
</clockskin>