<?xml version="1.0" encoding="utf-8"?>
<drawables>
	<image>wed_sun.png</image>
	<image>wed_mon.png</image>
	<image>wed_tue.png</image>
	<image>wed_wed.png</image>
	<image>wed_thu.png</image>
	<image>wed_fri.png</image>
	<image>wed_sat.png</image>
<!--COMMENTED BY ClockSkinMaker
<metadata gui='rra' version='1.4.0.0' type='array_weekday' forecolor='80FFFF' autoscale='0' font='DS-Digital' fontstyle='Regular' fontsize='42'>
<content>SUN</content>
<content>MON</content>
<content>TUE</content>
<content>WED</content>
<content>THU</content>
<content>FRI</content>
<content>SAT</content>
</metadata>
-->
</drawables>