<?xml version="1.0" encoding="utf-8"?>
<clockskin>
	<drawable>
		<name>Batt rotate.png</name>
		<rotate>6</rotate>
		<direction>2</direction>
	</drawable>
	<drawable>
		<name>Base.png</name>
	</drawable>
	<drawable>
		<name>Base_2.png</name>
	</drawable>
	<drawable>
		<name>Hatch.png</name>
	</drawable>
	<drawable>
		<name>Figures.png</name>
	</drawable>
	<drawable>
		<name>WD BATT INDIC DAY BASES.png</name>
	</drawable>
	<drawable>
		<name>WD.xml</name>
		<arraytype>5</arraytype>
	</drawable>
	<drawable>
		<name>Batt ticks.png</name>
	</drawable>
	<drawable>
		<name>DAY.xml</name>
		<arraytype>4</arraytype>
		<centerY>-80</centerY>
	</drawable>
	<drawable>
		<name>HH_gold.png</name>
		<rotate>1</rotate>
	</drawable>
	<drawable>
		<name>MH_gold.png</name>
		<rotate>2</rotate>
	</drawable>
	<drawable>
		<name>SH.png</name>
		<rotate>3</rotate>
	</drawable>
	<drawable>
		<name>center.png</name>
		<rotate>3</rotate>
	</drawable>
<!--COMMENTED BY ClockSkinMaker
<metadata gui='rra' version='2.0.0.2'/>
-->
</clockskin>