<?xml version="1.0" encoding="utf-8"?>
<drawables>
	<image>clock_skin_1_num_03_3.png</image>
	<image>clock_skin_1_num_13_2.png</image>
	<image>clock_skin_1_num_23_2.png</image>
	<image>clock_skin_1_num_33_2.png</image>
	<image>clock_skin_1_num_43_2.png</image>
	<image>clock_skin_1_num_53_2.png</image>
	<image>clock_skin_1_num_63_2.png</image>
	<image>clock_skin_1_num_73_2.png</image>
	<image>clock_skin_1_num_83_2.png</image>
	<image>clock_skin_1_num_93_2.png</image>
	<image>clock_skin_1_num_03_4.png</image>
</drawables>