<?xml version="1.0" encoding="utf-8"?>
<drawables>
	<image>clock_skin_1_num_02_1.png</image>
	<image>clock_skin_1_num_12_1.png</image>
	<image>clock_skin_1_num_22_1.png</image>
	<image>clock_skin_1_num_32_1.png</image>
	<image>clock_skin_1_num_42_1.png</image>
	<image>clock_skin_1_num_52_1.png</image>
	<image>clock_skin_1_num_62_1.png</image>
	<image>clock_skin_1_num_72_1.png</image>
	<image>clock_skin_1_num_82_1.png</image>
	<image>clock_skin_1_num_92_1.png</image>
	<image>clock_skin_2_num_colon_22.png</image>
</drawables>