<?xml version="1.0" encoding="utf-8"?>
<drawables>
	<image>clock_skin_1_num_03.png</image>
	<image>clock_skin_1_num_13.png</image>
	<image>clock_skin_1_num_23.png</image>
	<image>clock_skin_1_num_33.png</image>
	<image>clock_skin_1_num_43.png</image>
	<image>clock_skin_1_num_53.png</image>
	<image>clock_skin_1_num_63.png</image>
	<image>clock_skin_1_num_73.png</image>
	<image>clock_skin_1_num_83.png</image>
	<image>clock_skin_1_num_93.png</image>
	<image>clock_skin_1_date_colon.png</image>
</drawables>