<?xml version="1.0" encoding="utf-8"?>
<clockskin>
	<drawable>
		<name>img19152.png</name>
	</drawable>
	<drawable>
		<name>img289.png</name>
	</drawable>
	<drawable>
		<name>img291.png</name>
		<rotate>3</rotate>
		<centerX>80</centerX>
		<centerY>10</centerY>
		<direction>2</direction>
		<mulrotate>25</mulrotate>
	</drawable>
	<drawable>
		<name>img290.png</name>
		<rotate>3</rotate>
		<centerX>-7</centerX>
		<centerY>86</centerY>
		<direction>1</direction>
		<mulrotate>12</mulrotate>
	</drawable>
	<drawable>
		<name>img294_1.png</name>
		<rotate>3</rotate>
		<centerX>76</centerX>
		<centerY>56</centerY>
		<mulrotate>40</mulrotate>
	</drawable>
	<drawable>
		<name>img293_1.png</name>
		<rotate>3</rotate>
		<mulrotate>30</mulrotate>
	</drawable>
	<drawable>
		<name>img293.png</name>
		<rotate>3</rotate>
		<centerX>-74</centerX>
		<centerY>-33</centerY>
		<mulrotate>35</mulrotate>
	</drawable>
	<drawable>
		<name>img295.png</name>
		<rotate>3</rotate>
		<centerX>-64</centerX>
		<centerY>34</centerY>
		<direction>2</direction>
		<mulrotate>25</mulrotate>
	</drawable>
	<drawable>
		<name>img294.png</name>
		<rotate>3</rotate>
		<centerX>102</centerX>
		<centerY>-36</centerY>
		<mulrotate>35</mulrotate>
	</drawable>
	<drawable>
		<name>img292.png</name>
		<rotate>3</rotate>
		<centerX>-2</centerX>
		<centerY>-68</centerY>
		<mulrotate>40</mulrotate>
	</drawable>
	<drawable>
		<name>img299.png</name>
	</drawable>
	<drawable>
		<name>img303.png</name>
	</drawable>
	<drawable>
		<name>img308.png</name>
		<rotate>1</rotate>
	</drawable>
	<drawable>
		<name>img307.png</name>
		<rotate>2</rotate>
	</drawable>
	<drawable>
		<name>img309.png</name>
		<rotate>3</rotate>
	</drawable>
	<drawable>
		<name>img9480.png</name>
		<rotate>3</rotate>
		<mulrotate>1</mulrotate>
	</drawable>
<!--COMMENTED BY ClockSkinMaker
<metadata gui='rra' version='1.2.0.0'/>
-->
</clockskin>