﻿<?xml version="1.0" encoding="utf-8"?>
<clockskin>
  <drawable>
    <name>clock_skin_panel.png</name>
  </drawable>
   <drawable>
    <name>icon_runner.png</name>
    <centerX>-84</centerX>
    <centerY>112</centerY>
  </drawable>
  <drawable> <!-- Steps value -->
    <name>steps_array.xml</name>
    <centerX>-32</centerX>
    <centerY>112</centerY>
    <arraytype>12</arraytype>
  </drawable>
  <drawable>
    <name>icon_battery.png</name>
    <centerX>33</centerX>
    <centerY>112</centerY>
  </drawable>
  <drawable>
    <name>battery_array.xml</name>
    <centerX>62</centerX>
    <centerY>112</centerY>
    <arraytype>14</arraytype>
  </drawable>
  <drawable>
    <name>hour_minute_array.xml</name>
    <arraytype>6</arraytype>
    <centerX>-10</centerX>
    <centerY>-50</centerY>
  </drawable>
  <!--<drawable>
    <name>day_array.xml</name>
    <arraytype>9</arraytype>
    <centerX>128</centerX>
    <centerY>14</centerY>
  </drawable> -->

  <drawable>
    <name>weekday_array.xml</name>
    <arraytype>5</arraytype>
    <centerX>-73</centerX>
    <centerY>50</centerY>
  </drawable>
  <drawable>
    <name>day_array.xml</name>
    <arraytype>4</arraytype>
    <centerX>4</centerX>
    <centerY>50</centerY>
  </drawable>
  <drawable>
    <name>moon_phase.xml</name>
    <arraytype>19</arraytype>
    <centerX>66</centerX>
    <centerY>-107</centerY>
  </drawable>
  <drawable>
    <name>weather_array.xml</name>
    <arraytype>10</arraytype>
    <centerX>-50</centerX>
    <centerY>-97</centerY>
  </drawable>
  <!--<drawable>
    <name>temp_array.xml</name>
    <arraytype>11</arraytype>
    <centerX>-10</centerX>
    <centerY>-97</centerY>
  </drawable> -->
  <drawable>
    <name>month_array.xml</name>
    <arraytype>3</arraytype>
    <centerX>78</centerX>
    <centerY>50</centerY>
  </drawable>
  <drawable>
    <color>1</color>
    <arraytype>99</arraytype>
    <centerX>55</centerX>
    <centerY>-70</centerY>
  </drawable>
  <drawable>
    <name>clock_skin_1_num_minus.png</name>
    <centerX>-30</centerX>
    <centerY>51</centerY>
  </drawable>
  <drawable>
    <name>clock_skin_1_num_minus.png</name>
    <centerX>37</centerX>
    <centerY>51</centerY>
  </drawable>
 <!-- <drawable>
		<name>clock_skin_hourbg.png</name>
		<rotate>8</rotate>
	</drawable> -->
		<drawable>
		<name>clock_skin_hour.png</name>
		<rotate>1</rotate>
	</drawable>
		<drawable>
		<name>clock_skin_minutebg.png</name>
		<rotate>9</rotate>
	</drawable>
		<drawable>
		<name>clock_skin_minute.png</name>
		<rotate>2</rotate>
	</drawable>
		<drawable>
		<name>clock_skin_secondbg.png</name>
		<rotate>10</rotate>
	</drawable>
		<drawable>
		<name>clock_skin_second.png</name>
		<rotate>3</rotate>
	</drawable>
</clockskin>