<?xml version="1.0" encoding="utf-8"?>
<clockskin>
	<drawable>
		<name>hatch.png</name>
	</drawable>
	<drawable>
		<name>Base.png</name>
	</drawable>
	<drawable>
		<name>M D WD Batt level bases.png</name>
	</drawable>
	<drawable>
		<name>hatch with nois.png</name>
	</drawable>
	<drawable>
		<name>hatch as a mask.png</name>
	</drawable>
	<drawable>
		<name>Hatch M D WD Batt level bases.png</name>
	</drawable>
	<drawable>
		<name>Month rotate.png</name>
		<rotate>4</rotate>
		<centerX>83</centerX>
		<centerY>-48</centerY>
	</drawable>
	<drawable>
		<name>WD rotate.png</name>
		<rotate>5</rotate>
		<centerX>-84</centerX>
		<centerY>-48</centerY>
	</drawable>
	<drawable>
		<name>Batt rotate.png</name>
		<rotate>6</rotate>
		<centerY>99</centerY>
	</drawable>
	<drawable>
		<name>A_day.xml</name>
		<arraytype>4</arraytype>
		<centerY>138</centerY>
	</drawable>
	<drawable>
		<name>M D WD Batt level frames.png</name>
	</drawable>
	<drawable>
		<name>HH.png</name>
		<rotate>1</rotate>
	</drawable>
	<drawable>
		<name>MH.png</name>
		<rotate>2</rotate>
	</drawable>
	<drawable>
		<name>SH.png</name>
		<rotate>3</rotate>
	</drawable>
	<drawable>
		<name>Center.png</name>
		<rotate>3</rotate>
	</drawable>
<!--COMMENTED BY ClockSkinMaker
<metadata gui='rra' version='2.0.0.2'/>
-->
</clockskin>