<?xml version="1.0" encoding="utf-8"?>
<clockskin>
	<drawable>
		<name>MONTH DAY TEXT.png</name>
		<centerX>3</centerX>
	</drawable>
	<drawable>
		<name>Batt rotate.png</name>
		<rotate>6</rotate>
		<centerX>-1</centerX>
		<centerY>-3</centerY>
		<direction>2</direction>
		<mulrotate>-2</mulrotate>
	</drawable>
	<drawable>
		<name>SEC RING_blue.png</name>
	</drawable>
	<drawable>
		<name>Back.png</name>
	</drawable>
	<drawable>
		<name>minutes ring red.png</name>
	</drawable>
	<drawable>
		<name>SEC RING_green.png</name>
	</drawable>
	<drawable>
		<name>A_sec.xml</name>
		<arraytype>9</arraytype>
		<centerX>-200</centerX>
	</drawable>
	<drawable>
		<name>B_sec.xml</name>
		<arraytype>9</arraytype>
		<centerX>200</centerX>
	</drawable>
	<drawable>
		<name>12.png</name>
	</drawable>
	<drawable>
		<name>Batt frame.png</name>
	</drawable>
	<drawable>
		<name>WD.xml</name>
		<arraytype>5</arraytype>
		<centerY>7</centerY>
	</drawable>
	<drawable>
		<name>DAY.xml</name>
		<arraytype>2</arraytype>
		<centerX>1</centerX>
		<centerY>-130</centerY>
	</drawable>
	<drawable>
		<name>BATTERY LEVEL TEXT.png</name>
		<centerY>-3</centerY>
	</drawable>
	<drawable>
		<name>hm.xml</name>
		<arraytype>6</arraytype>
		<centerX>1</centerX>
		<centerY>28</centerY>
	</drawable>
	<drawable>
		<name>Sec_frame_BLACK.png</name>
	</drawable>
<!--COMMENTED BY ClockSkinMaker
<metadata gui='rra' version='2.0.0.2'/>
-->
</clockskin>