<?xml version="1.0" encoding="utf-8"?>
<clockskin>
	<drawable>
		<name>img1301.png</name>
	</drawable>
	<drawable>
		<name>hm_1_1.xml</name>
		<arraytype>6</arraytype>
		<centerX>78</centerX>
		<centerY>45</centerY>
	</drawable>
	<drawable>
		<name>hm_1.xml</name>
		<arraytype>4</arraytype>
		<centerX>43</centerX>
		<centerY>72</centerY>
	</drawable>
	<drawable>
		<name>step_1.xml</name>
		<arraytype>12</arraytype>
		<centerX>-50</centerX>
		<centerY>35</centerY>
	</drawable>
	<drawable>
		<name>step.xml</name>
		<arraytype>13</arraytype>
		<centerX>57</centerX>
		<centerY>10</centerY>
	</drawable>
	<drawable>
		<name>DAY.xml</name>
		<arraytype>5</arraytype>
		<centerX>60</centerX>
		<centerY>97</centerY>
	</drawable>
	<drawable>
		<name>bat.xml</name>
		<arraytype>14</arraytype>
		<centerX>2</centerX>
		<centerY>-62</centerY>
	</drawable>
	<drawable>
		<name>MONTH.xml</name>
		<arraytype>3</arraytype>
		<centerX>96</centerX>
		<centerY>73</centerY>
	</drawable>
	<drawable>
		<color>1</color>
		<arraytype>99</arraytype>
		<centerX>-29</centerX>
		<centerY>129</centerY>
	</drawable>
	<drawable>
		<name>img1296 - Copy.png</name>
		<rotate>8</rotate>
	</drawable>
	<drawable>
		<name>img1296.png</name>
		<rotate>1</rotate>
	</drawable>
	<drawable>
		<name>img1297 - Copy.png</name>
		<rotate>9</rotate>
	</drawable>
	<drawable>
		<name>img1297.png</name>
		<rotate>2</rotate>
	</drawable>
	<drawable>
		<name>img1298 - Copy.png</name>
		<rotate>10</rotate>
	</drawable>
	<drawable>
		<name>img1298.png</name>
		<rotate>3</rotate>
	</drawable>
	<drawable>
		<name>img1299.png</name>
	</drawable>
<!--COMMENTED BY ClockSkinMaker
<metadata gui='rra' version='1.4.0.0'/>
-->
</clockskin>