<?xml version="1.0" encoding="utf-8"?>
<drawables>
	<image>DAY_sun.png</image>
	<image>DAY_mon.png</image>
	<image>DAY_tue.png</image>
	<image>DAY_wed.png</image>
	<image>DAY_thu.png</image>
	<image>DAY_fri.png</image>
	<image>DAY_sat.png</image>
<!--COMMENTED BY ClockSkinMaker
<metadata gui='rra' version='1.4.0.0' type='array_weekday' forecolor='FBAB04' autoscale='1' shadowx='1' shadowy='1' font='BankGothic Lt BT' fontstyle='Regular' fontsize='25.88765'>
<content>Sun</content>
<content>Mon</content>
<content>Tue</content>
<content>Wed</content>
<content>Thu</content>
<content>Fri</content>
<content>Sat</content>
</metadata>
-->
</drawables>