<?xml version="1.0" encoding="utf-8"?>
<clockskin>
	<drawable>
		<name>di.png</name>
	</drawable>
	<drawable>
		<name>week.xml</name>
		<arraytype>5</arraytype>
		<centerX>85</centerX>
	</drawable>
	<drawable>
		<name>0cb502b57931418f93d11396781476fa.png</name>
		<rotate>1</rotate>
	</drawable>
	<drawable>
		<name>d27ddc3ba67b43feb36f95891229599b.png</name>
		<rotate>2</rotate>
	</drawable>
	<drawable>
		<name>499390af4be74adeb29483aa01f019fd.png</name>
		<rotate>3</rotate>
	</drawable>
<!--COMMENTED BY ClockSkinMaker
<metadata gui='rra' version='1.6.0.0'/>
-->
</clockskin>