<?xml version="1.0" encoding="utf-8"?>
<clockskin>
	<drawable>
		<name>Minute ticks.png</name>
	</drawable>
	<drawable>
		<name>Big circul.png</name>
		<centerY>1</centerY>
	</drawable>
	<drawable>
		<name>Hatch.png</name>
	</drawable>
	<drawable>
		<name>Hatch_5.png</name>
	</drawable>
	<drawable>
		<name>Batt rotate_2.png</name>
		<rotate>6</rotate>
		<centerX>-116</centerX>
	</drawable>
	<drawable>
		<name>12 ticks.png</name>
	</drawable>
	<drawable>
		<name>Batt and WD bases.png</name>
	</drawable>
	<drawable>
		<name>Batt rotate.png</name>
		<rotate>6</rotate>
		<centerX>-113</centerX>
		<direction>2</direction>
		<mulrotate>2</mulrotate>
	</drawable>
	<drawable>
		<name>WD rotate.png</name>
		<rotate>5</rotate>
		<centerX>113</centerX>
	</drawable>
	<drawable>
		<name>Day.xml</name>
		<arraytype>4</arraytype>
		<centerX>113</centerX>
	</drawable>
	<drawable>
		<name>center.png</name>
	</drawable>
	<drawable>
		<name>HH_2.png</name>
		<rotate>1</rotate>
	</drawable>
	<drawable>
		<name>MH_2.png</name>
		<rotate>2</rotate>
	</drawable>
	<drawable>
		<name>SH.png</name>
		<rotate>3</rotate>
	</drawable>
<!--COMMENTED BY ClockSkinMaker
<metadata gui='rra' version='2.0.0.2'/>
-->
</clockskin>