<clockskin>
    <drawable>
        <name>image1.png</name>
    </drawable>
    <drawable>
        <name>digital1.xml</name>
        <arraytype>6</arraytype>
    </drawable>
    <drawable>
        <name>digital2.xml</name>
        <arraytype>1</arraytype>
        <centerX>-48</centerX>
        <centerY>-88</centerY>
    </drawable>
    <drawable>
        <name>digital3.xml</name>
        <arraytype>5</arraytype>
        <centerX>102</centerX>
        <centerY>-92</centerY>
    </drawable>
</clockskin>
