<?xml version="1.0" encoding="utf-8"?>
<clockskin>
	<drawable>
		<name>Sec_ring with black back.png</name>
	</drawable>
	<drawable>
		<name>Black back.png</name>
	</drawable>
	<drawable>
		<name>A_sec.xml</name>
		<arraytype>9</arraytype>
		<centerX>-200</centerX>
	</drawable>
	<drawable>
		<name>D_sec.xml</name>
		<arraytype>9</arraytype>
		<centerX>200</centerX>
	</drawable>
	<drawable>
		<name>12_TICKS.png</name>
	</drawable>
	<drawable>
		<name>_12.png</name>
	</drawable>
	<drawable>
		<name>Figures_2.png</name>
	</drawable>
	<drawable>
		<name>MONTH WD DAY BATT BASE.png</name>
	</drawable>
	<drawable>
		<name>BATT ROTATE.png</name>
		<rotate>6</rotate>
		<centerY>94</centerY>
	</drawable>
	<drawable>
		<name>WD_ROTATE.png</name>
		<rotate>5</rotate>
		<centerX>83</centerX>
		<centerY>-47</centerY>
	</drawable>
	<drawable>
		<name>MONTH ROTATE.png</name>
		<rotate>4</rotate>
		<centerX>-83</centerX>
		<centerY>-47</centerY>
	</drawable>
	<drawable>
		<name>HH.png</name>
		<rotate>1</rotate>
	</drawable>
	<drawable>
		<name>MH.png</name>
		<rotate>2</rotate>
	</drawable>
	<drawable>
		<name>Ticks_2.png</name>
	</drawable>
	<drawable>
		<name>A_day.xml</name>
		<arraytype>4</arraytype>
		<centerY>141</centerY>
	</drawable>
<!--COMMENTED BY ClockSkinMaker
<metadata gui='rra' version='2.0.0.2'/>
-->
</clockskin>