<?xml version="1.0" encoding="utf-8"?>
<clockskin>
	<drawable>
		<name>di.png</name>
	</drawable>
	<drawable>
		<name>day.xml</name>
		<arraytype>4</arraytype>
		<centerX>124</centerX>
		<centerY>4</centerY>
	</drawable>
	<drawable>
		<name>hour7.png</name>
		<rotate>1</rotate>
	</drawable>
	<drawable>
		<name>minute7.png</name>
		<rotate>2</rotate>
	</drawable>
	<drawable>
		<name>second7.png</name>
		<rotate>3</rotate>
	</drawable>
<!--COMMENTED BY ClockSkinMaker
<metadata gui='rra' version='1.6.0.0'/>
-->
</clockskin>