<?xml version="1.0" encoding="utf-8"?>
<clockskin>
	<drawable>
		<name>Sem titulo-1.png</name>
	</drawable>
	<drawable>
		<name>hora.xml</name>
		<arraytype>6</arraytype>
		<centerY>-153</centerY>
	</drawable>
	<drawable>
		<arraytype>99</arraytype>
		<centerX>-27</centerX>
		<centerY>136</centerY>
	</drawable>
	<drawable>
		<name>battt.xml</name>
		<arraytype>14</arraytype>
		<centerX>109</centerX>
		<centerY>-122</centerY>
	</drawable>
	<drawable>
		<name>MMDD.xml</name>
		<arraytype>2</arraytype>
		<centerX>2</centerX>
		<centerY>169</centerY>
	</drawable>
<!--COMMENTED BY ClockSkinMaker
<metadata gui='rra' version='1.4.0.0'/>
-->
</clockskin>