<?xml version="1.0" encoding="utf-8"?>
<drawables>
	<image>mes_jan.png</image>
	<image>mes_feb.png</image>
	<image>mes_mar.png</image>
	<image>mes_apr.png</image>
	<image>mes_may.png</image>
	<image>mes_jun.png</image>
	<image>mes_jul.png</image>
	<image>mes_aug.png</image>
	<image>mes_sep.png</image>
	<image>mes_oct.png</image>
	<image>mes_nov.png</image>
	<image>mes_dec.png</image>
<!--COMMENTED BY ClockSkinMaker
<metadata gui='rra' version='1.4.0.0' type='array_month' forecolor='FFFFFF' autoscale='0' font='Agency FB' fontstyle='Bold' fontsize='30'>
<content>- 01</content>
<content>- 02</content>
<content>- 03</content>
<content>- 04</content>
<content>- 05</content>
<content>- 06</content>
<content>- 07</content>
<content>- 08</content>
<content>- 09</content>
<content>- 10</content>
<content>- 11</content>
<content>- 12</content>
</metadata>
-->
</drawables>