<?xml version="1.0" encoding="utf-8"?>
<clockskin>
	<drawable>
		<name>image1n.png</name>
	</drawable>
	<drawable>
		<name>digital1_1.xml</name>
		<arraytype>7</arraytype>
		<centerX>-54</centerX>
		<centerY>106</centerY>
	</drawable>
	<drawable>
		<name>digital2.xml</name>
		<arraytype>8</arraytype>
		<centerX>39</centerX>
		<centerY>105</centerY>
	</drawable>
	<drawable>
		<name>digital3_1.xml</name>
		<arraytype>9</arraytype>
		<centerX>101</centerX>
		<centerY>85</centerY>
	</drawable>
	<drawable>
		<name>digital1_2.xml</name>
		<arraytype>4</arraytype>
		<centerX>-75</centerX>
		<centerY>55</centerY>
	</drawable>
	<drawable>
		<name>month.xml</name>
		<arraytype>3</arraytype>
		<centerX>-20</centerX>
		<centerY>55</centerY>
	</drawable>
	<drawable>
		<name>digital1_3.xml</name>
		<arraytype>16</arraytype>
		<centerX>51</centerX>
		<centerY>55</centerY>
	</drawable>
	<drawable>
		<name>bat11.xml</name>
		<arraytype>14</arraytype>
		<centerX>110</centerX>
		<centerY>7</centerY>
	</drawable>
	<drawable>
		<name>AM&amp;PM.xml</name>
		<arraytype>6</arraytype>
		<centerX>29</centerX>
		<centerY>104</centerY>
	</drawable>
	<drawable>
		<name>digital1.xml</name>
		<arraytype>12</arraytype>
		<centerX>-113</centerX>
		<centerY>7</centerY>
	</drawable>
	<drawable>
		<arraytype>99</arraytype>
		<centerX>83</centerX>
		<centerY>-13</centerY>
	</drawable>
	<drawable>
		<name>image4.png</name>
		<rotate>1</rotate>
		<mulrotate>1</mulrotate>
	</drawable>
	<drawable>
		<name>image5.png</name>
		<rotate>2</rotate>
		<mulrotate>1</mulrotate>
	</drawable>
	<drawable>
		<name>image6.png</name>
		<rotate>3</rotate>
		<mulrotate>1</mulrotate>
	</drawable>
	<drawable>
		<name>image7.png</name>
	</drawable>
<!--COMMENTED BY ClockSkinMaker
<metadata gui='rra' version='1.4.0.0'/>
-->
</clockskin>