<?xml version="1.0" encoding="utf-8"?>
<clockskin>
	<drawable>
		<name>Circul.png</name>
	</drawable>
	<drawable>
		<name>Black back.png</name>
	</drawable>
	<drawable>
		<name>SEC RING_green.png</name>
	</drawable>
	<drawable>
		<name>minutes ring red.png</name>
	</drawable>
	<drawable>
		<name>A_sec.xml</name>
		<arraytype>9</arraytype>
		<centerX>-200</centerX>
	</drawable>
	<drawable>
		<name>B_sec.xml</name>
		<arraytype>9</arraytype>
		<centerX>200</centerX>
	</drawable>
	<drawable>
		<name>Sec_frame_BLACK.png</name>
	</drawable>
	<drawable>
		<name>12.png</name>
	</drawable>
	<drawable>
		<name>hOUR.xml</name>
		<arraytype>7</arraytype>
		<centerX>-96</centerX>
		<centerY>9</centerY>
	</drawable>
	<drawable>
		<name>Minute.xml</name>
		<arraytype>8</arraytype>
		<centerX>79</centerX>
	</drawable>
	<drawable>
		<name>dAY.xml</name>
		<arraytype>4</arraytype>
		<centerX>-72</centerX>
		<centerY>-91</centerY>
	</drawable>
	<drawable>
		<name>weekday.xml</name>
		<arraytype>5</arraytype>
	</drawable>
	<drawable>
		<name>Battery.xml</name>
		<arraytype>14</arraytype>
		<centerX>-4</centerX>
		<centerY>115</centerY>
	</drawable>
	<drawable>
		<name>sh ROTATE.png</name>
		<rotate>3</rotate>
	</drawable>
<!--COMMENTED BY ClockSkinMaker
<metadata gui='rra' version='2.0.0.2'/>
-->
</clockskin>