<?xml version="1.0" encoding="utf-8"?>
<clockskin>
	<drawable>
		<name>BACK1.png</name>
	</drawable>
	<drawable>
		<name>backmed_1.png</name>
		<rotate>3</rotate>
		<centerX>208</centerX>
		<centerY>206</centerY>
	</drawable>
	<drawable>
		<name>backmed.png</name>
		<rotate>3</rotate>
		<centerX>-208</centerX>
		<centerY>-202</centerY>
	</drawable>
	<drawable>
		<name>back2.png</name>
	</drawable>
	<drawable>
		<name>round black.png</name>
	</drawable>
	<drawable>
		<name>clock_skin_second.png</name>
		<rotate>3</rotate>
	</drawable>
	<drawable>
		<name>new cer.png</name>
	</drawable>
	<drawable>
		<name>shado_1.png</name>
		<centerX>-125</centerX>
		<centerY>-60</centerY>
	</drawable>
	<drawable>
		<name>batt.xml</name>
		<arraytype>17</arraytype>
		<centerX>-125</centerX>
		<centerY>-60</centerY>
		<colorarray>CAFFFF,00E1FF</colorarray>
	</drawable>
	<drawable>
		<name>shado.png</name>
		<centerX>125</centerX>
		<centerY>-60</centerY>
	</drawable>
	<drawable>
		<name>steps.xml</name>
		<arraytype>18</arraytype>
		<centerX>125</centerX>
		<centerY>-60</centerY>
		<colorarray>CAFFFF,00E1FF</colorarray>
	</drawable>
	<drawable>
		<name>cerc_1.png</name>
		<centerY>-143</centerY>
	</drawable>
	<drawable>
		<name>ic_settings_running.png</name>
		<centerX>125</centerX>
		<centerY>-89</centerY>
	</drawable>
	<drawable>
		<name>batt.png</name>
		<centerX>-125</centerX>
		<centerY>-90</centerY>
	</drawable>
	<drawable>
		<name>cerc_2.png</name>
		<centerX>-60</centerX>
		<centerY>135</centerY>
	</drawable>
	<drawable>
		<name>cerc.png</name>
		<centerX>60</centerX>
		<centerY>135</centerY>
	</drawable>
	<drawable>
		<name>hour10012555554.xml</name>
		<arraytype>7</arraytype>
		<centerY>-43</centerY>
	</drawable>
	<drawable>
		<name>mint.xml</name>
		<arraytype>8</arraytype>
		<centerX>29</centerX>
		<centerY>35</centerY>
	</drawable>
	<drawable>
		<name>sec114l_1.xml</name>
		<arraytype>9</arraytype>
		<centerX>104</centerX>
		<centerY>30</centerY>
	</drawable>
	<drawable>
		<name>month_1.xml</name>
		<arraytype>3</arraytype>
		<centerX>-98</centerX>
		<centerY>25</centerY>
	</drawable>
	<drawable>
		<name>sec114l.xml</name>
		<arraytype>4</arraytype>
		<centerX>-45</centerX>
		<centerY>29</centerY>
	</drawable>
	<drawable>
		<name>weather_array.xml</name>
		<arraytype>10</arraytype>
		<centerY>-165</centerY>
	</drawable>
	<drawable>
		<name>temp.xml</name>
		<arraytype>11</arraytype>
		<centerX>3</centerX>
		<centerY>-121</centerY>
	</drawable>
	<drawable>
		<name>weekday.xml</name>
		<arraytype>5</arraytype>
		<centerX>-45</centerX>
		<centerY>61</centerY>
	</drawable>
	<drawable>
		<name>mint_1_2.xml</name>
		<arraytype>16</arraytype>
		<centerX>-96</centerX>
		<centerY>61</centerY>
	</drawable>
	<drawable>
		<name>heratreat.png</name>
		<centerX>-60</centerX>
		<centerY>119</centerY>
	</drawable>
	<drawable>
		<name>mint_1.xml</name>
		<arraytype>13</arraytype>
		<centerX>-60</centerX>
		<centerY>147</centerY>
	</drawable>
	<drawable>
		<arraytype>99</arraytype>
		<centerX>-28</centerX>
		<centerY>183</centerY>
	</drawable>
	<drawable>
		<name>moon_phase.xml</name>
		<arraytype>19</arraytype>
		<centerX>60</centerX>
		<centerY>145</centerY>
	</drawable>
	<drawable>
		<name>moon text.png</name>
		<centerX>60</centerX>
		<centerY>116</centerY>
	</drawable>
<!--COMMENTED BY ClockSkinMaker
<metadata gui='rra' version='1.4.0.0'/>
-->
</clockskin>