<?xml version="1.0" encoding="utf-8"?>
<drawables>
	<image>month_1_jan.png</image>
	<image>month_1_feb.png</image>
	<image>month_1_mar.png</image>
	<image>month_1_apr.png</image>
	<image>month_1_may.png</image>
	<image>month_1_jun.png</image>
	<image>month_1_jul.png</image>
	<image>month_1_aug.png</image>
	<image>month_1_sep.png</image>
	<image>month_1_oct.png</image>
	<image>month_1_nov.png</image>
	<image>month_1_dec.png</image>
<!--COMMENTED BY ClockSkinMaker
<metadata gui='rra' version='1.4.0.0' type='array_month' forecolor='00FFFF' autoscale='1' font='Kozuka Gothic Pro R' fontstyle='Regular' fontsize='25.9366'>
<content>Jan</content>
<content>Feb</content>
<content>Mar</content>
<content>Apr</content>
<content>May</content>
<content>Jun</content>
<content>Jul</content>
<content>Aug</content>
<content>Sep</content>
<content>Oct</content>
<content>Nov</content>
<content>Dec</content>
</metadata>
-->
</drawables>