<?xml version="1.0" encoding="utf-8"?>
<drawables>
	<image>333_sun.png</image>
	<image>333_mon.png</image>
	<image>333_tue.png</image>
	<image>333_wed.png</image>
	<image>333_thu.png</image>
	<image>333_fri.png</image>
	<image>333_sat.png</image>
<!--COMMENTED BY ClockSkinMaker
<metadata gui='rra' version='1.5.0.0' type='array_weekday' forecolor='FF0000' autoscale='1' shadowcolor='C0C0C0' shadowx='1' shadowy='1' font='Blood Cyrillic' fontstyle='Regular' fontsize='19,57495'>
<content>Вс</content>
<content>Пн</content>
<content>Вт</content>
<content>Ср</content>
<content>Чт</content>
<content>Пт</content>
<content>Сб</content>
</metadata>
-->
</drawables>