<?xml version="1.0" encoding="utf-8"?>
<drawables>
	<image>555_jan.png</image>
	<image>555_feb.png</image>
	<image>555_mar.png</image>
	<image>555_apr.png</image>
	<image>555_may.png</image>
	<image>555_jun.png</image>
	<image>555_jul.png</image>
	<image>555_aug.png</image>
	<image>555_sep.png</image>
	<image>555_oct.png</image>
	<image>555_nov.png</image>
	<image>555_dec.png</image>
<!--COMMENTED BY ClockSkinMaker
<metadata gui='rra' version='1.5.0.0' type='array_month' forecolor='FF0000' autoscale='1' font='Rage Italic' fontstyle='Bold' fontsize='12,89402'>
<content>янв</content>
<content>фев</content>
<content>мар</content>
<content>апр</content>
<content>май</content>
<content>июн</content>
<content>июл</content>
<content>авг</content>
<content>сен</content>
<content>окт</content>
<content>ноя</content>
<content>дек</content>
</metadata>
-->
</drawables>