<?xml version="1.0" encoding="utf-8"?>
<drawables>
	<image>999_jan.png</image>
	<image>999_feb.png</image>
	<image>999_mar.png</image>
	<image>999_apr.png</image>
	<image>999_may.png</image>
	<image>999_jun.png</image>
	<image>999_jul.png</image>
	<image>999_aug.png</image>
	<image>999_sep.png</image>
	<image>999_oct.png</image>
	<image>999_nov.png</image>
	<image>999_dec.png</image>
<!--COMMENTED BY ClockSkinMaker
<metadata gui='rra' version='1.5.0.0' type='array_month' forecolor='FF0000' autoscale='1' shadowcolor='C0C0C0' shadowx='1' shadowy='1' font='Blood Cyrillic' fontstyle='Regular' fontsize='23,85159'>
<content>янв</content>
<content>фев</content>
<content>мар</content>
<content>апр</content>
<content>май</content>
<content>июн</content>
<content>июл</content>
<content>авг</content>
<content>сен</content>
<content>окт</content>
<content>ноя</content>
<content>дек</content>
</metadata>
-->
</drawables>