<?xml version="1.0" encoding="utf-8"?>
<clockskin>
	<drawable>
		<name>joker4.png</name>
	</drawable>
	<drawable>
		<name>hour.xml</name>
		<arraytype>6</arraytype>
		<centerX>-7</centerX>
		<centerY>-147</centerY>
	</drawable>
	<drawable>
		<name>battery_array.xml</name>
		<arraytype>14</arraytype>
		<centerX>-121</centerX>
		<centerY>48</centerY>
	</drawable>
	<drawable>
		<name>888.xml</name>
		<arraytype>4</arraytype>
		<centerX>64</centerX>
		<centerY>-84</centerY>
	</drawable>
	<drawable>
		<name>999.xml</name>
		<arraytype>3</arraytype>
		<centerX>118</centerX>
		<centerY>-83</centerY>
	</drawable>
	<drawable>
		<name>333.xml</name>
		<arraytype>5</arraytype>
		<centerX>60</centerX>
		<centerY>-48</centerY>
	</drawable>
	<drawable>
		<arraytype>99</arraytype>
		<centerX>-27</centerX>
		<centerY>76</centerY>
	</drawable>
	<drawable>
		<name>111.xml</name>
		<arraytype>13</arraytype>
		<centerX>118</centerX>
		<centerY>48</centerY>
	</drawable>
	<drawable>
		<name>heart-960458_960_720.png</name>
		<centerX>163</centerX>
		<centerY>46</centerY>
	</drawable>
	<drawable>
		<name>battery-health_244390.png</name>
		<centerX>-167</centerX>
		<centerY>47</centerY>
	</drawable>
<!--COMMENTED BY ClockSkinMaker
<metadata gui='rra' version='1.5.0.0'/>
-->
</clockskin>