<?xml version="1.0" encoding="utf-8"?>
<drawables>
	<image>Let's_sun.png</image>
	<image>Let's_mon.png</image>
	<image>Let's_tue.png</image>
	<image>Let's_wed.png</image>
	<image>Let's_thu.png</image>
	<image>Let's_fri.png</image>
	<image>Let's_sat.png</image>
<!--COMMENTED BY ClockSkinMaker
<metadata gui='rra' version='1.2.1.0' type='array_weekday' forecolor='FF0000' autoscale='1' font='Diediedie' fontstyle='Bold' fontsize='11.97605'>
<content>Let's</content>
<content>Let's</content>
<content>Let's</content>
<content>Let's</content>
<content>Let's</content>
<content>Let's</content>
<content>Let's</content>
</metadata>
-->
</drawables>