<?xml version="1.0" encoding="utf-8"?>
<drawables>
	<image>Serious_sun.png</image>
	<image>Serious_mon.png</image>
	<image>Serious_tue.png</image>
	<image>Serious_wed.png</image>
	<image>Serious_thu.png</image>
	<image>Serious_fri.png</image>
	<image>Serious_sat.png</image>
<!--COMMENTED BY ClockSkinMaker
<metadata gui='rra' version='1.2.1.0' type='array_weekday' forecolor='E60000' autoscale='1' font='Diediedie' fontstyle='Bold' fontsize='13.44622'>
<content>serious!?</content>
<content>serious!?</content>
<content>serious!?</content>
<content>serious!?</content>
<content>serious!?</content>
<content>serious!?</content>
<content>serious!?</content>
</metadata>
-->
</drawables>