<?xml version="1.0" encoding="utf-8"?>
<drawables>
	<image>so_sun.png</image>
	<image>so_mon.png</image>
	<image>so_tue.png</image>
	<image>so_wed.png</image>
	<image>so_thu.png</image>
	<image>so_fri.png</image>
	<image>so_sat.png</image>
<!--COMMENTED BY ClockSkinMaker
<metadata gui='rra' version='1.2.1.0' type='array_weekday' forecolor='E1E1E1' autoscale='1' font='Diediedie' fontstyle='Bold' fontsize='17.8125'>
<content>so</content>
<content>so</content>
<content>so</content>
<content>so</content>
<content>so</content>
<content>so</content>
<content>so</content>
</metadata>
-->
</drawables>