<?xml version="1.0" encoding="utf-8"?>
<drawables>
	<image>why_sun.png</image>
	<image>why_mon.png</image>
	<image>why_tue.png</image>
	<image>why_wed.png</image>
	<image>why_thu.png</image>
	<image>why_fri.png</image>
	<image>why_sat.png</image>
<!--COMMENTED BY ClockSkinMaker
<metadata gui='rra' version='1.2.1.0' type='array_weekday' forecolor='E2E2E2' autoscale='1' font='Diediedie' fontstyle='Bold' fontsize='17.5926'>
<content>Why</content>
<content>Why</content>
<content>Why</content>
<content>Why</content>
<content>Why</content>
<content>Why</content>
<content>Why</content>
</metadata>
-->
</drawables>