<?xml version="1.0" encoding="utf-8"?>
<clockskin>
	<drawable>
		<name>Sceleton.png</name>
	</drawable>
	<drawable>
		<name>BALANS.png</name>
		<rotate>3</rotate>
		<centerX>115</centerX>
		<centerY>39</centerY>
		<mulrotate>60</mulrotate>
	</drawable>
	<drawable>
		<name>BALANS_2.png</name>
		<rotate>3</rotate>
		<centerX>115</centerX>
		<centerY>39</centerY>
		<mulrotate>100</mulrotate>
	</drawable>
	<drawable>
		<name>SPRING_2.png</name>
		<centerX>113</centerX>
		<centerY>39</centerY>
	</drawable>
	<drawable>
		<name>ballans upper breage.png</name>
	</drawable>
	<drawable>
		<name>Figures base.png</name>
	</drawable>
	<drawable>
		<name>Figures_gold.png</name>
	</drawable>
	<drawable>
		<name>12 ticks.png</name>
	</drawable>
	<drawable>
		<name>HH_2.png</name>
		<rotate>1</rotate>
	</drawable>
	<drawable>
		<name>MH_2.png</name>
		<rotate>2</rotate>
	</drawable>
	<drawable>
		<name>SH.png</name>
		<rotate>3</rotate>
	</drawable>
	<drawable>
		<name>center.png</name>
		<rotate>3</rotate>
	</drawable>
<!--COMMENTED BY ClockSkinMaker
<metadata gui='rra' version='2.0.0.2'/>
-->
</clockskin>