<?xml version="1.0" encoding="utf-8"?>
<clockskin>
	<drawable>
		<name>sfdaf.png</name>
	</drawable>
	<drawable>
		<name>h_1_1.xml</name>
		<arraytype>6</arraytype>
		<centerX>3</centerX>
		<centerY>-122</centerY>
	</drawable>
	<drawable>
		<name>h_1.xml</name>
		<arraytype>9</arraytype>
		<centerX>3</centerX>
		<centerY>-94</centerY>
	</drawable>
	<drawable>
		<name>week.xml</name>
		<arraytype>5</arraytype>
		<centerX>8</centerX>
		<centerY>83</centerY>
	</drawable>
	<drawable>
		<name>fdg.png</name>
		<rotate>3</rotate>
		<centerX>1</centerX>
		<centerY>134</centerY>
		<mulrotate>4</mulrotate>
	</drawable>
	<drawable>
		<name>mm.xml</name>
		<arraytype>4</arraytype>
		<centerY>136</centerY>
	</drawable>
	<drawable>
		<name>agfg_1.png</name>
		<rotate>3</rotate>
		<centerX>-104</centerX>
		<centerY>68</centerY>
		<mulrotate>10</mulrotate>
	</drawable>
	<drawable>
		<name>agfg_2.png</name>
		<rotate>3</rotate>
		<centerX>104</centerX>
		<centerY>68</centerY>
		<mulrotate>6</mulrotate>
	</drawable>
	<drawable>
		<name>gx_1.png</name>
		<rotate>3</rotate>
		<centerX>-70</centerX>
		<centerY>111</centerY>
		<mulrotate>7</mulrotate>
	</drawable>
	<drawable>
		<name>gx_2.png</name>
		<rotate>3</rotate>
		<centerX>68</centerX>
		<centerY>112</centerY>
		<mulrotate>8</mulrotate>
	</drawable>
	<drawable>
		<name>gx_3.png</name>
		<rotate>3</rotate>
		<centerX>-160</centerX>
		<centerY>65</centerY>
		<mulrotate>7</mulrotate>
	</drawable>
	<drawable>
		<name>gx_4.png</name>
		<rotate>3</rotate>
		<centerX>164</centerX>
		<centerY>62</centerY>
		<mulrotate>7</mulrotate>
	</drawable>
<!--COMMENTED BY ClockSkinMaker
<metadata gui='rra' version='1.6.0.0'/>
-->
</clockskin>