<?xml version="1.0" encoding="utf-8"?>
<clockskin>
	<drawable>
		<name>watch_dial.png</name>
	</drawable>
	<drawable>
		<name>temp_array.xml</name>
		<arraytype>11</arraytype>
		<centerX>-85</centerX>
		<centerY>113</centerY>
	</drawable>
	<drawable>
		<name>hour_minute_array.xml</name>
		<arraytype>6</arraytype>
		<centerX>-4</centerX>
		<centerY>11</centerY>
	</drawable>
	<drawable>
		<name>weekday_array.xml</name>
		<arraytype>5</arraytype>
		<centerX>-80</centerX>
		<centerY>-94</centerY>
	</drawable>
	<drawable>
		<name>moon_phase.xml</name>
		<arraytype>19</arraytype>
		<centerX>113</centerX>
		<centerY>-22</centerY>
	</drawable>
	<drawable>
		<color>1</color>
		<arraytype>99</arraytype>
		<centerX>-24</centerX>
		<centerY>-38</centerY>
	</drawable>
	<drawable>
		<name>weather_array.xml</name>
		<arraytype>10</arraytype>
		<centerX>-112</centerX>
		<centerY>92</centerY>
	</drawable>
	<drawable>
		<name>steps_array.xml</name>
		<arraytype>12</arraytype>
		<centerX>78</centerX>
		<centerY>84</centerY>
	</drawable>
	<drawable>
		<name>num_array.xml</name>
		<arraytype>14</arraytype>
		<centerX>-22</centerX>
		<centerY>92</centerY>
	</drawable>
	<drawable>
		<name>month_day_array_1.xml</name>
		<arraytype>4</arraytype>
		<centerX>-30</centerX>
		<centerY>-94</centerY>
	</drawable>
	<drawable>
		<name>month_array.xml</name>
		<arraytype>3</arraytype>
		<centerX>19</centerX>
		<centerY>-94</centerY>
	</drawable>
	<drawable>
		<name>clock_skin_2_num_per.png</name>
		<centerX>2</centerX>
		<centerY>93</centerY>
	</drawable>
	<drawable>
		<name>month_day_array_2_1.xml</name>
		<arraytype>9</arraytype>
		<centerX>115</centerX>
		<centerY>28</centerY>
	</drawable>
	<drawable>
		<name>month_day_array.xml</name>
		<arraytype>16</arraytype>
		<centerX>81</centerX>
		<centerY>-94</centerY>
	</drawable>
	<drawable>
		<name>Bat.png</name>
		<centerX>-10</centerX>
		<centerY>115</centerY>
	</drawable>
	<drawable>
		<name>run.png</name>
		<centerX>79</centerX>
		<centerY>115</centerY>
	</drawable>
	<drawable>
		<name>month_day_array_2.xml</name>
		<arraytype>13</arraytype>
		<centerX>-134</centerX>
		<centerY>22</centerY>
	</drawable>
	<drawable>
		<name>heart.png</name>
		<centerX>-134</centerX>
		<centerY>-10</centerY>
	</drawable>
<!--COMMENTED BY ClockSkinMaker
<metadata gui='rra' version='1.5.0.0'/>
-->
</clockskin>