<?xml version="1.0" encoding="utf-8"?>
<clockskin>
	<drawable>
		<name>di.png</name>
	</drawable>
	<drawable>
		<name>day.xml</name>
		<arraytype>4</arraytype>
		<centerX>100</centerX>
	</drawable>
	<drawable>
		<name>img3950.png</name>
		<rotate>1</rotate>
	</drawable>
	<drawable>
		<name>img3945.png</name>
		<rotate>2</rotate>
	</drawable>
	<drawable>
		<name>img3951.png</name>
		<rotate>3</rotate>
	</drawable>
<!--COMMENTED BY ClockSkinMaker
<metadata gui='rra' version='1.6.0.0'/>
-->
</clockskin>