<?xml version="1.0" encoding="utf-8"?>
<clockskin>
	<drawable>
		<name>watch_black_panel.png</name>
	</drawable>
	<drawable>
		<name>days.xml</name>
		<arraytype>4</arraytype>
		<centerY>120</centerY>
	</drawable>
	<drawable>
		<name>hand_small.png</name>
		<rotate>4</rotate>
		<centerX>-85</centerX>
		<centerY>1</centerY>
	</drawable>
	<drawable>
		<name>hand_small.png</name>
		<rotate>6</rotate>
		<centerX>84</centerX>
		<centerY>1</centerY>
		<mulrotate>2</mulrotate>
	</drawable>
	<drawable>
		<name>hand_h_s.png</name>
		<rotate>1</rotate>
		<centerX>3</centerX>
		<centerY>4</centerY>
	</drawable>
	<drawable>
		<name>hand_h.png</name>
		<rotate>1</rotate>
	</drawable>
	<drawable>
		<name>hand_m_s.png</name>
		<rotate>2</rotate>
		<centerX>4</centerX>
		<centerY>5</centerY>
	</drawable>
	<drawable>
		<name>hand_m.png</name>
		<rotate>2</rotate>
	</drawable>
	<drawable>
		<name>hand_s_s.png</name>
		<rotate>3</rotate>
		<centerX>5</centerX>
		<centerY>6</centerY>
	</drawable>
	<drawable>
		<name>hand_s.png</name>
		<rotate>3</rotate>
	</drawable>
	<drawable>
		<arraytype>99</arraytype>
		<centerX>-22</centerX>
		<centerY>-57</centerY>
	</drawable>
</clockskin>