<clockskin>
    <drawable>
        <name>image1.png</name>
    </drawable>
    <drawable>
        <name>digital1.xml</name>
        <arraytype>14</arraytype>
        <centerX>3</centerX>
        <centerY>-166</centerY>
    </drawable>
    <drawable>
        <name>digital2.xml</name>
        <arraytype>13</arraytype>
        <centerX>76</centerX>
        <centerY>146</centerY>
    </drawable>
    <drawable>
        <name>digital3.xml</name>
        <arraytype>9</arraytype>
        <centerX>-58</centerX>
        <centerY>145</centerY>
    </drawable>
    <drawable>
        <name>digital4.xml</name>
        <arraytype>11</arraytype>
        <centerX>130</centerX>
        <centerY>51</centerY>
    </drawable>
    <drawable>
        <name>digital5.xml</name>
        <arraytype>7</arraytype>
        <centerX>-63</centerX>
        <centerY>-87</centerY>
    </drawable>
    <drawable>
        <name>digital6.xml</name>
        <arraytype>8</arraytype>
        <centerX>69</centerX>
        <centerY>-84</centerY>
    </drawable>
    <drawable>
        <name>digital7.xml</name>
        <arraytype>6</arraytype>
        <centerX>0</centerX>
        <centerY>-92</centerY>
    </drawable>
    <drawable>
        <name>digital8.xml</name>
        <arraytype>12</arraytype>
        <centerX>-41</centerX>
        <centerY>41</centerY>
    </drawable>
    <drawable>
        <name>digital9.xml</name>
        <arraytype>2</arraytype>
        <centerX>-25</centerX>
        <centerY>-14</centerY>
    </drawable>
    <drawable>
        <name>digital10.xml</name>
        <arraytype>5</arraytype>
        <centerX>26</centerX>
        <centerY>-15</centerY>
    </drawable>
</clockskin>
