<?xml version="1.0" encoding="utf-8"?>
<clockskin>
	<drawable>
		<name>Sec_ring with black back.png</name>
	</drawable>
	<drawable>
		<name>Black back.png</name>
	</drawable>
	<drawable>
		<name>A_sec.xml</name>
		<arraytype>9</arraytype>
		<centerX>-200</centerX>
	</drawable>
	<drawable>
		<name>D_sec.xml</name>
		<arraytype>9</arraytype>
		<centerX>200</centerX>
	</drawable>
	<drawable>
		<name>_12.png</name>
	</drawable>
	<drawable>
		<name>Circul_1_1.png</name>
	</drawable>
	<drawable>
		<name>Figures_2.png</name>
	</drawable>
	<drawable>
		<name>Circul_1.png</name>
	</drawable>
	<drawable>
		<name>Day frame_back.png</name>
		<centerX>123</centerX>
		<centerY>-68</centerY>
	</drawable>
	<drawable>
		<name>Day frame.png</name>
		<centerX>123</centerX>
		<centerY>-68</centerY>
	</drawable>
	<drawable>
		<name>A_day.xml</name>
		<arraytype>4</arraytype>
		<centerX>129</centerX>
		<centerY>1</centerY>
	</drawable>
	<drawable>
		<name>HH.png</name>
		<rotate>1</rotate>
	</drawable>
	<drawable>
		<name>MH.png</name>
		<rotate>2</rotate>
	</drawable>
	<drawable>
		<name>Ticks_2.png</name>
	</drawable>
<!--COMMENTED BY ClockSkinMaker
<metadata gui='rra' version='2.0.0.2'/>
-->
</clockskin>