<?xml version="1.0" encoding="utf-8"?>
<clockskin>
	<drawable>
		<name>bgzfcg.png</name>
	</drawable>
	<drawable>
		<name>week.xml</name>
		<arraytype>5</arraytype>
		<centerX>80</centerX>
	</drawable>
	<drawable>
		<name>h.png</name>
		<rotate>1</rotate>
	</drawable>
	<drawable>
		<name>mm.png</name>
		<rotate>2</rotate>
	</drawable>
	<drawable>
		<name>s.png</name>
		<rotate>3</rotate>
	</drawable>
	<drawable>
		<name>yuan.png</name>
	</drawable>
<!--COMMENTED BY ClockSkinMaker
<metadata gui='rra' version='1.6.0.0'/>
-->
</clockskin>