<?xml version="1.0" encoding="utf-8"?>
<clockskin>
	<drawable>
		<name>Batt rotate left.png</name>
		<rotate>6</rotate>
		<centerY>-1</centerY>
		<mulrotate>-2</mulrotate>
	</drawable>
	<drawable>
		<name>Batt rotate right.png</name>
		<rotate>6</rotate>
		<direction>2</direction>
		<mulrotate>-2</mulrotate>
	</drawable>
	<drawable>
		<name>BASE.png</name>
	</drawable>
	<drawable>
		<name>FIGURES_2.png</name>
	</drawable>
	<drawable>
		<name>TICKS.png</name>
	</drawable>
	<drawable>
		<name>HATCH.png</name>
	</drawable>
	<drawable>
		<name>DAY_ARRAY.xml</name>
		<arraytype>4</arraytype>
		<centerX>1</centerX>
		<centerY>78</centerY>
	</drawable>
	<drawable>
		<name>WD ARRAY.xml</name>
		<arraytype>5</arraytype>
	</drawable>
	<drawable>
		<name>HH_2.png</name>
		<rotate>1</rotate>
	</drawable>
	<drawable>
		<name>MH_2_1.png</name>
		<rotate>2</rotate>
	</drawable>
	<drawable>
		<name>MH_2.png</name>
		<rotate>2</rotate>
	</drawable>
	<drawable>
		<name>SH.png</name>
		<rotate>3</rotate>
	</drawable>
<!--COMMENTED BY ClockSkinMaker
<metadata gui='rra' version='2.0.0.2'/>
-->
</clockskin>