<?xml version="1.0" encoding="utf-8"?>
<drawables>
	<image>AMPM_num_0.png</image>
	<image>AMPM_num_1.png</image>
	<image>AMPM_num_2.png</image>
	<image>AMPM_num_3.png</image>
	<image>AMPM_num_4.png</image>
	<image>AMPM_num_5.png</image>
	<image>AMPM_num_6.png</image>
	<image>AMPM_num_7.png</image>
	<image>AMPM_num_8.png</image>
	<image>AMPM_num_9.png</image>
	<image>AMPM_num_colon.png</image>
	<image>AMPM_num_am.png</image>
	<image>AMPM_num_pm.png</image>
<!--COMMENTED BY ClockSkinMaker
<metadata gui='rra' version='1.4.0.0' type='array_hourminute' forecolor='1D1D1D' autoscale='1' font='Battleground' fontstyle='Regular' fontsize='25.38066'>
<content></content>
<content></content>
<content></content>
<content></content>
<content></content>
<content></content>
<content></content>
<content></content>
<content></content>
<content></content>
<content></content>
<content>AM</content>
<content>PM</content>
</metadata>
-->
</drawables>