<?xml version="1.0" encoding="utf-8"?>
<clockskin>
	<drawable>
		<name>Back.png</name>
	</drawable>
	<drawable>
		<name>Battery rotate.png</name>
		<rotate>6</rotate>
	</drawable>
	<drawable>
		<name>Base_red_GREEN.png</name>
	</drawable>
	<drawable>
		<name>WEATHER BACK.png</name>
	</drawable>
	<drawable>
		<name>Battery figures.png</name>
	</drawable>
	<drawable>
		<name>m.xml</name>
		<arraytype>3</arraytype>
	</drawable>
	<drawable>
		<name>D.xml</name>
		<arraytype>4</arraytype>
		<centerY>143</centerY>
	</drawable>
	<drawable>
		<name>WD.xml</name>
		<arraytype>5</arraytype>
	</drawable>
	<drawable>
		<name>HM.xml</name>
		<arraytype>6</arraytype>
	</drawable>
	<drawable>
		<name>weather_array.xml</name>
		<arraytype>10</arraytype>
		<centerX>-51</centerX>
		<centerY>-210</centerY>
	</drawable>
	<drawable>
		<name>T.xml</name>
		<arraytype>11</arraytype>
		<centerX>56</centerX>
		<centerY>-107</centerY>
	</drawable>
<!--COMMENTED BY ClockSkinMaker
<metadata gui='rra' version='2.0.0.2'/>
-->
</clockskin>