<?xml version="1.0" encoding="utf-8"?>
<clockskin>
	<drawable>
		<name>second.png</name>
		<rotate>3</rotate>
		<direction>1</direction>
	</drawable>
	<drawable>
		<name>watchface.png</name>
	</drawable>
	<drawable>
		<name>hand_s.png</name>
		<rotate>3</rotate>
	</drawable>
	<drawable>
		<name>bezel.png</name>
		<rotate>3</rotate>
	</drawable>
	<drawable>
		<name>hour.png</name>
		<rotate>1</rotate>
	</drawable>
	<drawable>
		<name>minute.png</name>
		<rotate>2</rotate>
	</drawable>
	<drawable>
		<name>Battery.xml</name>
		<arraytype>14</arraytype>
	</drawable>
	<drawable>
		<name>roundmain.png</name>
	</drawable>
	<drawable>
		<name>heart.xml</name>
		<arraytype>13</arraytype>
		<centerX>42</centerX>
		<centerY>-60</centerY>
	</drawable>
	<drawable>
		<name>steps.xml</name>
		<arraytype>12</arraytype>
		<centerX>-46</centerX>
		<centerY>-56</centerY>
	</drawable>
	<drawable>
		<name>time.xml</name>
		<arraytype>6</arraytype>
	</drawable>
	<drawable>
		<name>numbers.png</name>
	</drawable>
	<drawable>
		<name>days.xml</name>
		<arraytype>4</arraytype>
		<centerX>-57</centerX>
		<centerY>68</centerY>
	</drawable>
	<drawable>
		<name>weekday_array.xml</name>
		<arraytype>5</arraytype>
		<centerY>40</centerY>
	</drawable>
	<drawable>
		<name>Month.xml</name>
		<arraytype>3</arraytype>
		<centerX>-13</centerX>
		<centerY>68</centerY>
	</drawable>
	<drawable>
		<name>Year.xml</name>
		<arraytype>16</arraytype>
		<centerX>46</centerX>
		<centerY>68</centerY>
	</drawable>
	<drawable>
		<arraytype>99</arraytype>
		<centerX>-23</centerX>
		<centerY>96</centerY>
	</drawable>
<!--COMMENTED BY ClockSkinMaker
<metadata gui='rra' version='1.6.0.0'/>
-->
</clockskin>