<?xml version="1.0" encoding="utf-8"?>
<clockskin>
	<drawable>
		<name>background1.png</name>
	</drawable>
	<drawable>
		<name>wd.xml</name>
		<arraytype>5</arraytype>
	</drawable>
	<drawable>
		<name>day.png</name>
	</drawable>
	
	<drawable>
		<color>1</color>
		<arraytype>99</arraytype>
		<centerX>-13</centerX>
		<centerY>122</centerY>
	</drawable>
	<drawable>
		<name>STEPS.xml</name>
		<arraytype>12</arraytype>
		<centerY>150</centerY>
	</drawable>
	<drawable>
		<name>BATT.xml</name>
		<arraytype>14</arraytype>
		<centerX>80</centerX>
		<centerY>121</centerY>
	</drawable>
	<drawable>
		<name>TEMP.xml</name>
		<arraytype>11</arraytype>
		<centerX>-65</centerX>
		<centerY>125</centerY>
	</drawable>
	<drawable>
		<name>weather_array.xml</name>
		<arraytype>10</arraytype>
		<centerX>-114</centerX>
		<centerY>125</centerY>
	</drawable>
	<drawable>
		<name>SEC.xml</name>
		<arraytype>9</arraytype>
		<centerX>142</centerX>
		<centerY>77</centerY>
	</drawable>
	<drawable>
		<name>MONTH.xml</name>
		<arraytype>3</arraytype>
		<centerX>-161</centerX>
		<centerY>-25</centerY>
	</drawable>
	<drawable>
		<name>DAYQD.xml</name>
		<arraytype>4</arraytype>
		<centerX>164</centerX>
		<centerY>-24</centerY>
	</drawable>
	<drawable>
		<name>HM.xml</name>
		<arraytype>6</arraytype>
		<centerY>57</centerY>
	</drawable>
	<drawable>
		<name>AM&amp;PM.xml</name>
		<arraytype>6</arraytype>
		<centerX>137</centerX>
		<centerY>38</centerY>
	</drawable>
	<drawable>
		<name>moon_phase.xml</name>
		<arraytype>19</arraytype>
		<centerX>-153</centerX>
		<centerY>63</centerY>
	</drawable>
	<drawable>
		<name>hour.png</name>
		<rotate>1</rotate>
	</drawable>
	<drawable>
		<name>mint.png</name>
		<rotate>2</rotate>
	</drawable>
	<drawable>
		<name>sec.png</name>
		<rotate>3</rotate>
	</drawable> <drawable>
        <!--ALARM-->
        <arraytype>100</arraytype>
        <centerX>-4</centerX>
        <centerY>58</centerY>
        <range>35</range>
        <cls>com.android.deskclock.DeskClock</cls>
        <pkg>com.android.deskclock</pkg>
    </drawable>

    <drawable>
        <!--PHONE-->
        <arraytype>100</arraytype>
        <centerX>-44</centerX>
        <centerY>-171</centerY>
        <range>35</range>
        <cls>com.android.dialer.DialtactsWearActivity</cls>
        <pkg>com.android.dialer</pkg>
    </drawable> 
	
    <drawable>
        <!--GOOGLE ASSISTANT-->
        <arraytype>100</arraytype>
        <centerX>0</centerX>
        <centerY>-57</centerY>
        <range>40</range>
        <cls>com.google.android.apps.googleassistant.AssistantActivity</cls>
        <pkg>com.google.android.apps.googleassistant</pkg>
    </drawable>

    <drawable>
    <!--WEATHER-->
        <arraytype>100</arraytype>
        <centerX>-113</centerX>
        <centerY>126</centerY>
        <range>37</range>
        <cls>com.android.watchweather.WeatherActivity</cls>
        <pkg>com.android.watchweather</pkg>
    </drawable>

    <drawable>
    <!--FITNESS-->
        <arraytype>100</arraytype>
        <centerX>-4</centerX>
        <centerY>171</centerY>
        <range>30</range>
        <cls>com.sprots.wiiteer.fitness.module.main.ui.MainActivity</cls>
        <pkg>com.sprots.wiiteer.fitness</pkg>
    </drawable>

    


<!--1 Music at Notes-->
    <drawable>
	<arraytype>100</arraytype>
	<centerX>122</centerX>
	<centerY>-128</centerY>
	<range>40</range>
	<cls>com.android.music.MusicBrowserActivity</cls>
	<pkg>com.android.music</pkg>
    </drawable>


<!--3 Calendar at Date-->
    <drawable>
	<arraytype>100</arraytype>
	<centerX>162</centerX>
	<centerY>-30</centerY>
	<range>30</range>
	<cls>com.android.calendar.AllInOneActivity</cls>
	<pkg>com.google.android.calendar</pkg>
    </drawable>

<!--3 Calendar at Date-->
    <drawable>
	<arraytype>100</arraytype>
	<centerX>-164</centerX>
	<centerY>-27</centerY>
	<range>50</range>
	<cls>com.android.calendar.AllInOneActivity</cls>
	<pkg>com.google.android.calendar</pkg>
    </drawable>



<!--10 Power at Power-->
    <drawable>
	<arraytype>100</arraytype>
	<centerX>120</centerX>
	<centerY>121</centerY>
	<range>30</range>
	<cls>com.android.settings.Settings$PowerUsageSummaryActivity</cls>
	<pkg>com.android.settings</pkg>
    </drawable>



<!--13 Whatsapp-->
    <drawable>
	<arraytype>100</arraytype>
	<centerX>162</centerX>
	<centerY>-69</centerY>
	<range>30</range>
        <cls>com.whatsapp.Main</cls>
        <pkg>com.whatsapp</pkg>
    </drawable>

<!--14 Sports-->
    <drawable>
	<arraytype>100</arraytype>
	<centerX>-3</centerX>
	<centerY>152</centerY>
	<range>30</range>
	<cls>it.nimarsolutions.rungpstracker.SplashActivity</cls>
        <pkg>it.nimarsolutions.rungpstracker</pkg>
    </drawable>

<!--15 Camera-->
    <drawable>
	<arraytype>100</arraytype>
	<centerX>-162</centerX>
	<centerY>-67</centerY>
	<range>30</range>
	<cls>com.android.camera.CameraLauncher</cls>
	<pkg>com.mediatek.camera</pkg>
    </drawable>

<!--16 Brightness -->
    <drawable>
	<arraytype>100</arraytype>
	<centerX>-153</centerX>
	<centerY>61</centerY>
	<range>30</range>
	<cls>com.android.systemui.settings.BrightnessDialog</cls>
	<pkg>com.android.systemui</pkg>
    </drawable>

<!--17 Maps-->
    <drawable>
	<arraytype>100</arraytype>
	<centerX>-24</centerX>
	<centerY>151</centerY>
	<range>30</range>
	<cls>com.google.android.maps.MapsActivity</cls>
        <pkg>com.google.android.apps.maps</pkg>
    </drawable>
<!--mic-->
    <drawable>
	<arraytype>100</arraytype>
	<centerX>-127</centerX>
	<centerY>-126</centerY>
	<range>40</range>
	<cls>com.android.soundrecorder.SoundRecorder</cls>
	<pkg>com.android.soundrecorder</pkg>
    </drawable>

 
 <!-- Contacts -->
    <drawable>
        <arraytype>100</arraytype>
        <centerX>37</centerX>
        <centerY>-174</centerY>
    <cls>com.android.contacts.activities.PeopleActivity</cls>
    <pkg>com.android.contacts</pkg>
    </drawable>
<!--COMMENTED BY ClockSkinMaker
<metadata gui='rra' version='1.4.0.0'/>
-->
</clockskin>