<clockskin> 
	<drawable>
		<name>clock_skin_panel.png</name>
	</drawable>
	<drawable>
		<name>num_array.xml</name>
		<centerX>-125</centerX>
		<centerY>-134</centerY>
		<arraytype>14</arraytype>
	</drawable>
	<drawable>
		<name>hour_minute_array.xml</name>
		<centerY>95</centerY>
		<arraytype>6</arraytype>
	</drawable>
	<drawable>
		<name>weekday_array.xml</name>
		<centerX>-66</centerX>
		<centerY>-73</centerY>
		<arraytype>5</arraytype>
	</drawable>
	<drawable>
		<name>month_array.xml</name>
		<centerX>66</centerX>
		<centerY>-73</centerY>
		<arraytype>3</arraytype>
	</drawable>
	<drawable>
		<name>num_array.xml</name>
		<centerX>103</centerX>
		<centerY>-134</centerY>
		<arraytype>9</arraytype>
	</drawable>
	<drawable>
		<name>date_array.xml</name>
		<centerY>-73</centerY>
		<arraytype>4</arraytype>
	</drawable>
	<drawable>
		<name>clock_skin_hour.png</name>
		<rotate>1</rotate>
	</drawable>
	<drawable>
		<name>clock_skin_minute.png</name>
		<rotate>2</rotate>
	</drawable>
	<drawable>
		<name>clock_skin_second.png</name>
		<rotate>3</rotate>
	</drawable>
</clockskin>

