<?xml version="1.0" encoding="utf-8"?>
<clockskin>
	<drawable>
		<name>se.xml</name>
		<arraytype>9</arraytype>
	</drawable>
	<drawable>
		<name>hm.xml</name>
		<arraytype>7</arraytype>
		<centerX>-100</centerX>
	</drawable>
	<drawable>
		<name>hm.xml</name>
		<arraytype>8</arraytype>
		<centerX>100</centerX>
	</drawable>
	<drawable>
		<name>image.png</name>
	</drawable>
	<drawable>
		<name>WEEK.xml</name>
		<arraytype>5</arraytype>
		<centerY>135</centerY>
	</drawable>
	<drawable>
		<name>day.xml</name>
		<arraytype>4</arraytype>
		<centerY>-130</centerY>
	</drawable>
	<drawable>
		<name>batt.png</name>
		<rotate>6</rotate>
	</drawable>
	<drawable>
		<arraytype>99</arraytype>
		<centerX>-23</centerX>
		<centerY>-81</centerY>
	</drawable>
<!--COMMENTED BY ClockSkinMaker
<metadata gui='rra' version='1.4.0.0'/>
-->
</clockskin>