<?xml version="1.0" encoding="utf-8"?>
<clockskin>
	<drawable>
		<name>CWF_Merry_Christmas.png</name>
	</drawable>
	<drawable>
		<name>Hour Minute.xml</name>
		<arraytype>6</arraytype>
		<centerY>33</centerY>
	</drawable>
	<drawable>
		<name>year month day.xml</name>
		<arraytype>1</arraytype>
		<centerY>79</centerY>
	</drawable>
	<drawable>
		<name>weekday.xml</name>
		<arraytype>5</arraytype>
		<centerY>121</centerY>
	</drawable>
<!--COMMENTED BY ClockSkinMaker
<metadata gui='rra' version='1.4.0.0'/>
-->
</clockskin>