<?xml version="1.0" encoding="utf-8"?>
<drawables>
	<image>weekday_sun.png</image>
	<image>weekday_mon.png</image>
	<image>weekday_tue.png</image>
	<image>weekday_wed.png</image>
	<image>weekday_thu.png</image>
	<image>weekday_fri.png</image>
	<image>weekday_sat.png</image>
<!--COMMENTED BY ClockSkinMaker
<metadata gui='rra' version='1.4.0.0' type='array_weekday' autoscale='1' font='Edwardian Script ITC' fontstyle='Regular' fontsize='28.62278'>
<content>Sunday</content>
<content>monday</content>
<content>tuesday</content>
<content>wednesday</content>
<content>Thursday</content>
<content>friday</content>
<content>Saturday</content>
</metadata>
-->
</drawables>