<?xml version="1.0" encoding="utf-8"?>
<clockskin>
	<drawable>
		<name>fon.png</name>
	</drawable>
	<drawable>
		<name>st.xml</name>
		<arraytype>12</arraytype>
		<centerX>-95</centerX>
		<centerY>89</centerY>
	</drawable>
	<drawable>
		<name>h.xml</name>
		<arraytype>13</arraytype>
		<centerX>89</centerX>
		<centerY>116</centerY>
	</drawable>
	<drawable>
		<name>y.xml</name>
		<arraytype>16</arraytype>
		<centerY>-155</centerY>
	</drawable>
	<drawable>
		<name>d.xml</name>
		<arraytype>4</arraytype>
		<centerX>-117</centerX>
		<centerY>-89</centerY>
	</drawable>
	<drawable>
		<name>b.xml</name>
		<arraytype>14</arraytype>
		<centerX>-4</centerX>
		<centerY>155</centerY>
	</drawable>
	<drawable>
		<name>hm.xml</name>
		<arraytype>6</arraytype>
		<centerX>-30</centerX>
	</drawable>
	<drawable>
		<name>sec.xml</name>
		<arraytype>9</arraytype>
		<centerX>144</centerX>
		<centerY>-15</centerY>
	</drawable>
	<drawable>
		<name>W.xml</name>
		<arraytype>5</arraytype>
		<centerX>-5</centerX>
		<centerY>-78</centerY>
	</drawable>
	<drawable>
		<name>MON.xml</name>
		<arraytype>3</arraytype>
		<centerX>-15</centerX>
		<centerY>-104</centerY>
	</drawable>
	<drawable>
		<name>moon_phase.xml</name>
		<arraytype>19</arraytype>
		<centerX>115</centerX>
		<centerY>-92</centerY>
	</drawable>
<!--COMMENTED BY ClockSkinMaker
<metadata gui='rra' version='1.4.0.0'/>
-->
</clockskin>