<?xml version="1.0" encoding="utf-8"?>
<drawables>
	<image>m_sun.png</image>
	<image>m_mon.png</image>
	<image>m_tue.png</image>
	<image>m_wed.png</image>
	<image>m_thu.png</image>
	<image>m_fri.png</image>
	<image>m_sat.png</image>
<!--COMMENTED BY ClockSkinMaker
<metadata gui='rra' version='1.4.0.0' type='array_weekday' forecolor='FFFFFF' autoscale='0' font='a_FuturicaMedium' fontstyle='Bold' fontsize='12'>
<content>ВОСКРЕСЕНЬЕ</content>
<content>ПОНЕДЕЛЬНИК</content>
<content>ВТОРНИК</content>
<content>СРЕДА</content>
<content>ЧЕТВЕРГ</content>
<content>ПЯТНИЦА</content>
<content>СУББОТА</content>
</metadata>
-->
</drawables>