<?xml version="1.0" encoding="utf-8"?>
<drawables>
	<image>MON_jan.png</image>
	<image>MON_feb.png</image>
	<image>MON_mar.png</image>
	<image>MON_apr.png</image>
	<image>MON_may.png</image>
	<image>MON_jun.png</image>
	<image>MON_jul.png</image>
	<image>MON_aug.png</image>
	<image>MON_sep.png</image>
	<image>MON_oct.png</image>
	<image>MON_nov.png</image>
	<image>MON_dec.png</image>
<!--COMMENTED BY ClockSkinMaker
<metadata gui='rra' version='1.4.0.0' type='array_month' forecolor='20DBDF' autoscale='0' font='a_FuturicaMedium' fontstyle='Bold' fontsize='14,25'>
<content>ЯНВАРЯ</content>
<content>ФЕВРАЛЯ</content>
<content>МАРТА</content>
<content>АПРЕЛЯ</content>
<content>МАЯ</content>
<content>ИЮНЯ</content>
<content>ИЮЛЯ</content>
<content>АВГУСТА</content>
<content>СЕНТЯБРЯ</content>
<content>ОКТЯБРЯ</content>
<content>НОЯБРЯ</content>
<content>ДЕКАБРЯ</content>
</metadata>
-->
</drawables>