<?xml version="1.0" encoding="utf-8"?>
<drawables>
	<image>W_sun.png</image>
	<image>W_mon.png</image>
	<image>W_tue.png</image>
	<image>W_wed.png</image>
	<image>W_thu.png</image>
	<image>W_fri.png</image>
	<image>W_sat.png</image>
<!--COMMENTED BY ClockSkinMaker
<metadata gui='rra' version='1.4.0.0' type='array_weekday' forecolor='FFFFFF' autoscale='0' font='a_FuturicaMedium' fontstyle='Bold' fontsize='12,75'>
<content>ВОСКРЕСЕНЬЕ</content>
<content>ПОНЕДЕЛЬНИК</content>
<content>ВТОРНИК</content>
<content>СРЕДА</content>
<content>ЧЕТВЕРГ</content>
<content>ПЯТНИЦА</content>
<content>СУББОТА</content>
</metadata>
-->
</drawables>