<?xml version="1.0" encoding="utf-8"?>
<clockskin>
	<drawable>
		<name>image1.png</name>
	</drawable>
	<drawable>
		<name>digital1_1.xml</name>
		<arraytype>4</arraytype>
		<centerX>-80</centerX>
		<centerY>64</centerY>
	</drawable>
	<drawable>
		<name>digital1.xml</name>
		<arraytype>4</arraytype>
		<centerX>320</centerX>
		<centerY>48</centerY>
	</drawable>
	<drawable>
		<color>1</color>
		<arraytype>99</arraytype>
		<centerX>-28</centerX>
		<centerY>130</centerY>
	</drawable>
	<drawable>
		<name>digital2_1.xml</name>
		<arraytype>12</arraytype>
		<centerX>-86</centerX>
		<centerY>-10</centerY>
	</drawable>
	<drawable>
		<name>digital2_2.xml</name>
		<arraytype>13</arraytype>
		<centerX>-86</centerX>
		<centerY>19</centerY>
	</drawable>
	<drawable>
		<name>month.xml</name>
		<arraytype>3</arraytype>
		<centerX>97</centerX>
		<centerY>16</centerY>
	</drawable>
	<drawable>
		<name>digital3.xml</name>
		<arraytype>5</arraytype>
		<centerX>107</centerX>
		<centerY>-54</centerY>
	</drawable>
	<drawable>
		<name>image2.png</name>
		<rotate>6</rotate>
		<centerX>71</centerX>
		<centerY>-56</centerY>
		<direction>2</direction>
		<mulrotate>1</mulrotate>
	</drawable>
	<drawable>
		<name>image3.png</name>
		<rotate>1</rotate>
		<mulrotate>1</mulrotate>
	</drawable>
	<drawable>
		<name>image4.png</name>
		<rotate>2</rotate>
		<mulrotate>1</mulrotate>
	</drawable>
	<drawable>
		<name>image5.png</name>
		<rotate>3</rotate>
		<mulrotate>1</mulrotate>
	</drawable>
<!--COMMENTED BY ClockSkinMaker
<metadata gui='rra' version='1.4.0.0'/>
-->
</clockskin>