<?xml version="1.0" encoding="utf-8"?>
<drawables>
	<image>ampm_num_0.png</image>
	<image>ampm_num_1.png</image>
	<image>ampm_num_2.png</image>
	<image>ampm_num_3.png</image>
	<image>ampm_num_4.png</image>
	<image>ampm_num_5.png</image>
	<image>ampm_num_6.png</image>
	<image>ampm_num_7.png</image>
	<image>ampm_num_8.png</image>
	<image>ampm_num_9.png</image>
	<image>ampm_num_colon.png</image>
	<image>ampm_num_am.png</image>
	<image>ampm_num_pm.png</image>
<!--COMMENTED BY ClockSkinMaker
<metadata gui='rra' version='1.4.0.0' type='array_hourminute' forecolor='FFFFFF' autoscale='1' shadowcolor='000000' shadowx='2' shadowy='2' font='Ethnocentric Rg' fontstyle='Regular' fontsize='16.35514'>
<content></content>
<content></content>
<content></content>
<content></content>
<content></content>
<content></content>
<content></content>
<content></content>
<content></content>
<content></content>
<content></content>
<content>AM</content>
<content>PM</content>
</metadata>
-->
</drawables>