<?xml version="1.0" encoding="utf-8"?>
<clockskin>
	<drawable>
		<name>Untitled-1.png</name>
	</drawable>
	<drawable>
		<name>hm.xml</name>
		<arraytype>6</arraytype>
		<centerX>-28</centerX>
		<centerY>-86</centerY>
	</drawable>
	<drawable>
		<name>ampm.xml</name>
		<arraytype>6</arraytype>
		<centerX>30</centerX>
		<centerY>-94</centerY>
	</drawable>
	<drawable>
		<name>second.xml</name>
		<arraytype>9</arraytype>
		<centerX>144</centerX>
		<centerY>-68</centerY>
	</drawable>
	<drawable>
		<name>day.xml</name>
		<arraytype>5</arraytype>
		<centerX>26</centerX>
		<centerY>-158</centerY>
	</drawable>
	<drawable>
		<name>MONTH.xml</name>
		<arraytype>3</arraytype>
		<centerX>16</centerX>
		<centerY>-134</centerY>
	</drawable>
	<drawable>
		<name>moon_phase.xml</name>
		<arraytype>19</arraytype>
		<centerX>-73</centerX>
		<centerY>-149</centerY>
	</drawable>
	<drawable>
		<name>weather_array.xml</name>
		<arraytype>10</arraytype>
		<centerX>-112</centerX>
		<centerY>43</centerY>
	</drawable>
	<drawable>
		<name>TEM.xml</name>
		<arraytype>11</arraytype>
		<centerX>-13</centerX>
		<centerY>40</centerY>
	</drawable>
	<drawable>
		<arraytype>99</arraytype>
		<centerX>-24</centerX>
		<centerY>189</centerY>
	</drawable>
	<drawable>
		<name>steps_1.xml</name>
		<arraytype>12</arraytype>
		<centerX>80</centerX>
		<centerY>-23</centerY>
	</drawable>
	<drawable>
		<name>monthdat_1.xml</name>
		<arraytype>4</arraytype>
		<centerX>86</centerX>
		<centerY>-157</centerY>
	</drawable>
	<drawable>
		<name>monthdat.xml</name>
		<arraytype>16</arraytype>
		<centerX>97</centerX>
		<centerY>-134</centerY>
	</drawable>
	<drawable>
		<name>steps_2.xml</name>
		<arraytype>14</arraytype>
		<centerX>24</centerX>
		<centerY>164</centerY>
	</drawable>
	<drawable>
		<name>steps_3.xml</name>
		<arraytype>13</arraytype>
		<centerX>83</centerX>
		<centerY>104</centerY>
	</drawable>
	<drawable>
		<name>kacl.xml</name>
		<arraytype>54</arraytype>
		<centerX>-54</centerX>
		<centerY>102</centerY>
	</drawable>
	<drawable>
		<name>dis.xml</name>
		<arraytype>60</arraytype>
		<centerX>-82</centerX>
		<centerY>-22</centerY>
	</drawable>
<!--COMMENTED BY ClockSkinMaker
<metadata gui='rra' version='1.4.0.0'/>
-->
</clockskin>