<?xml version="1.0" encoding="utf-8"?>
<drawables>
	<image>day_sun.png</image>
	<image>day_mon.png</image>
	<image>day_tue.png</image>
	<image>day_wed.png</image>
	<image>day_thu.png</image>
	<image>day_fri.png</image>
	<image>day_sat.png</image>
<!--COMMENTED BY ClockSkinMaker
<metadata gui='rra' version='1.4.0.0' type='array_weekday' forecolor='FFFFFF' autoscale='1' shadowcolor='000000' shadowx='2' shadowy='2' font='Ethnocentric Rg' fontstyle='Regular' fontsize='17.29613'>
<content>SUN</content>
<content>Mon</content>
<content>Tue</content>
<content>Wed</content>
<content>Thu</content>
<content>Fri</content>
<content>Sat</content>
</metadata>
-->
</drawables>