<?xml version="1.0" encoding="utf-8"?>
<drawables>
	<image>second_num_0.png</image>
	<image>second_num_1.png</image>
	<image>second_num_2.png</image>
	<image>second_num_3.png</image>
	<image>second_num_4.png</image>
	<image>second_num_5.png</image>
	<image>second_num_6.png</image>
	<image>second_num_7.png</image>
	<image>second_num_8.png</image>
	<image>second_num_9.png</image>
	<image>second_num_colon.png</image>
<!--COMMENTED BY ClockSkinMaker
<metadata gui='rra' version='1.4.0.0' type='array_second' forecolor='FFFFFF' autoscale='1' shadowcolor='000000' shadowx='1' shadowy='1' font='Ethnocentric Rg' fontstyle='Regular' fontsize='13.59275'>
<content>0</content>
<content>1</content>
<content>2</content>
<content>3</content>
<content>4</content>
<content>5</content>
<content>6</content>
<content>7</content>
<content>8</content>
<content>9</content>
<content>0</content>
</metadata>
-->
</drawables>