<clockskin>
    <drawable>
        <rotate>3</rotate>
        <mulrotate>2</mulrotate>
        <name>body.png</name>
    </drawable>
    <drawable>
        <name>ci.png</name>
    </drawable>
	<drawable>
		<name>weekday_array.xml</name>
		<arraytype>5</arraytype>
		<centerX>40</centerX>
		<centerY>-40</centerY>
	</drawable>
	<drawable>
		<name>month_array.xml</name>
		<arraytype>3</arraytype>
		<centerX>13</centerX>
		<centerY>-12</centerY>
	</drawable>
	<drawable>
		<name>day_array.xml</name>
		<arraytype>4</arraytype>
		<centerX>47</centerX>
		<centerY>-12</centerY>
	</drawable>
	    <drawable>
        <name>h.xml</name>
        <arraytype>7</arraytype>
        <centerX>-80</centerX>
        <centerY>-30</centerY>
    </drawable>
    <drawable>
        <name>m.xml</name>
        <arraytype>8</arraytype>
        <centerX>-80</centerX>
        <centerY>40</centerY>
    </drawable>
	<drawable>
		<name>battery.xml</name>
		<arraytype>12</arraytype>
		<centerX>14</centerX>
		<centerY>35</centerY>
	</drawable>
	<drawable>
		<name>battery.xml</name>
		<arraytype>14</arraytype>
		<centerX>14</centerX>
		<centerY>55</centerY>
	</drawable>
    <drawable>
        <rotate>3</rotate>
        <mulrotate>1</mulrotate>
        <name>second.png</name>
    </drawable>
</clockskin>
