<?xml version="1.0" encoding="utf-8"?>
<clockskin>
	<drawable>
		<name>KOSPET-Pgime-3.png</name>
	</drawable>
	<drawable>
		<name>mint.xml</name>
		<arraytype>8</arraytype>
		<centerX>62</centerX>
		<centerY>5</centerY>
	</drawable>
	<drawable>
		<name>hour.xml</name>
		<arraytype>7</arraytype>
		<centerX>62</centerX>
		<centerY>-93</centerY>
	</drawable>
	<drawable>
		<name>month.xml</name>
		<arraytype>3</arraytype>
		<centerX>-53</centerX>
		<centerY>-75</centerY>
	</drawable>
	<drawable>
		<name>dayy_2.xml</name>
		<arraytype>4</arraytype>
		<centerX>-54</centerX>
		<centerY>-99</centerY>
	</drawable>
	<drawable>
		<name>HEART.xml</name>
		<arraytype>13</arraytype>
		<centerX>30</centerX>
		<centerY>87</centerY>
	</drawable>
	<drawable>
		<name>BATTART.xml</name>
		<arraytype>14</arraytype>
		<centerX>-33</centerX>
		<centerY>86</centerY>
	</drawable>
	<drawable>
		<name>TEMP.xml</name>
		<arraytype>11</arraytype>
		<centerX>76</centerX>
		<centerY>86</centerY>
	</drawable>
	<drawable>
		<arraytype>99</arraytype>
		<centerX>12</centerX>
		<centerY>116</centerY>
	</drawable>
	<drawable>
		<name>STEPS_1.xml</name>
		<arraytype>12</arraytype>
		<centerX>745</centerX>
		<centerY>-15</centerY>
	</drawable>
	<drawable>
		<name>STEPS_2.xml</name>
		<arraytype>12</arraytype>
		<centerX>345</centerX>
		<centerY>2</centerY>
	</drawable>
	<drawable>
		<name>STEPS_3.xml</name>
		<arraytype>12</arraytype>
		<centerX>-55</centerX>
		<centerY>19</centerY>
	</drawable>
	<drawable>
		<name>STEPS_4.xml</name>
		<arraytype>12</arraytype>
		<centerX>-455</centerX>
		<centerY>36</centerY>
	</drawable>
	<drawable>
		<name>STEPS.xml</name>
		<arraytype>12</arraytype>
		<centerX>-855</centerX>
		<centerY>53</centerY>
	</drawable>
	<drawable>
		<name>dayy.xml</name>
		<arraytype>9</arraytype>
		<centerX>151</centerX>
		<centerY>-15</centerY>
	</drawable>
	<drawable>
		<name>AM&amp;PM.xml</name>
		<arraytype>6</arraytype>
		<centerX>148</centerX>
		<centerY>-62</centerY>
	</drawable>
<!--COMMENTED BY ClockSkinMaker
<metadata gui='rra' version='1.4.0.0'/>
-->
</clockskin>