<?xml version="1.0" encoding="utf-8"?>
<clockskin>
	<drawable>
		<name>400a.png</name>
	</drawable>
	<drawable>
		<name>240c.png</name>
		<rotate>3</rotate>
	</drawable>
	<drawable>
		<name>h.xml</name>
		<arraytype>7</arraytype>
		<centerY>-50</centerY>
	</drawable>
	<drawable>
		<name>h.xml</name>
		<arraytype>8</arraytype>
		<centerY>50</centerY>
	</drawable>
	<drawable>
		<name>250c.png</name>
	</drawable>
	<drawable>
		<name>250b.png</name>
	</drawable>
	<drawable>
		<name>week.xml</name>
		<arraytype>5</arraytype>
		<centerX>-156</centerX>
	</drawable>
	<drawable>
		<name>bt.xml</name>
		<arraytype>14</arraytype>
		<centerY>158</centerY>
	</drawable>
	<drawable>
		<name>st.xml</name>
		<arraytype>12</arraytype>
		<centerY>-160</centerY>
	</drawable>
	<drawable>
		<name>d.xml</name>
		<arraytype>4</arraytype>
		<centerX>159</centerX>
	</drawable>
	<drawable>
		<name>sec.png</name>
		<rotate>3</rotate>
	</drawable>
	<drawable>
		<name>hm.xml</name>
		<arraytype>6</arraytype>
	</drawable>
<!--COMMENTED BY ClockSkinMaker
<metadata gui='rra' version='1.4.0.0'/>
-->
</clockskin>