<?xml version="1.0" encoding="utf-8"?>
<clockskin>
	<drawable>
		<name>di.png</name>
	</drawable>
	<drawable>
		<name>3.png</name>
		<rotate>3</rotate>
		<direction>1</direction>
		<mulrotate>-6</mulrotate>
	</drawable>
	<drawable>
		<name>222.png</name>
		<rotate>7</rotate>
		<direction>1</direction>
	</drawable>
	<drawable>
		<name>1.png</name>
	</drawable>
	<drawable>
		<name>d.xml</name>
		<arraytype>4</arraytype>
		<centerX>-130</centerX>
		<centerY>1</centerY>
	</drawable>
	<drawable>
		<name>h.png</name>
		<rotate>1</rotate>
	</drawable>
	<drawable>
		<name>m.png</name>
		<rotate>2</rotate>
	</drawable>
	<drawable>
		<name>s.png</name>
		<rotate>3</rotate>
	</drawable>
<!--COMMENTED BY ClockSkinMaker
<metadata gui='rra' version='1.6.0.0'/>
-->
</clockskin>