<?xml version="1.0" encoding="utf-8"?>
<clockskin>
	<drawable>
		<name>Photo with stars.png</name>
	</drawable>
	<drawable>
		<name>Frame.png</name>
	</drawable>
	<drawable>
		<name>Base for ticks.png</name>
	</drawable>
	<drawable>
		<name>60 ticks.png</name>
	</drawable>
	<drawable>
		<name>12 ticks_2.png</name>
	</drawable>
	<drawable>
		<name>A_DAY.xml</name>
		<arraytype>4</arraytype>
		<centerX>-103</centerX>
	</drawable>
	<drawable>
		<name>Ring.png</name>
	</drawable>
	<drawable>
		<name>GROR KOSTROMA.png</name>
	</drawable>
	<drawable>
		<name>Day frame.png</name>
		<centerX>1</centerX>
	</drawable>
	<drawable>
		<name>HH.png</name>
		<rotate>1</rotate>
	</drawable>
	<drawable>
		<name>MH.png</name>
		<rotate>2</rotate>
	</drawable>
	<drawable>
		<name>SH.png</name>
		<rotate>3</rotate>
	</drawable>
	<drawable>
		<name>center.png</name>
		<rotate>3</rotate>
	</drawable>
<!--COMMENTED BY ClockSkinMaker
<metadata gui='rra' version='2.0.0.2'/>
-->
</clockskin>