<?xml version="1.0" encoding="utf-8"?>
<clockskin>
	<drawable>
		<name>image1.png</name>
	</drawable>
        <drawable>
                <name>rotate1.png</name>
                <rotate>3</rotate>
        </drawable>
        <drawable>
		<name>weekday.xml</name>
		<arraytype>5</arraytype>
		<centerX>0</centerX>
		<centerY>-57</centerY>
	</drawable>
	<drawable>
		<name>hour.xml</name>
		<arraytype>6</arraytype>
		<centerX>-2</centerX>
		<centerY>-6</centerY>
	</drawable>
	<drawable>
		<name>second.xml</name>
		<arraytype>9</arraytype>
		<centerX>60</centerX>
		<centerY>50</centerY>
	</drawable>
        <drawable>
                <name>data.xml</name>
                <arraytype>4</arraytype>
                <centerX>0</centerX>
                <centerY>-99</centerY>
        </drawable>
        <drawable>
		<name>BATTERY_1.xml</name>
		<arraytype>14</arraytype>
		<centerX>203</centerX>
		<centerY>-52</centerY>
	</drawable>
<metadata gui='rra' version='1.6.0.0'/>
-->
</clockskin>