<?xml version="1.0" encoding="utf-8"?>
<clockskin>
	<drawable>
		<name>Round Sample.png</name>
	</drawable>
	<drawable>
		<name>Minutes Hours.xml</name>
		<arraytype>6</arraytype>
		<centerY>-130</centerY>
	</drawable>
	<drawable>
		<name>day.xml</name>
		<arraytype>4</arraytype>
		<centerX>-35</centerX>
		<centerY>130</centerY>
	</drawable>
	<drawable>
		<name>mmonth.xml</name>
		<arraytype>3</arraytype>
		<centerX>20</centerX>
		<centerY>130</centerY>
	</drawable>
<!--COMMENTED BY ClockSkinMaker
<metadata gui='rra' version='1.4.0.0'/>
-->
</clockskin>