<?xml version="1.0" encoding="utf-8"?>
<drawables>
	<image>mmonth_jan.png</image>
	<image>mmonth_feb.png</image>
	<image>mmonth_mar.png</image>
	<image>mmonth_apr.png</image>
	<image>mmonth_may.png</image>
	<image>mmonth_jun.png</image>
	<image>mmonth_jul.png</image>
	<image>mmonth_aug.png</image>
	<image>mmonth_sep.png</image>
	<image>mmonth_oct.png</image>
	<image>mmonth_nov.png</image>
	<image>mmonth_dec.png</image>
<!--COMMENTED BY ClockSkinMaker
<metadata gui='rra' version='1.4.0.0' type='array_month' forecolor='790000' autoscale='1' font='Stencil' fontstyle='Bold' fontsize='23.93767'>
<content>Jan</content>
<content>Feb</content>
<content>Mar</content>
<content>Apr</content>
<content>May</content>
<content>Jun</content>
<content>Jul</content>
<content>Aug</content>
<content>Sep</content>
<content>Oct</content>
<content>Nov</content>
<content>Dec</content>
</metadata>
-->
</drawables>