<?xml version="1.0" encoding="utf-8"?>
<clockskin>
	<drawable>
		<name>Batt rotate.png</name>
		<rotate>6</rotate>
	</drawable>
	<drawable>
		<name>Base_2.png</name>
	</drawable>
	<drawable>
		<name>Figures hatch.png</name>
	</drawable>
	<drawable>
		<name>8 ticks.png</name>
	</drawable>
	<drawable>
		<name>8 ticks_2.png</name>
	</drawable>
	<drawable>
		<name>WD image.png</name>
	</drawable>
	<drawable>
		<name>Figures_2.png</name>
	</drawable>
	<drawable>
		<name>Day.xml</name>
		<arraytype>4</arraytype>
		<centerX>1</centerX>
		<centerY>87</centerY>
	</drawable>
	<drawable>
		<name>Array WD.xml</name>
		<arraytype>5</arraytype>
	</drawable>
	<drawable>
		<name>HH.png</name>
		<rotate>1</rotate>
	</drawable>
	<drawable>
		<name>MH.png</name>
		<rotate>2</rotate>
	</drawable>
	<drawable>
		<name>SH shadow .png</name>
		<rotate>10</rotate>
		<centerX>5</centerX>
		<centerY>5</centerY>
	</drawable>
	<drawable>
		<name>SH.png</name>
		<rotate>3</rotate>
	</drawable>
	<drawable>
		<name>12 ticks.png</name>
	</drawable>
<!--COMMENTED BY ClockSkinMaker
<metadata gui='rra' version='2.0.0.2'/>
-->
</clockskin>