<?xml version="1.0" encoding="utf-8"?>
<clockskin>
 <drawable>
        <rotate>3</rotate>
        <mulrotate>3</mulrotate>
        <name>anim.png</name>
    </drawable>
    <drawable>
        <name>body.png</name>
    </drawable>
	<drawable>
		<name>hour_minute_array.xml</name>
		<arraytype>6</arraytype>
		<centerX>0</centerX>
		<centerY>75</centerY>
	</drawable>
	<drawable>
		<name>weekday_array.xml</name>
		<arraytype>5</arraytype>
		<centerX>0</centerX>
		<centerY>50</centerY>
	</drawable>
	<drawable>
		<name>month_array.xml</name>
		<arraytype>3</arraytype>
		<centerX>60</centerX>
		<centerY>-12</centerY>
	</drawable>
	<drawable>
		<name>day_array.xml</name>
		<arraytype>4</arraytype>
		<centerX>57</centerX>
		<centerY>7</centerY>
	</drawable>
	<drawable>
		<name>battery_array.xml</name>
		<arraytype>14</arraytype>
		<centerX>-65</centerX>
		<centerY>5</centerY>
	</drawable>
	<drawable>
		<name>clock_skin_hour.png</name>
		<rotate>1</rotate>
	</drawable>
	<drawable>
		<name>clock_skin_minute.png</name>
		<rotate>2</rotate>
	</drawable>
	<drawable>
		<name>secondhand.png</name>
		<rotate>10</rotate>
	</drawable>
	<drawable>
		<name>img_top.png</name>
		<centerX>1</centerX>
	</drawable>
	<drawable>
		<name>txt_energy.png</name>
		<centerX>-57</centerX>
		<centerY>-10</centerY>
	</drawable>
<!--COMMENTED BY ClockSkinMaker
<metadata gui='rra' version='1.5.0.0'/>
-->
</clockskin>