<?xml version="1.0" encoding="utf-8"?>
<clockskin>

<!--battry -->
	 <drawable>
        <arraytype>58</arraytype>
        <width>17</width>
        <radius>52</radius> 
        <colorarray>#08de21,#08de21</colorarray>
        <startAngle>180</startAngle>
        <angle>180</angle>
        <centerX>0</centerX>
        <centerY>-108</centerY>
    </drawable>
	
	
		<!--steps -->
<drawable>
        <arraytype>56</arraytype>
        <width>18</width>
        <radius>52</radius> 
        <colorarray>#de7a08,#de7a08</colorarray>
       <startAngle>180</startAngle>
        <angle>180</angle>
        <centerX>-108</centerX>
        <centerY>0</centerY>
    </drawable>
	
	<!--dis -->
  <drawable>
        <arraytype>59</arraytype>
        <width>18</width>
        <radius>52</radius> 
        <colorarray>#f6ff00,#f6ff00</colorarray>
        <startAngle>-180</startAngle>
        <angle>-180</angle>
        <centerX>-108</centerX>
        <centerY>0</centerY>
    </drawable>
		
		
	<!--kal -->
	 <drawable>
        <arraytype>56</arraytype>
        <width>17</width>
        <radius>52</radius> 
        <colorarray>#ff0000,#ff0000</colorarray>
        <startAngle>155</startAngle>
        <angle>229</angle>
        <centerX>0</centerX>
        <centerY>82</centerY>
    </drawable>
	
	
	
	<drawable>
		<name>1.png</name>
	</drawable>
	<drawable>
		<name>hm_1.xml</name>
		<arraytype>6</arraytype>
		<centerX>101</centerX>
	</drawable>
	<drawable>
		<name>hm.xml</name>
		<arraytype>6</arraytype>
		<centerX>101</centerX>
	</drawable>
	<drawable>
		<arraytype>99</arraytype>
		<centerX>-25</centerX>
		<centerY>-58</centerY>
	</drawable>
	<drawable>
		<name>hm_1_1_1.xml</name>
		<arraytype>9</arraytype>
		<centerX>134</centerX>
		<centerY>40</centerY>
	</drawable>
	<drawable>
		<name>hm_1_11.xml</name>
		<arraytype>9</arraytype>
		<centerX>134</centerX>
		<centerY>40</centerY>
	</drawable>
	<drawable>
		<name>wd_1.xml</name>
		<arraytype>5</arraytype>
		<centerX>101</centerX>
		<centerY>-64</centerY>
	</drawable>
	<drawable>
		<name>wd.xml</name>
		<arraytype>5</arraytype>
		<centerX>101</centerX>
		<centerY>-64</centerY>
	</drawable>
	<drawable>
		<name>month.xml</name>
		<arraytype>3</arraytype>
		<centerX>69</centerX>
		<centerY>-34</centerY>
	</drawable>
	<drawable>
		<name>day.xml</name>
		<arraytype>4</arraytype>
		<centerX>133</centerX>
		<centerY>-35</centerY>
	</drawable>
	<drawable>
		<name>day1.xml</name>
		<arraytype>11</arraytype>
		<centerX>-70</centerX>
		<centerY>114</centerY>
	</drawable>
	<drawable>
		<name>weather_array.xml</name>
		<arraytype>10</arraytype>
		<centerX>-105</centerX>
		<centerY>112</centerY>
	</drawable>
	<drawable>
		<name>moon_phase.xml</name>
		<arraytype>19</arraytype>
		<centerX>91</centerX>
		<centerY>112</centerY>
	</drawable>
	<drawable>
		<name>battry.xml</name>
		<arraytype>14</arraytype>
		<centerX>-14</centerX>
		<centerY>-81</centerY>
	</drawable>
	<drawable>
		<name>steps.xml</name>
		<arraytype>12</arraytype>
		<centerX>-106</centerX>
		<centerY>-13</centerY>
	</drawable>
	<drawable>
		<name>dis.xml</name>
		<arraytype>60</arraytype>
		<centerX>-98</centerX>
		<centerY>19</centerY>
	</drawable>
	<drawable>
		<name>kal.xml</name>
		<arraytype>54</arraytype>
		<centerX>2</centerX>
		<centerY>78</centerY>
	</drawable>
	<drawable>
		<name>batt_2_1.xml</name>
		<arraytype>13</arraytype>
		<centerX>13</centerX>
		<centerY>106</centerY>
	</drawable>
	<drawable>
		<name>ampm_1.xml</name>
		<arraytype>6</arraytype>
		<centerY>42</centerY>
	</drawable>
	<drawable>
		<name>ampm.xml</name>
		<arraytype>6</arraytype>
		<centerY>42</centerY>
	</drawable>
	<drawable>
		<name>3.png</name>
		<rotate>6</rotate>
		<centerY>-108</centerY>
		<angle>-90</angle>
		<startAngle>135</startAngle>
	</drawable>
	<drawable>
		<name>41.png</name>
		<rotate>1</rotate>
	</drawable>
	<drawable>
		<name>42.png</name>
		<rotate>2</rotate>
	</drawable>
	<drawable>
		<name>43.png</name>
		<rotate>3</rotate>
	</drawable>
	
	


	
	





<drawable>
        <!--ALARM-->
        <arraytype>100</arraytype>
        <centerX>102</centerX>
        <centerY>14</centerY>
        <range>60</range>
        <cls>com.android.deskclock.DeskClock</cls>
        <pkg>com.android.deskclock</pkg>
    </drawable>







<!--1 Music at Notes-->
    <drawable>
	<arraytype>100</arraytype>
	<centerX>-105</centerX>
	<centerY>-99</centerY>
	<range>40</range>
	<cls>com.android.music.MusicBrowserActivity</cls>
	<pkg>com.android.music</pkg>
    </drawable>


<!--3 Calendar at Date-->
    <drawable>
	<arraytype>100</arraytype>
	<centerX>100</centerX>
	<centerY>-51</centerY>
	<range>40</range>
	<cls>com.android.calendar.AllInOneActivity</cls>
	<pkg>com.google.android.calendar</pkg>
    </drawable>
   




<!--10 Power at Power-->
    <drawable>
	<arraytype>100</arraytype>
	<centerX>0</centerX>
	<centerY>-95</centerY>
	<range>50</range>
	<cls>com.android.settings.Settings$PowerUsageSummaryActivity</cls>
	<pkg>com.android.settings</pkg>
    </drawable>





<!--14 Sports-->
    <drawable>
	<arraytype>100</arraytype>
	<centerX>-109</centerX>
	<centerY>-29</centerY>
	<range>50</range>
	<cls>it.nimarsolutions.rungpstracker.SplashActivity</cls>
        <pkg>it.nimarsolutions.rungpstracker</pkg>
    </drawable>




	
	
	  <drawable>
        <!--GOOGLE ASSISTANT-->
        <arraytype>100</arraytype>
        <centerX>0</centerX>
        <centerY>164</centerY>
        <range>50</range>
        <cls>com.google.android.apps.googleassistant.AssistantActivity</cls>
        <pkg>com.google.android.apps.googleassistant</pkg>
    </drawable>
	
	 <drawable>
    <!--FITNESS-->
        <arraytype>100</arraytype>
        <centerX>0</centerX>
        <centerY>63</centerY>
        <range>50</range>
        <cls>com.sprots.wiiteer.fitness.module.main.ui.MainActivity</cls>
        <pkg>com.sprots.wiiteer.fitness</pkg>
    </drawable>
	


 <!-- Contacts -->
    <drawable>
        <arraytype>100</arraytype>
        <centerX>93</centerX>
        <centerY>-111</centerY>
		<range>40</range>
    <cls>com.android.contacts.activities.PeopleActivity</cls>
    <pkg>com.android.contacts</pkg>
    </drawable>
	
	
	
	
	 <drawable>
    <!--WEATHER-->
        <arraytype>100</arraytype>
        <centerX>-91</centerX>
        <centerY>113</centerY>
        <range>50</range>
        <cls>com.android.watchweather.WeatherActivity</cls>
        <pkg>com.android.watchweather</pkg>
    </drawable>
	
	
	 <drawable>
    <!--heart_rate-->
       <arraytype>100</arraytype>
       <centerX>-3</centerX>
       <centerY>113</centerY>
       <range>30</range>
       <cls>com.cenon.heartrate.HeartRateMonitorActivity</cls>
       <pkg>com.cenon.heartrate</pkg>
    </drawable>
	
	
	<!--17 Maps-->
    <drawable>
	<arraytype>100</arraytype>
	<centerX>-105</centerX>
	<centerY>25</centerY>
	<range>40</range>
	<cls>com.google.android.maps.MapsActivity</cls>
        <pkg>com.google.android.apps.maps</pkg>
    </drawable>
	
	
	<!--16 Brightness -->
    <drawable>
	<arraytype>100</arraytype>
	<centerX>92</centerX>
	<centerY>114</centerY>
	<range>50</range>
	<cls>com.android.systemui.settings.BrightnessDialog</cls>
	<pkg>com.android.systemui</pkg>
    </drawable>
	
</clockskin>