<?xml version="1.0" encoding="utf-8"?>
<drawables>
	<image>wd_1_sun.png</image>
	<image>wd_1_mon.png</image>
	<image>wd_1_tue.png</image>
	<image>wd_1_wed.png</image>
	<image>wd_1_thu.png</image>
	<image>wd_1_fri.png</image>
	<image>wd_1_sat.png</image>
<!--COMMENTED BY ClockSkinMaker
<metadata gui='rra' version='1.4.0.0' type='array_weekday' forecolor='61CBA4' autoscale='1' font='Digital Display' fontstyle='Regular' fontsize='30.85715'>
<content>000</content>
<content>00</content>
<content>000</content>
<content>000</content>
<content>000</content>
<content>000</content>
<content>000</content>
</metadata>
-->
</drawables>