<clockskin>
    <drawable>
        <name>image1.png</name>
    </drawable>
    <drawable>
        <name>digital1.xml</name>
        <arraytype>11</arraytype>
        <centerX>-96</centerX>
        <centerY>109</centerY>
    </drawable>
    <drawable>
        <name>digital2.xml</name>
        <arraytype>10</arraytype>
        <centerX>-98</centerX>
        <centerY>73</centerY>
    </drawable>
    <drawable>
        <name>image2.png</name>
    </drawable>
    <drawable>
        <name>digital3.xml</name>
        <arraytype>7</arraytype>
        <centerX>50</centerX>
        <centerY>-65</centerY>
    </drawable>
    <drawable>
        <name>digital4.xml</name>
        <arraytype>8</arraytype>
        <centerX>50</centerX>
        <centerY>65</centerY>
    </drawable>
    <drawable>
        <name>digital5.xml</name>
        <arraytype>9</arraytype>
        <centerX>-336</centerX>
        <centerY>0</centerY>
    </drawable>
    <drawable>
        <name>digital6.xml</name>
        <arraytype>9</arraytype>
        <centerX>64</centerX>
        <centerY>0</centerY>
    </drawable>
    <drawable>
        <name>digital7.xml</name>
        <arraytype>14</arraytype>
        <centerX>-536</centerX>
        <centerY>0</centerY>
    </drawable>
    <drawable>
        <name>digital8.xml</name>
        <arraytype>14</arraytype>
        <centerX>-136</centerX>
        <centerY>0</centerY>
    </drawable>
    <drawable>
        <name>digital9.xml</name>
        <arraytype>14</arraytype>
        <centerX>264</centerX>
        <centerY>0</centerY>
    </drawable>
    <drawable>
        <name>digital10.xml</name>
        <arraytype>12</arraytype>
        <centerX>-536</centerX>
        <centerY>0</centerY>
    </drawable>
    <drawable>
        <name>digital11.xml</name>
        <arraytype>12</arraytype>
        <centerX>-136</centerX>
        <centerY>0</centerY>
    </drawable>
    <drawable>
        <name>digital12.xml</name>
        <arraytype>12</arraytype>
        <centerX>264</centerX>
        <centerY>0</centerY>
    </drawable>
    <drawable>
        <name>digital13.xml</name>
        <arraytype>1</arraytype>
        <centerX>0</centerX>
        <centerY>160</centerY>
    </drawable>
</clockskin>
