<?xml version="1.0" encoding="utf-8"?>
<clockskin>
	<drawable>
		<name>hatch.png</name>
	</drawable>
	<drawable>
		<name>Battery rotate.png</name>
		<rotate>6</rotate>
		<mulrotate>-2</mulrotate>
	</drawable>
	<drawable>
		<name>Base.png</name>
	</drawable>
	<drawable>
		<name>M D WD Batt bases.png</name>
	</drawable>
	<drawable>
		<name>Figures.png</name>
	</drawable>
	<drawable>
		<name>A_wd.xml</name>
		<arraytype>5</arraytype>
	</drawable>
	<drawable>
		<name>A_month.xml</name>
		<arraytype>3</arraytype>
	</drawable>
	<drawable>
		<name>A_day.xml</name>
		<arraytype>4</arraytype>
		<centerX>1</centerX>
		<centerY>95</centerY>
	</drawable>
	<drawable>
		<name>HH.png</name>
		<rotate>1</rotate>
	</drawable>
	<drawable>
		<name>MH.png</name>
		<rotate>2</rotate>
	</drawable>
	<drawable>
		<name>SH.png</name>
		<rotate>3</rotate>
	</drawable>
	<drawable>
		<name>center.png</name>
		<rotate>3</rotate>
	</drawable>
	<drawable>
		<name>BATTERY LEVEL TEXT.png</name>
	</drawable>
<!--COMMENTED BY ClockSkinMaker
<metadata gui='rra' version='2.0.0.2'/>
-->
</clockskin>