<?xml version="1.0" encoding="utf-8"?>
<clockskin>
	<drawable>
		<name>blue back.png</name>
	</drawable>
	<drawable>
		<name>SH_2.png</name>
		<rotate>3</rotate>
	</drawable>
	<drawable>
		<name>Batt rotate.png</name>
		<rotate>6</rotate>
		<direction>2</direction>
	</drawable>
	<drawable>
		<name>Base.png</name>
	</drawable>
	<drawable>
		<name>Array WD.xml</name>
		<arraytype>5</arraytype>
	</drawable>
	<drawable>
		<name>Array Day.xml</name>
		<arraytype>4</arraytype>
		<centerY>155</centerY>
	</drawable>
	<drawable>
		<name>Hatch_2.png</name>
	</drawable>
	<drawable>
		<name>AH.xml</name>
		<arraytype>7</arraytype>
		<centerY>-104</centerY>
	</drawable>
	<drawable>
		<name>Array minute.xml</name>
		<arraytype>8</arraytype>
		<centerY>25</centerY>
	</drawable>
	<drawable>
		<name>Array Month.xml</name>
		<arraytype>3</arraytype>
	</drawable>
	<drawable>
		<name>Frame.png</name>
	</drawable>
<!--COMMENTED BY ClockSkinMaker
<metadata gui='rra' version='2.0.0.2'/>
-->
</clockskin>