<?xml version="1.0" encoding="utf-8"?>
<clockskin>
	<drawable>
		<name>Batt rotate.png</name>
		<rotate>6</rotate>
		<mulrotate>-2</mulrotate>
	</drawable>
	<drawable>
		<name>Hatch.png</name>
	</drawable>
	<drawable>
		<name>Figures.png</name>
	</drawable>
	<drawable>
		<name>M WD D bases.png</name>
	</drawable>
	<drawable>
		<name>Batt bar frame.png</name>
	</drawable>
	<drawable>
		<name>WD Array.xml</name>
		<arraytype>5</arraytype>
	</drawable>
	<drawable>
		<name>MONTH ARRAY.xml</name>
		<arraytype>3</arraytype>
	</drawable>
	<drawable>
		<name>M WD D bases FRAMES.png</name>
	</drawable>
	<drawable>
		<name>DAY ARRAY.xml</name>
		<arraytype>4</arraytype>
		<centerY>128</centerY>
	</drawable>
	<drawable>
		<name>BATT LEVEL TEXT.png</name>
	</drawable>
	<drawable>
		<name>HH.png</name>
		<rotate>1</rotate>
	</drawable>
	<drawable>
		<name>MH.png</name>
		<rotate>2</rotate>
	</drawable>
	<drawable>
		<name>SH.png</name>
		<rotate>3</rotate>
	</drawable>
<!--COMMENTED BY ClockSkinMaker
<metadata gui='rra' version='2.0.0.2'/>
-->
</clockskin>