<?xml version="1.0" encoding="utf-8"?>
<clockskin>
	<drawable>
		<name>new.png</name>
	</drawable>
<drawable>
        <arraytype>58</arraytype>
        <width>18</width>
        <radius>70</radius> 
        <colorarray>ffffff,ffffff</colorarray>
        <startAngle>90</startAngle>
        <angle>234</angle>
        <centerX>-73</centerX>
        <centerY>-80</centerY>
    </drawable>
	<drawable>
		<name>up batt.png</name>
	</drawable>
	<drawable>
		<name>hour.xml</name>
		<arraytype>7</arraytype>
		<centerX>-57</centerX>
		<centerY>-74</centerY>
	</drawable>
	<drawable>
		<name>mint.xml</name>
		<arraytype>8</arraytype>
		<centerX>61</centerX>
		<centerY>-66</centerY>
	</drawable>
	<drawable>
		<name>sec_1_1.xml</name>
		<arraytype>9</arraytype>
		<centerX>142</centerX>
		<centerY>-92</centerY>
	</drawable>
	<drawable>
		<name>sec.xml</name>
		<arraytype>4</arraytype>
		<centerX>148</centerX>
		<centerY>-24</centerY>
	</drawable>
	<drawable>
		<name>weekday.xml</name>
		<arraytype>5</arraytype>
		<centerX>147</centerX>
		<centerY>-49</centerY>
	</drawable>
	<drawable>
		<name>month.xml</name>
		<arraytype>3</arraytype>
		<centerX>88</centerX>
		<centerY>-20</centerY>
	</drawable>
	<drawable>
		<name>year_1.xml</name>
		<arraytype>16</arraytype>
		<centerX>33</centerX>
		<centerY>-20</centerY>
	</drawable>
	<drawable>
		<name>steps.xml</name>
		<arraytype>12</arraytype>
		<centerX>107</centerX>
		<centerY>26</centerY>
	</drawable>
	<drawable>
		<name>sec_1_3.xml</name>
		<arraytype>13</arraytype>
		<centerX>-110</centerX>
		<centerY>38</centerY>
	</drawable>
	<drawable>
		<name>kcal.xml</name>
		<arraytype>54</arraytype>
		<centerX>92</centerX>
		<centerY>86</centerY>
	</drawable>
	<drawable>
		<name>des.xml</name>
		<arraytype>60</arraytype>
		<centerX>83</centerX>
		<centerY>148</centerY>
	</drawable>
	<drawable>
		<name>temp.xml</name>
		<arraytype>11</arraytype>
		<centerX>-104</centerX>
		<centerY>96</centerY>
	</drawable>
	<drawable>
		<name>battry.xml</name>
		<arraytype>14</arraytype>
		<centerX>-34</centerX>
		<centerY>-24</centerY>
	</drawable>
	<drawable>
		<name>weather_array.xml</name>
		<arraytype>10</arraytype>
		<centerX>-58</centerX>
		<centerY>138</centerY>
	</drawable>
	<drawable>
		<name>moon_phase.xml</name>
		<arraytype>19</arraytype>
		<centerY>-171</centerY>
	</drawable>
<drawable>
		<arraytype>99</arraytype>
		<centerX>-175</centerX>
		<centerY>6</centerY>
	</drawable>
<drawable>
		<name>AM&amp;PM.xml</name>
		<arraytype>6</arraytype>
		
	</drawable>

<!--COMMENTED BY ClockSkinMaker
<metadata gui='rra' version='1.4.0.0'/>
-->
</clockskin>