<?xml version="1.0" encoding="utf-8"?>
<drawables>
	<image>sec_num_0_1_4.png</image>
	<image>sec_num_1_1_4.png</image>
	<image>sec_num_2_1_4.png</image>
	<image>sec_num_3_1_4.png</image>
	<image>sec_num_4_1_4.png</image>
	<image>sec_num_5_1_4.png</image>
	<image>sec_num_6_1_4.png</image>
	<image>sec_num_7_1_4.png</image>
	<image>sec_num_8_1_4.png</image>
	<image>sec_num_9_1_4.png</image>
	<image>sec_num_colon_1_4.png</image>
<!--COMMENTED BY ClockSkinMaker
<metadata gui='rra' version='1.4.0.0' type='array_second' forecolor='FFFFFF' autoscale='1' font='Alfphabet' fontstyle='Bold' fontsize='20.85089'>
<content>0</content>
<content>1</content>
<content>2</content>
<content>3</content>
<content>4</content>
<content>5</content>
<content>6</content>
<content>7</content>
<content>8</content>
<content>9</content>
<content>:</content>
</metadata>
-->
</drawables>