<?xml version="1.0" encoding="utf-8"?>
<clockskin>
	<drawable>
		<name>Batt rotate.png</name>
		<rotate>6</rotate>
		<centerX>-2</centerX>
		<centerY>4</centerY>
		<direction>1</direction>
		<mulrotate>-2</mulrotate>
	</drawable>
	<drawable>
		<name>Hatch.png</name>
		<centerX>-1</centerX>
		<centerY>-1</centerY>
	</drawable>
	<drawable>
		<name>Base_2.png</name>
	</drawable>
	<drawable>
		<name>Figures green.png</name>
	</drawable>
	<drawable>
		<name>Circul.png</name>
	</drawable>
	<drawable>
		<name>Big Circul.png</name>
	</drawable>
	<drawable>
		<name>Tourbillon base.png</name>
		<centerY>10</centerY>
	</drawable>
	<drawable>
		<name>Balance Wheel__.png</name>
		<rotate>3</rotate>
		<centerY>112</centerY>
		<mulrotate>50</mulrotate>
	</drawable>
	<drawable>
		<name>Balans_2.png</name>
		<rotate>3</rotate>
		<centerY>112</centerY>
		<mulrotate>200</mulrotate>
	</drawable>
	<drawable>
		<name>Balans_3.png</name>
		<rotate>3</rotate>
		<centerY>112</centerY>
		<mulrotate>30</mulrotate>
	</drawable>
	<drawable>
		<name>Spring_blue.png</name>
		<centerY>112</centerY>
	</drawable>
	<drawable>
		<name>Flying Tourbillon_red.png</name>
		<rotate>3</rotate>
		<centerY>112</centerY>
	</drawable>
	<drawable>
		<name>Batt frame_2.png</name>
		<centerX>-2</centerX>
	</drawable>
	<drawable>
		<name>Ring of Tourbillon base.png</name>
	</drawable>
	<drawable>
		<name>HH_2.png</name>
		<rotate>1</rotate>
	</drawable>
	<drawable>
		<name>MH_2.png</name>
		<rotate>2</rotate>
	</drawable>
	<drawable>
		<name>center.png</name>
		<rotate>2</rotate>
	</drawable>
	<drawable>
		<name>6.png</name>
		<centerY>190</centerY>
	</drawable>
<!--COMMENTED BY ClockSkinMaker
<metadata gui='rra' version='2.0.0.2'/>
-->
</clockskin>