<?xml version="1.0" encoding="utf-8"?>
<clockskin>
	<drawable>
		<name>background.png</name>
	</drawable>
	<drawable>
		<name>wd.xml</name>
		<arraytype>5</arraytype>
	</drawable>
	<drawable>
		<name>day.png</name>
	</drawable>
	<drawable>
		<name>GGG.png</name>
	</drawable>
	<drawable>
		<name>TET.png</name>
	</drawable>
	<drawable>
		<color>1</color>
		<arraytype>99</arraytype>
		<centerX>-13</centerX>
		<centerY>122</centerY>
	</drawable>
	<drawable>
		<name>STEPS.xml</name>
		<arraytype>12</arraytype>
		<centerY>150</centerY>
	</drawable>
	<drawable>
		<name>BATT.xml</name>
		<arraytype>14</arraytype>
		<centerX>80</centerX>
		<centerY>121</centerY>
	</drawable>
	<drawable>
		<name>TEMP.xml</name>
		<arraytype>11</arraytype>
		<centerX>-65</centerX>
		<centerY>125</centerY>
	</drawable>
	<drawable>
		<name>weather_array.xml</name>
		<arraytype>10</arraytype>
		<centerX>-114</centerX>
		<centerY>125</centerY>
	</drawable>
	<drawable>
		<name>SEC.xml</name>
		<arraytype>9</arraytype>
		<centerX>142</centerX>
		<centerY>77</centerY>
	</drawable>
	<drawable>
		<name>MONTH.xml</name>
		<arraytype>3</arraytype>
		<centerX>-161</centerX>
		<centerY>-25</centerY>
	</drawable>
	<drawable>
		<name>DAYQD.xml</name>
		<arraytype>4</arraytype>
		<centerX>164</centerX>
		<centerY>-24</centerY>
	</drawable>
	<drawable>
		<name>HM.xml</name>
		<arraytype>6</arraytype>
		<centerY>57</centerY>
	</drawable>
	<drawable>
		<name>AM&amp;PM.xml</name>
		<arraytype>6</arraytype>
		<centerX>137</centerX>
		<centerY>38</centerY>
	</drawable>
	<drawable>
		<name>moon_phase.xml</name>
		<arraytype>19</arraytype>
		<centerX>-153</centerX>
		<centerY>63</centerY>
	</drawable>
	<drawable>
		<name>hour.png</name>
		<rotate>1</rotate>
	</drawable>
	<drawable>
		<name>mint.png</name>
		<rotate>2</rotate>
	</drawable>
	<drawable>
		<name>sec.png</name>
		<rotate>3</rotate>
	</drawable>
<!--COMMENTED BY ClockSkinMaker
<metadata gui='rra' version='1.4.0.0'/>
-->
</clockskin>