<?xml version="1.0" encoding="utf-8"?>
<clockskin>
	<drawable>
		<name>Back.png</name>
	</drawable>
	<drawable>
		<name>HATCH.png</name>
	</drawable>
	<drawable>
		<name>12 Ticks.png</name>
	</drawable>
	<drawable>
		<name>60 Ticks.png</name>
	</drawable>
	<drawable>
		<name>12 Ticks_2.png</name>
	</drawable>
	<drawable>
		<name>Frame.png</name>
	</drawable>
	<drawable>
		<name>Figures.png</name>
	</drawable>
	<drawable>
		<name>batt base.png</name>
	</drawable>
	<drawable>
		<name>Batt rotate.png</name>
		<rotate>6</rotate>
	</drawable>
	<drawable>
		<name>Array Day.xml</name>
		<arraytype>4</arraytype>
		<centerY>110</centerY>
	</drawable>
	<drawable>
		<name>HH_2.png</name>
		<rotate>1</rotate>
	</drawable>
	<drawable>
		<name>MH_2.png</name>
		<rotate>2</rotate>
	</drawable>
	<drawable>
		<name>SH.png</name>
		<rotate>3</rotate>
	</drawable>
	<drawable>
		<name>SH_center_3.png</name>
	</drawable>
<!--COMMENTED BY ClockSkinMaker
<metadata gui='rra' version='2.0.0.2'/>
-->
</clockskin>